{
    "LATENCY": {
        "Latency": 1000
    },
    "HLS": {
        "LUT": 31211,
        "FF": 5109,
        "DSP": 48,
        "BRAM": 0,
        "URAM": 0,
        "CP": 7.241
    },
    "SYN": {
        "LUT": 5060,
        "FF": 3898,
        "DSP": 48,
        "BRAM": 0,
        "URAM": 0,
        "SRL": 0,
        "CP": 7.223
    },
    "IMPL": {
        "LUT": 4994,
        "FF": 3886,
        "DSP": 48,
        "BRAM": 0,
        "URAM": 0,
        "SRL": 0,
        "CP": 8.451,
        "PWR": 0.266
    }
}