{
    "LATENCY": {
        "Latency": 1000
    },
    "HLS": {
        "LUT": 66005,
        "FF": 10349,
        "DSP": 48,
        "BRAM": 0,
        "URAM": 0,
        "CP": 7.241
    },
    "SYN": {
        "LUT": 9046,
        "FF": 7731,
        "DSP": 48,
        "BRAM": 0,
        "URAM": 0,
        "SRL": 0,
        "CP": 7.223
    },
    "IMPL": {
        "LUT": 8957,
        "FF": 7719,
        "DSP": 48,
        "BRAM": 0,
        "URAM": 0,
        "SRL": 0,
        "CP": 8.862,
        "PWR": 0.306
    }
}