{
    "LATENCY": {
        "Latency": 1000
    },
    "HLS": {
        "LUT": 7610,
        "FF": 2986,
        "DSP": 27,
        "BRAM": 0,
        "URAM": 0,
        "CP": 7.148
    },
    "SYN": {
        "LUT": 2713,
        "FF": 2634,
        "DSP": 27,
        "BRAM": 0,
        "URAM": 0,
        "SRL": 0,
        "CP": 7.223
    },
    "IMPL": {
        "LUT": 2662,
        "FF": 2626,
        "DSP": 27,
        "BRAM": 0,
        "URAM": 0,
        "SRL": 0,
        "CP": 7.818,
        "PWR": 0.281
    }
}