{
    "LATENCY": {
        "Latency": 1000
    },
    "HLS": {
        "LUT": 4538,
        "FF": 4890,
        "DSP": 48,
        "BRAM": 0,
        "URAM": 0,
        "CP": 7.148
    },
    "SYN": {
        "LUT": 4024,
        "FF": 4088,
        "DSP": 48,
        "BRAM": 0,
        "URAM": 0,
        "SRL": 0,
        "CP": 7.223
    },
    "IMPL": {
        "LUT": 3959,
        "FF": 4074,
        "DSP": 48,
        "BRAM": 0,
        "URAM": 0,
        "SRL": 0,
        "CP": 8.168,
        "PWR": 0.347
    }
}