{
    "LATENCY": {
        "Latency": 1000
    },
    "HLS": {
        "LUT": 3017,
        "FF": 3390,
        "DSP": 48,
        "BRAM": 0,
        "URAM": 0,
        "CP": 7.148
    },
    "SYN": {
        "LUT": 2452,
        "FF": 2729,
        "DSP": 48,
        "BRAM": 0,
        "URAM": 0,
        "SRL": 0,
        "CP": 7.223
    },
    "IMPL": {
        "LUT": 2401,
        "FF": 2717,
        "DSP": 48,
        "BRAM": 0,
        "URAM": 0,
        "SRL": 0,
        "CP": 8.005,
        "PWR": 0.333
    }
}