{
    "LATENCY": {
        "Latency": 1000
    },
    "HLS": {
        "LUT": 17719,
        "FF": 4470,
        "DSP": 48,
        "BRAM": 0,
        "URAM": 0,
        "CP": 7.148
    },
    "SYN": {
        "LUT": 3796,
        "FF": 3497,
        "DSP": 48,
        "BRAM": 0,
        "URAM": 0,
        "SRL": 0,
        "CP": 7.223
    },
    "IMPL": {
        "LUT": 3741,
        "FF": 3485,
        "DSP": 48,
        "BRAM": 0,
        "URAM": 0,
        "SRL": 0,
        "CP": 8.155,
        "PWR": 0.301
    }
}