{
    "LATENCY": {
        "Latency": 1000
    },
    "HLS": {
        "LUT": 24425,
        "FF": 4737,
        "DSP": 28,
        "BRAM": 0,
        "URAM": 0,
        "CP": 7.148
    },
    "SYN": {
        "LUT": 7578,
        "FF": 3924,
        "DSP": 28,
        "BRAM": 0,
        "URAM": 0,
        "SRL": 0,
        "CP": 7.223
    },
    "IMPL": {
        "LUT": 7420,
        "FF": 3912,
        "DSP": 28,
        "BRAM": 0,
        "URAM": 0,
        "SRL": 0,
        "CP": 8.14,
        "PWR": 0.303
    }
}