{
    "LATENCY": {
        "Latency": 1000
    },
    "HLS": {
        "LUT": 20953,
        "FF": 4948,
        "DSP": 27,
        "BRAM": 0,
        "URAM": 0,
        "CP": 7.249
    },
    "SYN": {
        "LUT": 5031,
        "FF": 4002,
        "DSP": 27,
        "BRAM": 0,
        "URAM": 0,
        "SRL": 0,
        "CP": 7.223
    },
    "IMPL": {
        "LUT": 4965,
        "FF": 3994,
        "DSP": 27,
        "BRAM": 0,
        "URAM": 0,
        "SRL": 0,
        "CP": 7.355,
        "PWR": 0.28
    }
}