{
    "LATENCY": {
        "Latency": 1000
    },
    "HLS": {
        "LUT": 16843,
        "FF": 4083,
        "DSP": 48,
        "BRAM": 0,
        "URAM": 0,
        "CP": 7.148
    },
    "SYN": {
        "LUT": 3482,
        "FF": 3188,
        "DSP": 48,
        "BRAM": 0,
        "URAM": 0,
        "SRL": 0,
        "CP": 7.223
    },
    "IMPL": {
        "LUT": 3420,
        "FF": 3176,
        "DSP": 48,
        "BRAM": 0,
        "URAM": 0,
        "SRL": 0,
        "CP": 8.068,
        "PWR": 0.304
    }
}