{
    "LATENCY": {
        "Latency": 1000
    },
    "HLS": {
        "LUT": 16844,
        "FF": 4218,
        "DSP": 48,
        "BRAM": 0,
        "URAM": 0,
        "CP": 7.148
    },
    "SYN": {
        "LUT": 3333,
        "FF": 3572,
        "DSP": 48,
        "BRAM": 0,
        "URAM": 0,
        "SRL": 0,
        "CP": 7.223
    },
    "IMPL": {
        "LUT": 3279,
        "FF": 3560,
        "DSP": 48,
        "BRAM": 0,
        "URAM": 0,
        "SRL": 0,
        "CP": 8.414,
        "PWR": 0.339
    }
}