{
    "LATENCY": {
        "Latency": 1000
    },
    "HLS": {
        "LUT": 78399,
        "FF": 10680,
        "DSP": 48,
        "BRAM": 0,
        "URAM": 0,
        "CP": 7.241
    },
    "SYN": {
        "LUT": 12038,
        "FF": 7420,
        "DSP": 48,
        "BRAM": 0,
        "URAM": 0,
        "SRL": 0,
        "CP": 7.223
    },
    "IMPL": {
        "LUT": 11951,
        "FF": 7408,
        "DSP": 48,
        "BRAM": 0,
        "URAM": 0,
        "SRL": 0,
        "CP": 9.026,
        "PWR": 0.317
    }
}