{
    "LATENCY": {
        "Latency": 1000
    },
    "HLS": {
        "LUT": 6399,
        "FF": 4795,
        "DSP": 48,
        "BRAM": 0,
        "URAM": 0,
        "CP": 7.148
    },
    "SYN": {
        "LUT": 3408,
        "FF": 3900,
        "DSP": 48,
        "BRAM": 0,
        "URAM": 0,
        "SRL": 0,
        "CP": 7.223
    },
    "IMPL": {
        "LUT": 3351,
        "FF": 3888,
        "DSP": 48,
        "BRAM": 0,
        "URAM": 0,
        "SRL": 0,
        "CP": 8.768,
        "PWR": 0.346
    }
}