{
    "LATENCY": {
        "Latency": 1000
    },
    "HLS": {
        "LUT": 17620,
        "FF": 4545,
        "DSP": 48,
        "BRAM": 0,
        "URAM": 0,
        "CP": 7.148
    },
    "SYN": {
        "LUT": 3911,
        "FF": 3841,
        "DSP": 48,
        "BRAM": 0,
        "URAM": 0,
        "SRL": 0,
        "CP": 7.223
    },
    "IMPL": {
        "LUT": 3846,
        "FF": 3827,
        "DSP": 48,
        "BRAM": 0,
        "URAM": 0,
        "SRL": 0,
        "CP": 8.679,
        "PWR": 0.353
    }
}