{
    "LATENCY": {
        "Latency": 1000
    },
    "HLS": {
        "LUT": 21361,
        "FF": 4368,
        "DSP": 48,
        "BRAM": 0,
        "URAM": 0,
        "CP": 7.148
    },
    "SYN": {
        "LUT": 4275,
        "FF": 3319,
        "DSP": 48,
        "BRAM": 0,
        "URAM": 0,
        "SRL": 0,
        "CP": 7.223
    },
    "IMPL": {
        "LUT": 4218,
        "FF": 3307,
        "DSP": 48,
        "BRAM": 0,
        "URAM": 0,
        "SRL": 0,
        "CP": 8.018,
        "PWR": 0.299
    }
}