{
    "LATENCY": {
        "best_latency": 151233,
        "worst_latency": 151233,
        "average_latency": 151233,
        "best_time_latency": "1.512 ms",
        "worst_time_latency": "1.512 ms",
        "average_time_latency": "1.512 ms",
        "min_interval": 151234,
        "max_interval": 151234,
        "Latency": 151233
    },
    "HLS": {
        "LUT": 5997,
        "FF": 14608,
        "DSP": 26,
        "BRAM": 0,
        "URAM": 0,
        "CP": 7.027
    },
    "IMPL": {
        "LUT": 7705,
        "FF": 14787,
        "DSP": 26,
        "BRAM": 0,
        "CP": 8.985,
        "PWR": 0.302
    }
}