{
    "LATENCY": {
        "best_latency": 85121,
        "worst_latency": 85121,
        "average_latency": 85121,
        "best_time_latency": "0.851 ms",
        "worst_time_latency": "0.851 ms",
        "average_time_latency": "0.851 ms",
        "min_interval": 85122,
        "max_interval": 85122,
        "Latency": 85121
    },
    "HLS": {
        "LUT": 20544,
        "FF": 25440,
        "DSP": 12,
        "BRAM": 0,
        "URAM": 0,
        "CP": 7.112
    },
    "IMPL": {
        "LUT": 23236,
        "FF": 25785,
        "DSP": 12,
        "BRAM": 0,
        "CP": 9.578,
        "PWR": 0.342
    }
}