{
    "LATENCY": {
        "best_latency": 2633729,
        "worst_latency": 2633729,
        "average_latency": 2633729,
        "best_time_latency": "26.337 ms",
        "worst_time_latency": "26.337 ms",
        "average_time_latency": "26.337 ms",
        "min_interval": 2633730,
        "max_interval": 2633730,
        "Latency": 2633729
    },
    "HLS": {
        "LUT": 6238,
        "FF": 1187,
        "DSP": 0,
        "BRAM": 0,
        "URAM": 0,
        "CP": 6.886
    },
    "IMPL": {
        "LUT": 3183,
        "FF": 1064,
        "DSP": 0,
        "BRAM": 0,
        "CP": 7.584,
        "PWR": 0.328
    }
}