{
    "LATENCY": {
        "best_latency": 131368,
        "worst_latency": 131368,
        "average_latency": 131368,
        "best_time_latency": "1.314 ms",
        "worst_time_latency": "1.314 ms",
        "average_time_latency": "1.314 ms",
        "min_interval": 131369,
        "max_interval": 131369,
        "Latency": 131368
    },
    "HLS": {
        "LUT": 13902,
        "FF": 11480,
        "DSP": 6,
        "BRAM": 0,
        "URAM": 0,
        "CP": 7.112
    },
    "IMPL": {
        "LUT": 10235,
        "FF": 11415,
        "DSP": 6,
        "BRAM": 0,
        "CP": 8.394,
        "PWR": 0.275
    }
}