{
    "LATENCY": {
        "best_latency": 131337,
        "worst_latency": 131337,
        "average_latency": 131337,
        "best_time_latency": "1.313 ms",
        "worst_time_latency": "1.313 ms",
        "average_time_latency": "1.313 ms",
        "min_interval": 131338,
        "max_interval": 131338,
        "Latency": 131337
    },
    "HLS": {
        "LUT": 7497,
        "FF": 20719,
        "DSP": 26,
        "BRAM": 0,
        "URAM": 0,
        "CP": 7.061
    },
    "IMPL": {
        "LUT": 9095,
        "FF": 22316,
        "DSP": 26,
        "BRAM": 0,
        "CP": 9.422,
        "PWR": 0.3
    }
}