{
    "LATENCY": {
        "best_latency": 1091585,
        "worst_latency": 1091585,
        "average_latency": 1091585,
        "best_time_latency": "10.916 ms",
        "worst_time_latency": "10.916 ms",
        "average_time_latency": "10.916 ms",
        "min_interval": 1091586,
        "max_interval": 1091586,
        "Latency": 1091585
    },
    "HLS": {
        "LUT": 3492,
        "FF": 2014,
        "DSP": 10,
        "BRAM": 0,
        "URAM": 0,
        "CP": 7.135
    },
    "IMPL": {
        "LUT": 1529,
        "FF": 1906,
        "DSP": 10,
        "BRAM": 0,
        "CP": 7.115,
        "PWR": 0.285
    }
}