{
    "LATENCY": {
        "best_latency": 131339,
        "worst_latency": 131339,
        "average_latency": 131339,
        "best_time_latency": "1.313 ms",
        "worst_time_latency": "1.313 ms",
        "average_time_latency": "1.313 ms",
        "min_interval": 131340,
        "max_interval": 131340,
        "Latency": 131339
    },
    "HLS": {
        "LUT": 13403,
        "FF": 19735,
        "DSP": 26,
        "BRAM": 0,
        "URAM": 0,
        "CP": 7.061
    },
    "IMPL": {
        "LUT": 9327,
        "FF": 20956,
        "DSP": 26,
        "BRAM": 0,
        "CP": 8.995,
        "PWR": 0.35
    }
}