{
    "LATENCY": {
        "best_latency": 1089633,
        "worst_latency": 1089633,
        "average_latency": 1089633,
        "best_time_latency": "10.896 ms",
        "worst_time_latency": "10.896 ms",
        "average_time_latency": "10.896 ms",
        "min_interval": 1089634,
        "max_interval": 1089634,
        "Latency": 1089633
    },
    "HLS": {
        "LUT": 5887,
        "FF": 2211,
        "DSP": 0,
        "BRAM": 0,
        "URAM": 0,
        "CP": 7.135
    },
    "IMPL": {
        "LUT": 3894,
        "FF": 2110,
        "DSP": 0,
        "BRAM": 0,
        "CP": 7.716,
        "PWR": 0.351
    }
}