{
    "LATENCY": {
        "best_latency": 2633857,
        "worst_latency": 2633857,
        "average_latency": 2633857,
        "best_time_latency": "26.339 ms",
        "worst_time_latency": "26.339 ms",
        "average_time_latency": "26.339 ms",
        "min_interval": 2633858,
        "max_interval": 2633858,
        "Latency": 2633857
    },
    "HLS": {
        "LUT": 5815,
        "FF": 1156,
        "DSP": 0,
        "BRAM": 0,
        "URAM": 0,
        "CP": 6.886
    },
    "IMPL": {
        "LUT": 3280,
        "FF": 1049,
        "DSP": 0,
        "BRAM": 0,
        "CP": 7.662,
        "PWR": 0.342
    }
}