{
    "LATENCY": {
        "best_latency": 85633,
        "worst_latency": 85633,
        "average_latency": 85633,
        "best_time_latency": "0.856 ms",
        "worst_time_latency": "0.856 ms",
        "average_time_latency": "0.856 ms",
        "min_interval": 85634,
        "max_interval": 85634,
        "Latency": 85633
    },
    "HLS": {
        "LUT": 20850,
        "FF": 25354,
        "DSP": 12,
        "BRAM": 0,
        "URAM": 0,
        "CP": 7.112
    },
    "IMPL": {
        "LUT": 21914,
        "FF": 26103,
        "DSP": 12,
        "BRAM": 0,
        "CP": 9.897,
        "PWR": 0.338
    }
}