{
    "LATENCY": {
        "best_latency": 1349729,
        "worst_latency": 1349729,
        "average_latency": 1349729,
        "best_time_latency": "13.497 ms",
        "worst_time_latency": "13.497 ms",
        "average_time_latency": "13.497 ms",
        "min_interval": 1349730,
        "max_interval": 1349730,
        "Latency": 1349729
    },
    "HLS": {
        "LUT": 4692,
        "FF": 3200,
        "DSP": 3,
        "BRAM": 0,
        "URAM": 0,
        "CP": 6.709
    },
    "IMPL": {
        "LUT": 4685,
        "FF": 2927,
        "DSP": 4,
        "BRAM": 0,
        "CP": 7.448,
        "PWR": 0.348
    }
}