{
    "LATENCY": {
        "best_latency": 1093729,
        "worst_latency": 1093729,
        "average_latency": 1093729,
        "best_time_latency": "10.937 ms",
        "worst_time_latency": "10.937 ms",
        "average_time_latency": "10.937 ms",
        "min_interval": 1093730,
        "max_interval": 1093730,
        "Latency": 1093729
    },
    "HLS": {
        "LUT": 6076,
        "FF": 2057,
        "DSP": 10,
        "BRAM": 0,
        "URAM": 0,
        "CP": 7.135
    },
    "IMPL": {
        "LUT": 1361,
        "FF": 1930,
        "DSP": 10,
        "BRAM": 0,
        "CP": 7.11,
        "PWR": 0.287
    }
}