{
    "LATENCY": {
        "best_latency": 86593,
        "worst_latency": 86593,
        "average_latency": 86593,
        "best_time_latency": "0.866 ms",
        "worst_time_latency": "0.866 ms",
        "average_time_latency": "0.866 ms",
        "min_interval": 86594,
        "max_interval": 86594,
        "Latency": 86593
    },
    "HLS": {
        "LUT": 23023,
        "FF": 27965,
        "DSP": 12,
        "BRAM": 0,
        "URAM": 0,
        "CP": 7.095
    },
    "IMPL": {
        "LUT": 24906,
        "FF": 27985,
        "DSP": 12,
        "BRAM": 0,
        "CP": 9.191,
        "PWR": 0.415
    }
}