{
    "LATENCY": {
        "best_latency": 87745,
        "worst_latency": 87745,
        "average_latency": 87745,
        "best_time_latency": "0.877 ms",
        "worst_time_latency": "0.877 ms",
        "average_time_latency": "0.877 ms",
        "min_interval": 87746,
        "max_interval": 87746,
        "Latency": 87745
    },
    "HLS": {
        "LUT": 9087,
        "FF": 21161,
        "DSP": 52,
        "BRAM": 0,
        "URAM": 0,
        "CP": 7.01
    },
    "IMPL": {
        "LUT": 10427,
        "FF": 20736,
        "DSP": 52,
        "BRAM": 0,
        "CP": 8.982,
        "PWR": 0.414
    }
}