{
    "LATENCY": {
        "best_latency": 65835,
        "worst_latency": 65835,
        "average_latency": 65835,
        "best_time_latency": "0.658 ms",
        "worst_time_latency": "0.658 ms",
        "average_time_latency": "0.658 ms",
        "min_interval": 65836,
        "max_interval": 65836,
        "Latency": 65835
    },
    "HLS": {
        "LUT": 12027,
        "FF": 26869,
        "DSP": 52,
        "BRAM": 0,
        "URAM": 0,
        "CP": 7.027
    },
    "IMPL": {
        "LUT": 13934,
        "FF": 26586,
        "DSP": 52,
        "BRAM": 0,
        "CP": 8.774,
        "PWR": 0.363
    }
}