{
    "LATENCY": {
        "best_latency": 131369,
        "worst_latency": 131369,
        "average_latency": 131369,
        "best_time_latency": "1.314 ms",
        "worst_time_latency": "1.314 ms",
        "average_time_latency": "1.314 ms",
        "min_interval": 131370,
        "max_interval": 131370,
        "Latency": 131369
    },
    "HLS": {
        "LUT": 6561,
        "FF": 10680,
        "DSP": 26,
        "BRAM": 0,
        "URAM": 0,
        "CP": 7.027
    },
    "IMPL": {
        "LUT": 5793,
        "FF": 10862,
        "DSP": 26,
        "BRAM": 0,
        "CP": 8.03,
        "PWR": 0.283
    }
}