{
    "LATENCY": {
        "best_latency": 152257,
        "worst_latency": 152257,
        "average_latency": 152257,
        "best_time_latency": "1.523 ms",
        "worst_time_latency": "1.523 ms",
        "average_time_latency": "1.523 ms",
        "min_interval": 152258,
        "max_interval": 152258,
        "Latency": 152257
    },
    "HLS": {
        "LUT": 6630,
        "FF": 18644,
        "DSP": 26,
        "BRAM": 0,
        "URAM": 0,
        "CP": 7.027
    },
    "IMPL": {
        "LUT": 8496,
        "FF": 18705,
        "DSP": 26,
        "BRAM": 0,
        "CP": 9.079,
        "PWR": 0.312
    }
}