{
    "LATENCY": {
        "best_latency": 1093761,
        "worst_latency": 1093761,
        "average_latency": 1093761,
        "best_time_latency": "10.938 ms",
        "worst_time_latency": "10.938 ms",
        "average_time_latency": "10.938 ms",
        "min_interval": 1093762,
        "max_interval": 1093762,
        "Latency": 1093761
    },
    "HLS": {
        "LUT": 2191,
        "FF": 1340,
        "DSP": 10,
        "BRAM": 0,
        "URAM": 0,
        "CP": 7.135
    },
    "IMPL": {
        "LUT": 1089,
        "FF": 1234,
        "DSP": 10,
        "BRAM": 0,
        "CP": 6.866,
        "PWR": 0.266
    }
}