{
    "LATENCY": {
        "best_latency": 1353825,
        "worst_latency": 1353825,
        "average_latency": 1353825,
        "best_time_latency": "13.538 ms",
        "worst_time_latency": "13.538 ms",
        "average_time_latency": "13.538 ms",
        "min_interval": 1353826,
        "max_interval": 1353826,
        "Latency": 1353825
    },
    "HLS": {
        "LUT": 7634,
        "FF": 3015,
        "DSP": 13,
        "BRAM": 0,
        "URAM": 0,
        "CP": 6.886
    },
    "IMPL": {
        "LUT": 2820,
        "FF": 2796,
        "DSP": 13,
        "BRAM": 0,
        "CP": 6.79,
        "PWR": 0.293
    }
}