{
    "LATENCY": {
        "best_latency": 1353729,
        "worst_latency": 1353729,
        "average_latency": 1353729,
        "best_time_latency": "13.537 ms",
        "worst_time_latency": "13.537 ms",
        "average_time_latency": "13.537 ms",
        "min_interval": 1353730,
        "max_interval": 1353730,
        "Latency": 1353729
    },
    "HLS": {
        "LUT": 4359,
        "FF": 2241,
        "DSP": 3,
        "BRAM": 0,
        "URAM": 0,
        "CP": 6.709
    },
    "IMPL": {
        "LUT": 4366,
        "FF": 2191,
        "DSP": 2,
        "BRAM": 0,
        "CP": 7.538,
        "PWR": 0.289
    }
}