{
    "LATENCY": {
        "best_latency": 833537,
        "worst_latency": 833537,
        "average_latency": 833537,
        "best_time_latency": "8.335 ms",
        "worst_time_latency": "8.335 ms",
        "average_time_latency": "8.335 ms",
        "min_interval": 833538,
        "max_interval": 833538,
        "Latency": 833537
    },
    "HLS": {
        "LUT": 4100,
        "FF": 1362,
        "DSP": 10,
        "BRAM": 0,
        "URAM": 0,
        "CP": 7.135
    },
    "IMPL": {
        "LUT": 1490,
        "FF": 1162,
        "DSP": 10,
        "BRAM": 0,
        "CP": 7.094,
        "PWR": 0.279
    }
}