{
    "LATENCY": {
        "best_latency": 3158017,
        "worst_latency": 3158017,
        "average_latency": 3158017,
        "best_time_latency": "31.580 ms",
        "worst_time_latency": "31.580 ms",
        "average_time_latency": "31.580 ms",
        "min_interval": 3158018,
        "max_interval": 3158018,
        "Latency": 3158017
    },
    "HLS": {
        "LUT": 2927,
        "FF": 1092,
        "DSP": 13,
        "BRAM": 0,
        "URAM": 0,
        "CP": 6.886
    },
    "IMPL": {
        "LUT": 901,
        "FF": 973,
        "DSP": 13,
        "BRAM": 0,
        "CP": 6.765,
        "PWR": 0.294
    }
}