{
    "LATENCY": {
        "best_latency": 131278,
        "worst_latency": 131278,
        "average_latency": 131278,
        "best_time_latency": "1.313 ms",
        "worst_time_latency": "1.313 ms",
        "average_time_latency": "1.313 ms",
        "min_interval": 131279,
        "max_interval": 131279,
        "Latency": 131278
    },
    "HLS": {
        "LUT": 9061,
        "FF": 23172,
        "DSP": 20,
        "BRAM": 0,
        "URAM": 0,
        "CP": 7.061
    },
    "IMPL": {
        "LUT": 10566,
        "FF": 24950,
        "DSP": 19,
        "BRAM": 0,
        "CP": 8.847,
        "PWR": 0.312
    }
}