{
    "LATENCY": {
        "best_latency": 1101825,
        "worst_latency": 1101825,
        "average_latency": 1101825,
        "best_time_latency": "11.018 ms",
        "worst_time_latency": "11.018 ms",
        "average_time_latency": "11.018 ms",
        "min_interval": 1101826,
        "max_interval": 1101826,
        "Latency": 1101825
    },
    "HLS": {
        "LUT": 5585,
        "FF": 1818,
        "DSP": 10,
        "BRAM": 0,
        "URAM": 0,
        "CP": 7.135
    },
    "IMPL": {
        "LUT": 1238,
        "FF": 1668,
        "DSP": 10,
        "BRAM": 0,
        "CP": 6.93,
        "PWR": 0.269
    }
}