{
    "LATENCY": {
        "best_latency": 1353729,
        "worst_latency": 1353729,
        "average_latency": 1353729,
        "best_time_latency": "13.537 ms",
        "worst_time_latency": "13.537 ms",
        "average_time_latency": "13.537 ms",
        "min_interval": 1353730,
        "max_interval": 1353730,
        "Latency": 1353729
    },
    "HLS": {
        "LUT": 1618,
        "FF": 1838,
        "DSP": 13,
        "BRAM": 0,
        "URAM": 0,
        "CP": 6.709
    },
    "IMPL": {
        "LUT": 1379,
        "FF": 1739,
        "DSP": 12,
        "BRAM": 0,
        "CP": 6.676,
        "PWR": 0.271
    }
}