{
    "LATENCY": {
        "best_latency": 3151873,
        "worst_latency": 3151873,
        "average_latency": 3151873,
        "best_time_latency": "31.519 ms",
        "worst_time_latency": "31.519 ms",
        "average_time_latency": "31.519 ms",
        "min_interval": 3151874,
        "max_interval": 3151874,
        "Latency": 3151873
    },
    "HLS": {
        "LUT": 3215,
        "FF": 1318,
        "DSP": 13,
        "BRAM": 0,
        "URAM": 0,
        "CP": 6.504
    },
    "IMPL": {
        "LUT": 1167,
        "FF": 1155,
        "DSP": 13,
        "BRAM": 0,
        "CP": 6.942,
        "PWR": 0.277
    }
}