{
    "LATENCY": {
        "best_latency": 829441,
        "worst_latency": 829441,
        "average_latency": 829441,
        "best_time_latency": "8.294 ms",
        "worst_time_latency": "8.294 ms",
        "average_time_latency": "8.294 ms",
        "min_interval": 829442,
        "max_interval": 829442,
        "Latency": 829441
    },
    "HLS": {
        "LUT": 6482,
        "FF": 1427,
        "DSP": 0,
        "BRAM": 0,
        "URAM": 0,
        "CP": 7.135
    },
    "IMPL": {
        "LUT": 3175,
        "FF": 1306,
        "DSP": 0,
        "BRAM": 0,
        "CP": 7.472,
        "PWR": 0.314
    }
}