{
    "LATENCY": {
        "best_latency": 1095681,
        "worst_latency": 1095681,
        "average_latency": 1095681,
        "best_time_latency": "10.957 ms",
        "worst_time_latency": "10.957 ms",
        "average_time_latency": "10.957 ms",
        "min_interval": 1095682,
        "max_interval": 1095682,
        "Latency": 1095681
    },
    "HLS": {
        "LUT": 1494,
        "FF": 1322,
        "DSP": 13,
        "BRAM": 0,
        "URAM": 0,
        "CP": 6.709
    },
    "IMPL": {
        "LUT": 1144,
        "FF": 1123,
        "DSP": 13,
        "BRAM": 0,
        "CP": 6.772,
        "PWR": 0.28
    }
}