{
    "LATENCY": {
        "best_latency": 1978369,
        "worst_latency": 1978369,
        "average_latency": 1978369,
        "best_time_latency": "19.784 ms",
        "worst_time_latency": "19.784 ms",
        "average_time_latency": "19.784 ms",
        "min_interval": 1978370,
        "max_interval": 1978370,
        "Latency": 1978369
    },
    "HLS": {
        "LUT": 3896,
        "FF": 1206,
        "DSP": 10,
        "BRAM": 0,
        "URAM": 0,
        "CP": 6.886
    },
    "IMPL": {
        "LUT": 1037,
        "FF": 1056,
        "DSP": 10,
        "BRAM": 0,
        "CP": 7.048,
        "PWR": 0.285
    }
}