{
    "LATENCY": {
        "best_latency": 833537,
        "worst_latency": 833537,
        "average_latency": 833537,
        "best_time_latency": "8.335 ms",
        "worst_time_latency": "8.335 ms",
        "average_time_latency": "8.335 ms",
        "min_interval": 833538,
        "max_interval": 833538,
        "Latency": 833537
    },
    "HLS": {
        "LUT": 4937,
        "FF": 1360,
        "DSP": 10,
        "BRAM": 0,
        "URAM": 0,
        "CP": 7.135
    },
    "IMPL": {
        "LUT": 1154,
        "FF": 1078,
        "DSP": 10,
        "BRAM": 0,
        "CP": 7.025,
        "PWR": 0.268
    }
}