{
    "LATENCY": {
        "best_latency": 65774,
        "worst_latency": 65774,
        "average_latency": 65774,
        "best_time_latency": "0.658 ms",
        "worst_time_latency": "0.658 ms",
        "average_time_latency": "0.658 ms",
        "min_interval": 65775,
        "max_interval": 65775,
        "Latency": 65774
    },
    "HLS": {
        "LUT": 65621,
        "FF": 28244,
        "DSP": 40,
        "BRAM": 0,
        "URAM": 0,
        "CP": 7.027
    },
    "IMPL": {
        "LUT": 16280,
        "FF": 28132,
        "DSP": 40,
        "BRAM": 0,
        "CP": 8.75,
        "PWR": 0.386
    }
}