{
    "LATENCY": {
        "best_latency": 65773,
        "worst_latency": 65773,
        "average_latency": 65773,
        "best_time_latency": "0.658 ms",
        "worst_time_latency": "0.658 ms",
        "average_time_latency": "0.658 ms",
        "min_interval": 65774,
        "max_interval": 65774,
        "Latency": 65773
    },
    "HLS": {
        "LUT": 75333,
        "FF": 29024,
        "DSP": 0,
        "BRAM": 0,
        "URAM": 0,
        "CP": 7.112
    },
    "IMPL": {
        "LUT": 23974,
        "FF": 28893,
        "DSP": 0,
        "BRAM": 0,
        "CP": 9.199,
        "PWR": 0.391
    }
}