{
    "LATENCY": {
        "best_latency": 1091585,
        "worst_latency": 1091585,
        "average_latency": 1091585,
        "best_time_latency": "10.916 ms",
        "worst_time_latency": "10.916 ms",
        "average_time_latency": "10.916 ms",
        "min_interval": 1091586,
        "max_interval": 1091586,
        "Latency": 1091585
    },
    "HLS": {
        "LUT": 6432,
        "FF": 1552,
        "DSP": 3,
        "BRAM": 0,
        "URAM": 0,
        "CP": 6.886
    },
    "IMPL": {
        "LUT": 3301,
        "FF": 1390,
        "DSP": 3,
        "BRAM": 0,
        "CP": 7.299,
        "PWR": 0.328
    }
}