{
    "LATENCY": {
        "best_latency": 1091713,
        "worst_latency": 1091713,
        "average_latency": 1091713,
        "best_time_latency": "10.917 ms",
        "worst_time_latency": "10.917 ms",
        "average_time_latency": "10.917 ms",
        "min_interval": 1091714,
        "max_interval": 1091714,
        "Latency": 1091713
    },
    "HLS": {
        "LUT": 5856,
        "FF": 2005,
        "DSP": 10,
        "BRAM": 0,
        "URAM": 0,
        "CP": 7.135
    },
    "IMPL": {
        "LUT": 1265,
        "FF": 1840,
        "DSP": 10,
        "BRAM": 0,
        "CP": 6.915,
        "PWR": 0.268
    }
}