{
    "LATENCY": {
        "best_latency": 82881,
        "worst_latency": 82881,
        "average_latency": 82881,
        "best_time_latency": "0.829 ms",
        "worst_time_latency": "0.829 ms",
        "average_time_latency": "0.829 ms",
        "min_interval": 82882,
        "max_interval": 82882,
        "Latency": 82881
    },
    "HLS": {
        "LUT": 139053,
        "FF": 85702,
        "DSP": 40,
        "BRAM": 0,
        "URAM": 0,
        "CP": 7.027
    },
    "IMPL": {
        "LUT": 36092,
        "FF": 87221,
        "DSP": 40,
        "BRAM": 0,
        "CP": 9.899,
        "PWR": 0.701
    }
}