{
    "LATENCY": {
        "best_latency": 2893825,
        "worst_latency": 2893825,
        "average_latency": 2893825,
        "best_time_latency": "28.938 ms",
        "worst_time_latency": "28.938 ms",
        "average_time_latency": "28.938 ms",
        "min_interval": 2893826,
        "max_interval": 2893826,
        "Latency": 2893825
    },
    "HLS": {
        "LUT": 4748,
        "FF": 1146,
        "DSP": 10,
        "BRAM": 0,
        "URAM": 0,
        "CP": 6.886
    },
    "IMPL": {
        "LUT": 1040,
        "FF": 1009,
        "DSP": 10,
        "BRAM": 0,
        "CP": 7.057,
        "PWR": 0.275
    }
}