{
    "LATENCY": {
        "best_latency": 1349633,
        "worst_latency": 1349633,
        "average_latency": 1349633,
        "best_time_latency": "13.496 ms",
        "worst_time_latency": "13.496 ms",
        "average_time_latency": "13.496 ms",
        "min_interval": 1349634,
        "max_interval": 1349634,
        "Latency": 1349633
    },
    "HLS": {
        "LUT": 4098,
        "FF": 2033,
        "DSP": 3,
        "BRAM": 0,
        "URAM": 0,
        "CP": 6.709
    },
    "IMPL": {
        "LUT": 4065,
        "FF": 1873,
        "DSP": 3,
        "BRAM": 0,
        "CP": 7.59,
        "PWR": 0.343
    }
}