{
    "LATENCY": {
        "best_latency": 65771,
        "worst_latency": 65771,
        "average_latency": 65771,
        "best_time_latency": "0.658 ms",
        "worst_time_latency": "0.658 ms",
        "average_time_latency": "0.658 ms",
        "min_interval": 65772,
        "max_interval": 65772,
        "Latency": 65771
    },
    "HLS": {
        "LUT": 21166,
        "FF": 25932,
        "DSP": 0,
        "BRAM": 0,
        "URAM": 0,
        "CP": 7.112
    },
    "IMPL": {
        "LUT": 23879,
        "FF": 26081,
        "DSP": 0,
        "BRAM": 0,
        "CP": 9.207,
        "PWR": 0.385
    }
}