{
    "LATENCY": {
        "best_latency": 49398,
        "worst_latency": 49398,
        "average_latency": 49398,
        "best_time_latency": "0.494 ms",
        "worst_time_latency": "0.494 ms",
        "average_time_latency": "0.494 ms",
        "min_interval": 49399,
        "max_interval": 49399,
        "Latency": 49398
    },
    "HLS": {
        "LUT": 13534,
        "FF": 30133,
        "DSP": 60,
        "BRAM": 0,
        "URAM": 0,
        "CP": 7.338
    },
    "IMPL": {
        "LUT": 18716,
        "FF": 29934,
        "DSP": 60,
        "BRAM": 0,
        "CP": 9.082,
        "PWR": 0.38
    }
}