{
    "LATENCY": {
        "best_latency": 2631681,
        "worst_latency": 2631681,
        "average_latency": 2631681,
        "best_time_latency": "26.317 ms",
        "worst_time_latency": "26.317 ms",
        "average_time_latency": "26.317 ms",
        "min_interval": 2631682,
        "max_interval": 2631682,
        "Latency": 2631681
    },
    "HLS": {
        "LUT": 7996,
        "FF": 1400,
        "DSP": 0,
        "BRAM": 0,
        "URAM": 0,
        "CP": 6.886
    },
    "IMPL": {
        "LUT": 3486,
        "FF": 1244,
        "DSP": 0,
        "BRAM": 0,
        "CP": 7.899,
        "PWR": 0.329
    }
}