{
    "LATENCY": {
        "best_latency": 1106049,
        "worst_latency": 1106049,
        "average_latency": 1106049,
        "best_time_latency": "11.060 ms",
        "worst_time_latency": "11.060 ms",
        "average_time_latency": "11.060 ms",
        "min_interval": 1106050,
        "max_interval": 1106050,
        "Latency": 1106049
    },
    "HLS": {
        "LUT": 6430,
        "FF": 2066,
        "DSP": 10,
        "BRAM": 0,
        "URAM": 0,
        "CP": 7.135
    },
    "IMPL": {
        "LUT": 1191,
        "FF": 1952,
        "DSP": 10,
        "BRAM": 0,
        "CP": 7.193,
        "PWR": 0.28
    }
}