{
    "LATENCY": {
        "best_latency": 1049281,
        "worst_latency": 1049281,
        "average_latency": 1049281,
        "best_time_latency": "10.493 ms",
        "worst_time_latency": "10.493 ms",
        "average_time_latency": "10.493 ms",
        "min_interval": 1049282,
        "max_interval": 1049282,
        "Latency": 1049281
    },
    "HLS": {
        "LUT": 6081,
        "FF": 2062,
        "DSP": 0,
        "BRAM": 0,
        "URAM": 0,
        "CP": 7.135
    },
    "IMPL": {
        "LUT": 4146,
        "FF": 1838,
        "DSP": 0,
        "BRAM": 0,
        "CP": 7.786,
        "PWR": 0.316
    }
}