{
    "LATENCY": {
        "best_latency": 1097729,
        "worst_latency": 1097729,
        "average_latency": 1097729,
        "best_time_latency": "10.977 ms",
        "worst_time_latency": "10.977 ms",
        "average_time_latency": "10.977 ms",
        "min_interval": 1097730,
        "max_interval": 1097730,
        "Latency": 1097729
    },
    "HLS": {
        "LUT": 4338,
        "FF": 1722,
        "DSP": 10,
        "BRAM": 0,
        "URAM": 0,
        "CP": 7.135
    },
    "IMPL": {
        "LUT": 1233,
        "FF": 1630,
        "DSP": 10,
        "BRAM": 0,
        "CP": 6.936,
        "PWR": 0.27
    }
}