{
    "LATENCY": {
        "best_latency": 833665,
        "worst_latency": 833665,
        "average_latency": 833665,
        "best_time_latency": "8.337 ms",
        "worst_time_latency": "8.337 ms",
        "average_time_latency": "8.337 ms",
        "min_interval": 833666,
        "max_interval": 833666,
        "Latency": 833665
    },
    "HLS": {
        "LUT": 4892,
        "FF": 1356,
        "DSP": 10,
        "BRAM": 0,
        "URAM": 0,
        "CP": 7.135
    },
    "IMPL": {
        "LUT": 1101,
        "FF": 1146,
        "DSP": 10,
        "BRAM": 0,
        "CP": 7.132,
        "PWR": 0.275
    }
}