{
    "LATENCY": {
        "best_latency": 1007,
        "worst_latency": 1007,
        "average_latency": 1007,
        "best_time_latency": "10.070 us",
        "worst_time_latency": "10.070 us",
        "average_time_latency": "10.070 us",
        "min_interval": 1008,
        "max_interval": 1008,
        "Latency": 1007
    },
    "HLS": {
        "LUT": 7208,
        "FF": 2105,
        "DSP": 0,
        "BRAM": 1,
        "URAM": 0,
        "CP": 4.448
    },
    "SYN": {
        "LUT": 2407,
        "FF": 2060,
        "DSP": 0,
        "BRAM": 1,
        "URAM": 0,
        "SRL": 0,
        "CP": 3.801
    },
    "IMPL": {
        "LUT": 2341,
        "FF": 2060,
        "DSP": 0,
        "BRAM": 1,
        "URAM": 0,
        "SRL": 0,
        "CP": 5.138,
        "PWR": 0.249
    }
}