{
    "LATENCY": {
        "best_latency": 931,
        "worst_latency": 931,
        "average_latency": 931,
        "best_time_latency": "9.310 us",
        "worst_time_latency": "9.310 us",
        "average_time_latency": "9.310 us",
        "min_interval": 932,
        "max_interval": 932,
        "Latency": 931
    },
    "HLS": {
        "LUT": 6587,
        "FF": 1741,
        "DSP": 0,
        "BRAM": 1,
        "URAM": 0,
        "CP": 4.364
    },
    "SYN": {
        "LUT": 1903,
        "FF": 1708,
        "DSP": 0,
        "BRAM": 1,
        "URAM": 0,
        "SRL": 0,
        "CP": 3.427
    },
    "IMPL": {
        "LUT": 1865,
        "FF": 1708,
        "DSP": 0,
        "BRAM": 1,
        "URAM": 0,
        "SRL": 0,
        "CP": 4.776,
        "PWR": 0.248
    }
}