{
    "LATENCY": {
        "best_latency": 920,
        "worst_latency": 920,
        "average_latency": 920,
        "best_time_latency": "9.200 us",
        "worst_time_latency": "9.200 us",
        "average_time_latency": "9.200 us",
        "min_interval": 921,
        "max_interval": 921,
        "Latency": 920
    },
    "HLS": {
        "LUT": 9718,
        "FF": 3028,
        "DSP": 0,
        "BRAM": 5,
        "URAM": 0,
        "CP": 4.334
    },
    "SYN": {
        "LUT": 2164,
        "FF": 2294,
        "DSP": 0,
        "BRAM": 4,
        "URAM": 0,
        "SRL": 0,
        "CP": 2.506
    },
    "IMPL": {
        "LUT": 2138,
        "FF": 2294,
        "DSP": 0,
        "BRAM": 4,
        "URAM": 0,
        "SRL": 0,
        "CP": 3.812,
        "PWR": 0.251
    }
}