{
    "LATENCY": {
        "best_latency": 714,
        "worst_latency": 714,
        "average_latency": 714,
        "best_time_latency": "7.872 us",
        "worst_time_latency": "7.872 us",
        "average_time_latency": "7.872 us",
        "min_interval": 715,
        "max_interval": 715,
        "Latency": 714
    },
    "HLS": {
        "LUT": 1036445,
        "FF": 163847,
        "DSP": 0,
        "BRAM": 7,
        "URAM": 0,
        "CP": 11.025
    },
    "SYN": {
        "LUT": 9266,
        "FF": 9611,
        "DSP": 0,
        "BRAM": 4,
        "URAM": 0,
        "SRL": 2373,
        "CP": 3.78
    },
    "IMPL": {
        "LUT": 8633,
        "FF": 9611,
        "DSP": 0,
        "BRAM": 4,
        "URAM": 0,
        "SRL": 1822,
        "CP": 8.514,
        "PWR": 0.337
    }
}