{
    "LATENCY": {
        "best_latency": 885,
        "worst_latency": 885,
        "average_latency": 885,
        "best_time_latency": "8.850 us",
        "worst_time_latency": "8.850 us",
        "average_time_latency": "8.850 us",
        "min_interval": 886,
        "max_interval": 886,
        "Latency": 885
    },
    "HLS": {
        "LUT": 621823,
        "FF": 109381,
        "DSP": 0,
        "BRAM": 7,
        "URAM": 0,
        "CP": 7.268
    },
    "SYN": {
        "LUT": 9024,
        "FF": 10048,
        "DSP": 0,
        "BRAM": 4,
        "URAM": 0,
        "SRL": 2375,
        "CP": 3.094
    },
    "IMPL": {
        "LUT": 8296,
        "FF": 10048,
        "DSP": 0,
        "BRAM": 4,
        "URAM": 0,
        "SRL": 1779,
        "CP": 7.885,
        "PWR": 0.361
    }
}