{
    "LATENCY": {
        "best_latency": 714,
        "worst_latency": 714,
        "average_latency": 714,
        "best_time_latency": "7.872 us",
        "worst_time_latency": "7.872 us",
        "average_time_latency": "7.872 us",
        "min_interval": 715,
        "max_interval": 715,
        "Latency": 714
    },
    "HLS": {
        "LUT": 408694,
        "FF": 60667,
        "DSP": 0,
        "BRAM": 9,
        "URAM": 0,
        "CP": 11.025
    },
    "SYN": {
        "LUT": 7607,
        "FF": 8687,
        "DSP": 0,
        "BRAM": 6,
        "URAM": 0,
        "SRL": 1296,
        "CP": 2.594
    },
    "IMPL": {
        "LUT": 7138,
        "FF": 8687,
        "DSP": 0,
        "BRAM": 6,
        "URAM": 0,
        "SRL": 924,
        "CP": 7.78,
        "PWR": 0.332
    }
}