{
    "LATENCY": {
        "best_latency": 1777,
        "worst_latency": 2193,
        "average_latency": 1985,
        "best_time_latency": "17.770 us",
        "worst_time_latency": "21.930 us",
        "average_time_latency": "19.850 us",
        "min_interval": 1778,
        "max_interval": 2194,
        "Latency": 1985
    },
    "HLS": {
        "LUT": 4827,
        "FF": 1629,
        "DSP": 0,
        "BRAM": 1,
        "URAM": 0,
        "CP": 4.364
    },
    "SYN": {
        "LUT": 1246,
        "FF": 1126,
        "DSP": 0,
        "BRAM": 1,
        "URAM": 0,
        "SRL": 0,
        "CP": 3.138
    },
    "IMPL": {
        "LUT": 1230,
        "FF": 1126,
        "DSP": 0,
        "BRAM": 1,
        "URAM": 0,
        "SRL": 0,
        "CP": 4.414,
        "PWR": 0.253
    }
}