{
    "LATENCY": {
        "best_latency": 1573,
        "worst_latency": 1846,
        "average_latency": 1716,
        "best_time_latency": "15.730 us",
        "worst_time_latency": "18.460 us",
        "average_time_latency": "17.160 us",
        "min_interval": 1574,
        "max_interval": 1847,
        "Latency": 1716
    },
    "HLS": {
        "LUT": 171157,
        "FF": 25404,
        "DSP": 0,
        "BRAM": 3,
        "URAM": 0,
        "CP": 7.189
    },
    "SYN": {
        "LUT": 9172,
        "FF": 20165,
        "DSP": 0,
        "BRAM": 2,
        "URAM": 0,
        "SRL": 0,
        "CP": 4.654
    },
    "IMPL": {
        "LUT": 9121,
        "FF": 20165,
        "DSP": 0,
        "BRAM": 2,
        "URAM": 0,
        "SRL": 0,
        "CP": 8.214,
        "PWR": 0.398
    }
}