{
    "LATENCY": {
        "best_latency": 660,
        "worst_latency": 660,
        "average_latency": 660,
        "best_time_latency": "7.277 us",
        "worst_time_latency": "7.277 us",
        "average_time_latency": "7.277 us",
        "min_interval": 661,
        "max_interval": 661,
        "Latency": 660
    },
    "HLS": {
        "LUT": 409211,
        "FF": 60396,
        "DSP": 0,
        "BRAM": 9,
        "URAM": 0,
        "CP": 11.025
    },
    "SYN": {
        "LUT": 7623,
        "FF": 8387,
        "DSP": 0,
        "BRAM": 6,
        "URAM": 0,
        "SRL": 1298,
        "CP": 2.594
    },
    "IMPL": {
        "LUT": 7164,
        "FF": 8387,
        "DSP": 0,
        "BRAM": 6,
        "URAM": 0,
        "SRL": 926,
        "CP": 7.604,
        "PWR": 0.32
    }
}