{
    "LATENCY": {
        "best_latency": 989,
        "worst_latency": 989,
        "average_latency": 989,
        "best_time_latency": "9.890 us",
        "worst_time_latency": "9.890 us",
        "average_time_latency": "9.890 us",
        "min_interval": 990,
        "max_interval": 990,
        "Latency": 989
    },
    "HLS": {
        "LUT": 9191,
        "FF": 3154,
        "DSP": 0,
        "BRAM": 5,
        "URAM": 0,
        "CP": 7.293
    },
    "SYN": {
        "LUT": 2145,
        "FF": 2421,
        "DSP": 0,
        "BRAM": 4,
        "URAM": 0,
        "SRL": 0,
        "CP": 2.601
    },
    "IMPL": {
        "LUT": 2131,
        "FF": 2421,
        "DSP": 0,
        "BRAM": 4,
        "URAM": 0,
        "SRL": 0,
        "CP": 3.672,
        "PWR": 0.254
    }
}