{
    "LATENCY": {
        "best_latency": 1852,
        "worst_latency": 2151,
        "average_latency": 2008,
        "best_time_latency": "18.520 us",
        "worst_time_latency": "21.510 us",
        "average_time_latency": "20.080 us",
        "min_interval": 1853,
        "max_interval": 2152,
        "Latency": 2008
    },
    "HLS": {
        "LUT": 343325,
        "FF": 58169,
        "DSP": 0,
        "BRAM": 8,
        "URAM": 0,
        "CP": 7.268
    },
    "SYN": {
        "LUT": 7082,
        "FF": 8062,
        "DSP": 0,
        "BRAM": 5,
        "URAM": 0,
        "SRL": 1296,
        "CP": 2.95
    },
    "IMPL": {
        "LUT": 6600,
        "FF": 8069,
        "DSP": 0,
        "BRAM": 5,
        "URAM": 0,
        "SRL": 924,
        "CP": 6.765,
        "PWR": 0.298
    }
}