{
    "LATENCY": {
        "best_latency": 734,
        "worst_latency": 760,
        "average_latency": 748,
        "best_time_latency": "8.092 us",
        "worst_time_latency": "8.379 us",
        "average_time_latency": "8.247 us",
        "min_interval": 735,
        "max_interval": 761,
        "Latency": 748
    },
    "HLS": {
        "LUT": 394811,
        "FF": 61985,
        "DSP": 0,
        "BRAM": 9,
        "URAM": 0,
        "CP": 11.025
    },
    "SYN": {
        "LUT": 7832,
        "FF": 10134,
        "DSP": 0,
        "BRAM": 6,
        "URAM": 0,
        "SRL": 1296,
        "CP": 2.594
    },
    "IMPL": {
        "LUT": 7359,
        "FF": 10134,
        "DSP": 0,
        "BRAM": 6,
        "URAM": 0,
        "SRL": 924,
        "CP": 7.537,
        "PWR": 0.334
    }
}