{
    "LATENCY": {
        "best_latency": 6619820,
        "worst_latency": 6619829,
        "average_latency": 6619825,
        "best_time_latency": "66.198 ms",
        "worst_time_latency": "66.198 ms",
        "average_time_latency": "66.198 ms",
        "min_interval": 6619821,
        "max_interval": 6619830,
        "Latency": 6619825
    },
    "HLS": {
        "LUT": 9388,
        "FF": 2856,
        "DSP": 3,
        "BRAM": 64,
        "URAM": 0,
        "CP": 6.291
    },
    "IMPL": {
        "LUT": 2858,
        "FF": 2703,
        "DSP": 3,
        "BRAM": 64,
        "CP": 7.29,
        "PWR": 0.412
    }
}