{
    "LATENCY": {
        "best_latency": 905878,
        "worst_latency": 905878,
        "average_latency": 905878,
        "best_time_latency": "9.059 ms",
        "worst_time_latency": "9.059 ms",
        "average_time_latency": "9.059 ms",
        "min_interval": 905879,
        "max_interval": 905879,
        "Latency": 905878
    },
    "HLS": {
        "LUT": 8985,
        "FF": 6170,
        "DSP": 24,
        "BRAM": 64,
        "URAM": 0,
        "CP": 7.139
    },
    "IMPL": {
        "LUT": 3934,
        "FF": 4101,
        "DSP": 33,
        "BRAM": 64,
        "CP": 7.607,
        "PWR": 0.422
    }
}