{
    "LATENCY": {
        "best_latency": 845969,
        "worst_latency": 845969,
        "average_latency": 845969,
        "best_time_latency": "8.460 ms",
        "worst_time_latency": "8.460 ms",
        "average_time_latency": "8.460 ms",
        "min_interval": 845970,
        "max_interval": 845970,
        "Latency": 845969
    },
    "HLS": {
        "LUT": 9103,
        "FF": 6542,
        "DSP": 24,
        "BRAM": 64,
        "URAM": 0,
        "CP": 7.139
    },
    "IMPL": {
        "LUT": 4069,
        "FF": 4414,
        "DSP": 34,
        "BRAM": 65,
        "CP": 7.761,
        "PWR": 0.402
    }
}