{
    "LATENCY": {
        "best_latency": 960907,
        "worst_latency": 960907,
        "average_latency": 960907,
        "best_time_latency": "9.609 ms",
        "worst_time_latency": "9.609 ms",
        "average_time_latency": "9.609 ms",
        "min_interval": 960908,
        "max_interval": 960908,
        "Latency": 960907
    },
    "HLS": {
        "LUT": 7934,
        "FF": 3876,
        "DSP": 6,
        "BRAM": 64,
        "URAM": 0,
        "CP": 7.139
    },
    "IMPL": {
        "LUT": 3815,
        "FF": 2984,
        "DSP": 11,
        "BRAM": 64,
        "CP": 7.23,
        "PWR": 0.413
    }
}