{
    "LATENCY": {
        "best_latency": 850246,
        "worst_latency": 850246,
        "average_latency": 850246,
        "best_time_latency": "8.502 ms",
        "worst_time_latency": "8.502 ms",
        "average_time_latency": "8.502 ms",
        "min_interval": 850247,
        "max_interval": 850247,
        "Latency": 850246
    },
    "HLS": {
        "LUT": 9474,
        "FF": 7034,
        "DSP": 24,
        "BRAM": 64,
        "URAM": 0,
        "CP": 7.15
    },
    "IMPL": {
        "LUT": 4723,
        "FF": 4639,
        "DSP": 33,
        "BRAM": 64,
        "CP": 7.904,
        "PWR": 0.401
    }
}