{
    "LATENCY": {
        "best_latency": 901728,
        "worst_latency": 901728,
        "average_latency": 901728,
        "best_time_latency": "9.017 ms",
        "worst_time_latency": "9.017 ms",
        "average_time_latency": "9.017 ms",
        "min_interval": 901729,
        "max_interval": 901729,
        "Latency": 901728
    },
    "HLS": {
        "LUT": 6195,
        "FF": 3196,
        "DSP": 6,
        "BRAM": 64,
        "URAM": 0,
        "CP": 6.397
    },
    "IMPL": {
        "LUT": 3397,
        "FF": 2726,
        "DSP": 8,
        "BRAM": 64,
        "CP": 7.1,
        "PWR": 0.395
    }
}