{
    "LATENCY": {
        "best_latency": 890788,
        "worst_latency": 890797,
        "average_latency": 890793,
        "best_time_latency": "8.908 ms",
        "worst_time_latency": "8.908 ms",
        "average_time_latency": "8.908 ms",
        "min_interval": 890789,
        "max_interval": 890798,
        "Latency": 890793
    },
    "HLS": {
        "LUT": 6692,
        "FF": 3117,
        "DSP": 6,
        "BRAM": 64,
        "URAM": 0,
        "CP": 7.098
    },
    "IMPL": {
        "LUT": 3778,
        "FF": 2774,
        "DSP": 7,
        "BRAM": 64,
        "CP": 7.153,
        "PWR": 0.382
    }
}