{
    "LATENCY": {
        "best_latency": 1136391,
        "worst_latency": 1136391,
        "average_latency": 1136391,
        "best_time_latency": "11.364 ms",
        "worst_time_latency": "11.364 ms",
        "average_time_latency": "11.364 ms",
        "min_interval": 1136392,
        "max_interval": 1136392,
        "Latency": 1136391
    },
    "HLS": {
        "LUT": 9961,
        "FF": 5334,
        "DSP": 9,
        "BRAM": 64,
        "URAM": 0,
        "CP": 7.15
    },
    "IMPL": {
        "LUT": 5097,
        "FF": 4177,
        "DSP": 12,
        "BRAM": 64,
        "CP": 7.427,
        "PWR": 0.427
    }
}