{
    "LATENCY": {
        "best_latency": 1050146,
        "worst_latency": 1050146,
        "average_latency": 1050146,
        "best_time_latency": "10.501 ms",
        "worst_time_latency": "10.501 ms",
        "average_time_latency": "10.501 ms",
        "min_interval": 1050147,
        "max_interval": 1050147,
        "Latency": 1050146
    },
    "HLS": {
        "LUT": 7320,
        "FF": 4127,
        "DSP": 9,
        "BRAM": 64,
        "URAM": 0,
        "CP": 7.139
    },
    "IMPL": {
        "LUT": 3530,
        "FF": 3025,
        "DSP": 15,
        "BRAM": 64,
        "CP": 7.237,
        "PWR": 0.403
    }
}