{
    "LATENCY": {
        "best_latency": 359491,
        "worst_latency": 359491,
        "average_latency": 359491,
        "best_time_latency": "3.595 ms",
        "worst_time_latency": "3.595 ms",
        "average_time_latency": "3.595 ms",
        "min_interval": 359492,
        "max_interval": 359492,
        "Latency": 359491
    },
    "HLS": {
        "LUT": 55186,
        "FF": 32898,
        "DSP": 12,
        "BRAM": 64,
        "URAM": 0,
        "CP": 7.448
    },
    "IMPL": {
        "LUT": 44527,
        "FF": 31803,
        "DSP": 13,
        "BRAM": 64,
        "CP": 9.458,
        "PWR": 0.553
    }
}