{
    "LATENCY": {
        "best_latency": 7786960,
        "worst_latency": 7786960,
        "average_latency": 7786960,
        "best_time_latency": "77.870 ms",
        "worst_time_latency": "77.870 ms",
        "average_time_latency": "77.870 ms",
        "min_interval": 7786961,
        "max_interval": 7786961,
        "Latency": 7786960
    },
    "HLS": {
        "LUT": 5827,
        "FF": 2888,
        "DSP": 3,
        "BRAM": 64,
        "URAM": 0,
        "CP": 6.414
    },
    "IMPL": {
        "LUT": 2931,
        "FF": 2540,
        "DSP": 7,
        "BRAM": 64,
        "CP": 6.805,
        "PWR": 0.388
    }
}