{
    "LATENCY": {
        "best_latency": 301100,
        "worst_latency": 301100,
        "average_latency": 301100,
        "best_time_latency": "3.011 ms",
        "worst_time_latency": "3.011 ms",
        "average_time_latency": "3.011 ms",
        "min_interval": 301101,
        "max_interval": 301101,
        "Latency": 301100
    },
    "HLS": {
        "LUT": 19003,
        "FF": 14619,
        "DSP": 15,
        "BRAM": 128,
        "URAM": 0,
        "CP": 7.15
    },
    "IMPL": {
        "LUT": 19443,
        "FF": 14530,
        "DSP": 15,
        "BRAM": 128,
        "CP": 8.891,
        "PWR": 0.502
    }
}