{
    "LATENCY": {
        "best_latency": 693034,
        "worst_latency": 693034,
        "average_latency": 693034,
        "best_time_latency": "6.930 ms",
        "worst_time_latency": "6.930 ms",
        "average_time_latency": "6.930 ms",
        "min_interval": 693035,
        "max_interval": 693035,
        "Latency": 693034
    },
    "HLS": {
        "LUT": 28838,
        "FF": 23528,
        "DSP": 6,
        "BRAM": 64,
        "URAM": 0,
        "CP": 7.866
    },
    "IMPL": {
        "LUT": 22728,
        "FF": 21133,
        "DSP": 6,
        "BRAM": 64,
        "CP": 9.721,
        "PWR": 0.538
    }
}