{
    "LATENCY": {
        "best_latency": 152761,
        "worst_latency": 152761,
        "average_latency": 152761,
        "best_time_latency": "1.528 ms",
        "worst_time_latency": "1.528 ms",
        "average_time_latency": "1.528 ms",
        "min_interval": 152762,
        "max_interval": 152762,
        "Latency": 152761
    },
    "HLS": {
        "LUT": 45416,
        "FF": 37102,
        "DSP": 27,
        "BRAM": 64,
        "URAM": 0,
        "CP": 7.545
    },
    "IMPL": {
        "LUT": 50121,
        "FF": 36351,
        "DSP": 27,
        "BRAM": 64,
        "CP": 9.283,
        "PWR": 0.661
    }
}