{
    "LATENCY": {
        "best_latency": 834954,
        "worst_latency": 834954,
        "average_latency": 834954,
        "best_time_latency": "8.350 ms",
        "worst_time_latency": "8.350 ms",
        "average_time_latency": "8.350 ms",
        "min_interval": 834955,
        "max_interval": 834955,
        "Latency": 834954
    },
    "HLS": {
        "LUT": 5053,
        "FF": 3494,
        "DSP": 6,
        "BRAM": 64,
        "URAM": 0,
        "CP": 7.15
    },
    "IMPL": {
        "LUT": 3664,
        "FF": 3173,
        "DSP": 6,
        "BRAM": 64,
        "CP": 6.973,
        "PWR": 0.369
    }
}