{
    "LATENCY": {
        "best_latency": 167494,
        "worst_latency": 167504,
        "average_latency": 167500,
        "best_time_latency": "1.675 ms",
        "worst_time_latency": "1.675 ms",
        "average_time_latency": "1.675 ms",
        "min_interval": 167495,
        "max_interval": 167505,
        "Latency": 167500
    },
    "HLS": {
        "LUT": 35350,
        "FF": 31888,
        "DSP": 27,
        "BRAM": 64,
        "URAM": 0,
        "CP": 7.528
    },
    "IMPL": {
        "LUT": 42713,
        "FF": 31714,
        "DSP": 27,
        "BRAM": 64,
        "CP": 9.162,
        "PWR": 0.56
    }
}