{
    "LATENCY": {
        "best_latency": 692075,
        "worst_latency": 692075,
        "average_latency": 692075,
        "best_time_latency": "6.921 ms",
        "worst_time_latency": "6.921 ms",
        "average_time_latency": "6.921 ms",
        "min_interval": 692076,
        "max_interval": 692076,
        "Latency": 692075
    },
    "HLS": {
        "LUT": 85705,
        "FF": 29843,
        "DSP": 3,
        "BRAM": 64,
        "URAM": 0,
        "CP": 7.431
    },
    "IMPL": {
        "LUT": 26318,
        "FF": 29371,
        "DSP": 4,
        "BRAM": 64,
        "CP": 9.594,
        "PWR": 0.62
    }
}