{
    "LATENCY": {
        "best_latency": 6614248,
        "worst_latency": 6614248,
        "average_latency": 6614248,
        "best_time_latency": "66.142 ms",
        "worst_time_latency": "66.142 ms",
        "average_time_latency": "66.142 ms",
        "min_interval": 6614249,
        "max_interval": 6614249,
        "Latency": 6614248
    },
    "HLS": {
        "LUT": 32297,
        "FF": 21908,
        "DSP": 6,
        "BRAM": 64,
        "URAM": 0,
        "CP": 7.15
    },
    "IMPL": {
        "LUT": 25761,
        "FF": 21423,
        "DSP": 6,
        "BRAM": 64,
        "CP": 8.984,
        "PWR": 0.513
    }
}