{
    "LATENCY": {
        "best_latency": 7752011,
        "worst_latency": 7752011,
        "average_latency": 7752011,
        "best_time_latency": "77.520 ms",
        "worst_time_latency": "77.520 ms",
        "average_time_latency": "77.520 ms",
        "min_interval": 7752012,
        "max_interval": 7752012,
        "Latency": 7752011
    },
    "HLS": {
        "LUT": 5518,
        "FF": 2511,
        "DSP": 3,
        "BRAM": 64,
        "URAM": 0,
        "CP": 6.414
    },
    "IMPL": {
        "LUT": 2885,
        "FF": 2125,
        "DSP": 5,
        "BRAM": 64,
        "CP": 6.72,
        "PWR": 0.397
    }
}