{
    "LATENCY": {
        "best_latency": 816996,
        "worst_latency": 817006,
        "average_latency": 817002,
        "best_time_latency": "8.170 ms",
        "worst_time_latency": "8.170 ms",
        "average_time_latency": "8.170 ms",
        "min_interval": 816997,
        "max_interval": 817007,
        "Latency": 817002
    },
    "HLS": {
        "LUT": 5874,
        "FF": 4140,
        "DSP": 3,
        "BRAM": 64,
        "URAM": 0,
        "CP": 7.15
    },
    "IMPL": {
        "LUT": 4100,
        "FF": 3662,
        "DSP": 4,
        "BRAM": 64,
        "CP": 7.033,
        "PWR": 0.369
    }
}