{
    "LATENCY": {
        "best_latency": 885885,
        "worst_latency": 885885,
        "average_latency": 885885,
        "best_time_latency": "8.859 ms",
        "worst_time_latency": "8.859 ms",
        "average_time_latency": "8.859 ms",
        "min_interval": 885886,
        "max_interval": 885886,
        "Latency": 885885
    },
    "HLS": {
        "LUT": 5793,
        "FF": 4049,
        "DSP": 6,
        "BRAM": 64,
        "URAM": 0,
        "CP": 7.15
    },
    "IMPL": {
        "LUT": 3809,
        "FF": 3538,
        "DSP": 6,
        "BRAM": 64,
        "CP": 7.223,
        "PWR": 0.38
    }
}