{
    "LATENCY": {
        "best_latency": 776931,
        "worst_latency": 776941,
        "average_latency": 776937,
        "best_time_latency": "7.769 ms",
        "worst_time_latency": "7.769 ms",
        "average_time_latency": "7.769 ms",
        "min_interval": 776932,
        "max_interval": 776942,
        "Latency": 776937
    },
    "HLS": {
        "LUT": 8616,
        "FF": 5040,
        "DSP": 9,
        "BRAM": 64,
        "URAM": 0,
        "CP": 6.291
    },
    "IMPL": {
        "LUT": 4887,
        "FF": 4293,
        "DSP": 9,
        "BRAM": 64,
        "CP": 6.608,
        "PWR": 0.392
    }
}