{
    "LATENCY": {
        "best_latency": 301240,
        "worst_latency": 301240,
        "average_latency": 301240,
        "best_time_latency": "3.012 ms",
        "worst_time_latency": "3.012 ms",
        "average_time_latency": "3.012 ms",
        "min_interval": 301241,
        "max_interval": 301241,
        "Latency": 301240
    },
    "HLS": {
        "LUT": 17850,
        "FF": 15143,
        "DSP": 12,
        "BRAM": 64,
        "URAM": 0,
        "CP": 7.15
    },
    "IMPL": {
        "LUT": 20068,
        "FF": 14926,
        "DSP": 12,
        "BRAM": 64,
        "CP": 8.973,
        "PWR": 0.455
    }
}