{
    "LATENCY": {
        "best_latency": 7749231,
        "worst_latency": 7749231,
        "average_latency": 7749231,
        "best_time_latency": "77.492 ms",
        "worst_time_latency": "77.492 ms",
        "average_time_latency": "77.492 ms",
        "min_interval": 7749232,
        "max_interval": 7749232,
        "Latency": 7749231
    },
    "HLS": {
        "LUT": 3901,
        "FF": 1888,
        "DSP": 3,
        "BRAM": 64,
        "URAM": 0,
        "CP": 6.414
    },
    "IMPL": {
        "LUT": 2419,
        "FF": 1858,
        "DSP": 4,
        "BRAM": 64,
        "CP": 6.647,
        "PWR": 0.388
    }
}