{
    "LATENCY": {
        "best_latency": 830339,
        "worst_latency": 830349,
        "average_latency": 830345,
        "best_time_latency": "8.303 ms",
        "worst_time_latency": "8.303 ms",
        "average_time_latency": "8.303 ms",
        "min_interval": 830340,
        "max_interval": 830350,
        "Latency": 830345
    },
    "HLS": {
        "LUT": 8458,
        "FF": 5333,
        "DSP": 6,
        "BRAM": 64,
        "URAM": 0,
        "CP": 7.15
    },
    "IMPL": {
        "LUT": 4962,
        "FF": 4611,
        "DSP": 6,
        "BRAM": 64,
        "CP": 6.903,
        "PWR": 0.384
    }
}