{
    "LATENCY": {
        "best_latency": 834976,
        "worst_latency": 834976,
        "average_latency": 834976,
        "best_time_latency": "8.350 ms",
        "worst_time_latency": "8.350 ms",
        "average_time_latency": "8.350 ms",
        "min_interval": 834977,
        "max_interval": 834977,
        "Latency": 834976
    },
    "HLS": {
        "LUT": 6821,
        "FF": 3646,
        "DSP": 6,
        "BRAM": 64,
        "URAM": 0,
        "CP": 7.15
    },
    "IMPL": {
        "LUT": 3881,
        "FF": 3250,
        "DSP": 6,
        "BRAM": 64,
        "CP": 7.101,
        "PWR": 0.371
    }
}