{
    "LATENCY": {
        "best_latency": 781411,
        "worst_latency": 781421,
        "average_latency": 781417,
        "best_time_latency": "7.814 ms",
        "worst_time_latency": "7.814 ms",
        "average_time_latency": "7.814 ms",
        "min_interval": 781412,
        "max_interval": 781422,
        "Latency": 781417
    },
    "HLS": {
        "LUT": 11024,
        "FF": 6098,
        "DSP": 9,
        "BRAM": 64,
        "URAM": 0,
        "CP": 7.15
    },
    "IMPL": {
        "LUT": 5439,
        "FF": 5182,
        "DSP": 9,
        "BRAM": 64,
        "CP": 6.817,
        "PWR": 0.394
    }
}