{
    "LATENCY": {
        "best_latency": 812714,
        "worst_latency": 812714,
        "average_latency": 812714,
        "best_time_latency": "8.127 ms",
        "worst_time_latency": "8.127 ms",
        "average_time_latency": "8.127 ms",
        "min_interval": 812715,
        "max_interval": 812715,
        "Latency": 812714
    },
    "HLS": {
        "LUT": 4618,
        "FF": 3121,
        "DSP": 6,
        "BRAM": 64,
        "URAM": 0,
        "CP": 6.291
    },
    "IMPL": {
        "LUT": 3114,
        "FF": 2702,
        "DSP": 7,
        "BRAM": 64,
        "CP": 6.903,
        "PWR": 0.369
    }
}