{
    "LATENCY": {
        "best_latency": 686347,
        "worst_latency": 686347,
        "average_latency": 686347,
        "best_time_latency": "6.863 ms",
        "worst_time_latency": "6.863 ms",
        "average_time_latency": "6.863 ms",
        "min_interval": 686348,
        "max_interval": 686348,
        "Latency": 686347
    },
    "HLS": {
        "LUT": 126109,
        "FF": 40291,
        "DSP": 6,
        "BRAM": 64,
        "URAM": 0,
        "CP": 7.431
    },
    "IMPL": {
        "LUT": 39377,
        "FF": 39554,
        "DSP": 7,
        "BRAM": 65,
        "CP": 9.515,
        "PWR": 0.602
    }
}