{
    "LATENCY": {
        "best_latency": 695392,
        "worst_latency": 695392,
        "average_latency": 695392,
        "best_time_latency": "6.954 ms",
        "worst_time_latency": "6.954 ms",
        "average_time_latency": "6.954 ms",
        "min_interval": 695393,
        "max_interval": 695393,
        "Latency": 695392
    },
    "HLS": {
        "LUT": 47956,
        "FF": 31936,
        "DSP": 9,
        "BRAM": 64,
        "URAM": 0,
        "CP": 7.79
    },
    "IMPL": {
        "LUT": 33048,
        "FF": 30824,
        "DSP": 15,
        "BRAM": 64,
        "CP": 9.485,
        "PWR": 0.541
    }
}