{
    "LATENCY": {
        "best_latency": 7694797,
        "worst_latency": 7694797,
        "average_latency": 7694797,
        "best_time_latency": "76.948 ms",
        "worst_time_latency": "76.948 ms",
        "average_time_latency": "76.948 ms",
        "min_interval": 7694798,
        "max_interval": 7694798,
        "Latency": 7694797
    },
    "HLS": {
        "LUT": 6119,
        "FF": 3293,
        "DSP": 3,
        "BRAM": 64,
        "URAM": 0,
        "CP": 7.15
    },
    "IMPL": {
        "LUT": 3559,
        "FF": 2825,
        "DSP": 5,
        "BRAM": 64,
        "CP": 7.243,
        "PWR": 0.398
    }
}