{
    "LATENCY": {
        "best_latency": 687866,
        "worst_latency": 687876,
        "average_latency": 687872,
        "best_time_latency": "6.879 ms",
        "worst_time_latency": "6.879 ms",
        "average_time_latency": "6.879 ms",
        "min_interval": 687867,
        "max_interval": 687877,
        "Latency": 687872
    },
    "HLS": {
        "LUT": 30819,
        "FF": 28235,
        "DSP": 6,
        "BRAM": 64,
        "URAM": 0,
        "CP": 7.841
    },
    "IMPL": {
        "LUT": 27161,
        "FF": 27403,
        "DSP": 6,
        "BRAM": 64,
        "CP": 9.563,
        "PWR": 0.529
    }
}