{
    "LATENCY": {
        "best_latency": 810923,
        "worst_latency": 810923,
        "average_latency": 810923,
        "best_time_latency": "8.109 ms",
        "worst_time_latency": "8.109 ms",
        "average_time_latency": "8.109 ms",
        "min_interval": 810924,
        "max_interval": 810924,
        "Latency": 810923
    },
    "HLS": {
        "LUT": 42279,
        "FF": 24864,
        "DSP": 6,
        "BRAM": 64,
        "URAM": 0,
        "CP": 7.15
    },
    "IMPL": {
        "LUT": 27377,
        "FF": 24315,
        "DSP": 6,
        "BRAM": 64,
        "CP": 9.009,
        "PWR": 0.525
    }
}