{
    "LATENCY": {
        "best_latency": 817162,
        "worst_latency": 817162,
        "average_latency": 817162,
        "best_time_latency": "8.172 ms",
        "worst_time_latency": "8.172 ms",
        "average_time_latency": "8.172 ms",
        "min_interval": 817163,
        "max_interval": 817163,
        "Latency": 817162
    },
    "HLS": {
        "LUT": 5104,
        "FF": 3373,
        "DSP": 3,
        "BRAM": 64,
        "URAM": 0,
        "CP": 7.15
    },
    "IMPL": {
        "LUT": 3680,
        "FF": 3076,
        "DSP": 3,
        "BRAM": 64,
        "CP": 7.087,
        "PWR": 0.371
    }
}