{
    "LATENCY": {
        "best_latency": 830366,
        "worst_latency": 830366,
        "average_latency": 830366,
        "best_time_latency": "8.304 ms",
        "worst_time_latency": "8.304 ms",
        "average_time_latency": "8.304 ms",
        "min_interval": 830367,
        "max_interval": 830367,
        "Latency": 830366
    },
    "HLS": {
        "LUT": 4363,
        "FF": 3175,
        "DSP": 6,
        "BRAM": 64,
        "URAM": 0,
        "CP": 6.291
    },
    "IMPL": {
        "LUT": 3364,
        "FF": 2806,
        "DSP": 7,
        "BRAM": 64,
        "CP": 6.665,
        "PWR": 0.377
    }
}