{
    "LATENCY": {
        "best_latency": 890608,
        "worst_latency": 890608,
        "average_latency": 890608,
        "best_time_latency": "8.906 ms",
        "worst_time_latency": "8.906 ms",
        "average_time_latency": "8.906 ms",
        "min_interval": 890609,
        "max_interval": 890609,
        "Latency": 890608
    },
    "HLS": {
        "LUT": 6289,
        "FF": 2841,
        "DSP": 6,
        "BRAM": 64,
        "URAM": 0,
        "CP": 6.291
    },
    "IMPL": {
        "LUT": 3115,
        "FF": 2538,
        "DSP": 7,
        "BRAM": 64,
        "CP": 6.922,
        "PWR": 0.381
    }
}