{
    "LATENCY": {
        "best_latency": 798935,
        "worst_latency": 798946,
        "average_latency": 798941,
        "best_time_latency": "7.989 ms",
        "worst_time_latency": "7.989 ms",
        "average_time_latency": "7.989 ms",
        "min_interval": 798936,
        "max_interval": 798947,
        "Latency": 798941
    },
    "HLS": {
        "LUT": 11069,
        "FF": 4971,
        "DSP": 3,
        "BRAM": 64,
        "URAM": 0,
        "CP": 7.15
    },
    "IMPL": {
        "LUT": 4419,
        "FF": 4372,
        "DSP": 3,
        "BRAM": 65,
        "CP": 7.288,
        "PWR": 0.386
    }
}