{
    "LATENCY": {
        "best_latency": 7675838,
        "worst_latency": 7675838,
        "average_latency": 7675838,
        "best_time_latency": "76.758 ms",
        "worst_time_latency": "76.758 ms",
        "average_time_latency": "76.758 ms",
        "min_interval": 7675839,
        "max_interval": 7675839,
        "Latency": 7675838
    },
    "HLS": {
        "LUT": 3988,
        "FF": 2596,
        "DSP": 3,
        "BRAM": 64,
        "URAM": 0,
        "CP": 7.15
    },
    "IMPL": {
        "LUT": 2885,
        "FF": 2382,
        "DSP": 3,
        "BRAM": 64,
        "CP": 7.309,
        "PWR": 0.364
    }
}