{
    "LATENCY": {
        "best_latency": 920286,
        "worst_latency": 920286,
        "average_latency": 920286,
        "best_time_latency": "9.203 ms",
        "worst_time_latency": "9.203 ms",
        "average_time_latency": "9.203 ms",
        "min_interval": 920287,
        "max_interval": 920287,
        "Latency": 920286
    },
    "HLS": {
        "LUT": 10517,
        "FF": 3885,
        "DSP": 6,
        "BRAM": 60,
        "URAM": 0,
        "CP": 6.291
    },
    "IMPL": {
        "LUT": 3747,
        "FF": 3294,
        "DSP": 10,
        "BRAM": 64,
        "CP": 6.781,
        "PWR": 0.391
    }
}