{
    "LATENCY": {
        "best_latency": 793695,
        "worst_latency": 793695,
        "average_latency": 793695,
        "best_time_latency": "7.937 ms",
        "worst_time_latency": "7.937 ms",
        "average_time_latency": "7.937 ms",
        "min_interval": 793696,
        "max_interval": 793696,
        "Latency": 793695
    },
    "HLS": {
        "LUT": 17877,
        "FF": 14504,
        "DSP": 6,
        "BRAM": 64,
        "URAM": 0,
        "CP": 7.15
    },
    "IMPL": {
        "LUT": 15685,
        "FF": 14291,
        "DSP": 6,
        "BRAM": 64,
        "CP": 8.621,
        "PWR": 0.439
    }
}