{
    "LATENCY": {
        "best_latency": 92000,
        "worst_latency": 92010,
        "average_latency": 92006,
        "best_time_latency": "0.920 ms",
        "worst_time_latency": "0.920 ms",
        "average_time_latency": "0.920 ms",
        "min_interval": 92001,
        "max_interval": 92011,
        "Latency": 92006
    },
    "HLS": {
        "LUT": 43888,
        "FF": 43329,
        "DSP": 54,
        "BRAM": 192,
        "URAM": 0,
        "CP": 7.15
    },
    "IMPL": {
        "LUT": 50745,
        "FF": 42817,
        "DSP": 55,
        "BRAM": 192,
        "CP": 8.885,
        "PWR": 0.822
    }
}