{
    "LATENCY": {
        "best_latency": 890415,
        "worst_latency": 890415,
        "average_latency": 890415,
        "best_time_latency": "8.904 ms",
        "worst_time_latency": "8.904 ms",
        "average_time_latency": "8.904 ms",
        "min_interval": 890416,
        "max_interval": 890416,
        "Latency": 890415
    },
    "HLS": {
        "LUT": 4505,
        "FF": 2679,
        "DSP": 6,
        "BRAM": 64,
        "URAM": 0,
        "CP": 6.291
    },
    "IMPL": {
        "LUT": 2858,
        "FF": 2362,
        "DSP": 7,
        "BRAM": 64,
        "CP": 6.964,
        "PWR": 0.372
    }
}