{
    "LATENCY": {
        "best_latency": 836120,
        "worst_latency": 836120,
        "average_latency": 836120,
        "best_time_latency": "8.361 ms",
        "worst_time_latency": "8.361 ms",
        "average_time_latency": "8.361 ms",
        "min_interval": 836121,
        "max_interval": 836121,
        "Latency": 836120
    },
    "HLS": {
        "LUT": 6619,
        "FF": 3897,
        "DSP": 6,
        "BRAM": 64,
        "URAM": 0,
        "CP": 7.15
    },
    "IMPL": {
        "LUT": 3788,
        "FF": 3277,
        "DSP": 8,
        "BRAM": 64,
        "CP": 7.276,
        "PWR": 0.361
    }
}