{
    "LATENCY": {
        "best_latency": 835981,
        "worst_latency": 835981,
        "average_latency": 835981,
        "best_time_latency": "8.360 ms",
        "worst_time_latency": "8.360 ms",
        "average_time_latency": "8.360 ms",
        "min_interval": 835982,
        "max_interval": 835982,
        "Latency": 835981
    },
    "HLS": {
        "LUT": 6687,
        "FF": 3896,
        "DSP": 6,
        "BRAM": 64,
        "URAM": 0,
        "CP": 7.15
    },
    "IMPL": {
        "LUT": 3773,
        "FF": 3246,
        "DSP": 8,
        "BRAM": 64,
        "CP": 7.26,
        "PWR": 0.369
    }
}