{
    "LATENCY": {
        "best_latency": 349441,
        "worst_latency": 349441,
        "average_latency": 349441,
        "best_time_latency": "3.494 ms",
        "worst_time_latency": "3.494 ms",
        "average_time_latency": "3.494 ms",
        "min_interval": 349442,
        "max_interval": 349442,
        "Latency": 349441
    },
    "HLS": {
        "LUT": 12662,
        "FF": 4354,
        "DSP": 37,
        "BRAM": 0,
        "URAM": 0,
        "CP": 7.148
    },
    "IMPL": {
        "LUT": 9654,
        "FF": 5846,
        "DSP": 37,
        "BRAM": 0,
        "CP": 8.779,
        "PWR": 0.578
    }
}