{
    "LATENCY": {
        "best_latency": 43137,
        "worst_latency": 43137,
        "average_latency": 43137,
        "best_time_latency": "0.431 ms",
        "worst_time_latency": "0.431 ms",
        "average_time_latency": "0.431 ms",
        "min_interval": 43138,
        "max_interval": 43138,
        "Latency": 43137
    },
    "HLS": {
        "LUT": 15494,
        "FF": 13154,
        "DSP": 40,
        "BRAM": 0,
        "URAM": 0,
        "CP": 7.148
    },
    "IMPL": {
        "LUT": 16418,
        "FF": 14881,
        "DSP": 40,
        "BRAM": 0,
        "CP": 8.88,
        "PWR": 0.405
    }
}