{
    "LATENCY": {
        "best_latency": 336897,
        "worst_latency": 336897,
        "average_latency": 336897,
        "best_time_latency": "3.369 ms",
        "worst_time_latency": "3.369 ms",
        "average_time_latency": "3.369 ms",
        "min_interval": 336898,
        "max_interval": 336898,
        "Latency": 336897
    },
    "HLS": {
        "LUT": 17147,
        "FF": 5926,
        "DSP": 27,
        "BRAM": 0,
        "URAM": 0,
        "CP": 7.148
    },
    "IMPL": {
        "LUT": 13256,
        "FF": 7374,
        "DSP": 27,
        "BRAM": 0,
        "CP": 8.751,
        "PWR": 0.708
    }
}