{
    "LATENCY": {
        "best_latency": 2319,
        "worst_latency": 2319,
        "average_latency": 2319,
        "best_time_latency": "23.190 us",
        "worst_time_latency": "23.190 us",
        "average_time_latency": "23.190 us",
        "min_interval": 2320,
        "max_interval": 2320,
        "Latency": 2319
    },
    "HLS": {
        "LUT": 86993,
        "FF": 62856,
        "DSP": 198,
        "BRAM": 0,
        "URAM": 0,
        "CP": 7.654
    },
    "IMPL": {
        "LUT": 70480,
        "FF": 64815,
        "DSP": 198,
        "BRAM": 0,
        "CP": 9.609,
        "PWR": 0.959
    }
}