{
    "LATENCY": {
        "best_latency": 39425,
        "worst_latency": 39425,
        "average_latency": 39425,
        "best_time_latency": "0.394 ms",
        "worst_time_latency": "0.394 ms",
        "average_time_latency": "0.394 ms",
        "min_interval": 39426,
        "max_interval": 39426,
        "Latency": 39425
    },
    "HLS": {
        "LUT": 9928,
        "FF": 4999,
        "DSP": 37,
        "BRAM": 0,
        "URAM": 0,
        "CP": 7.148
    },
    "IMPL": {
        "LUT": 8812,
        "FF": 6806,
        "DSP": 37,
        "BRAM": 0,
        "CP": 8.658,
        "PWR": 0.433
    }
}