{
    "LATENCY": {
        "best_latency": 41857,
        "worst_latency": 41857,
        "average_latency": 41857,
        "best_time_latency": "0.419 ms",
        "worst_time_latency": "0.419 ms",
        "average_time_latency": "0.419 ms",
        "min_interval": 41858,
        "max_interval": 41858,
        "Latency": 41857
    },
    "HLS": {
        "LUT": 22289,
        "FF": 12844,
        "DSP": 36,
        "BRAM": 0,
        "URAM": 0,
        "CP": 7.148
    },
    "IMPL": {
        "LUT": 19530,
        "FF": 14510,
        "DSP": 36,
        "BRAM": 0,
        "CP": 8.882,
        "PWR": 0.885
    }
}