{
    "LATENCY": {
        "best_latency": 2321,
        "worst_latency": 2321,
        "average_latency": 2321,
        "best_time_latency": "23.210 us",
        "worst_time_latency": "23.210 us",
        "average_time_latency": "23.210 us",
        "min_interval": 2322,
        "max_interval": 2322,
        "Latency": 2321
    },
    "HLS": {
        "LUT": 135116,
        "FF": 67128,
        "DSP": 204,
        "BRAM": 0,
        "URAM": 0,
        "CP": 7.697
    },
    "IMPL": {
        "LUT": 76740,
        "FF": 68562,
        "DSP": 204,
        "BRAM": 0,
        "CP": 9.675,
        "PWR": 1.0
    }
}