{
    "LATENCY": {
        "best_latency": 44801,
        "worst_latency": 44801,
        "average_latency": 44801,
        "best_time_latency": "0.448 ms",
        "worst_time_latency": "0.448 ms",
        "average_time_latency": "0.448 ms",
        "min_interval": 44802,
        "max_interval": 44802,
        "Latency": 44801
    },
    "HLS": {
        "LUT": 23819,
        "FF": 10960,
        "DSP": 48,
        "BRAM": 0,
        "URAM": 0,
        "CP": 7.148
    },
    "IMPL": {
        "LUT": 23806,
        "FF": 12245,
        "DSP": 48,
        "BRAM": 0,
        "CP": 8.827,
        "PWR": 0.644
    }
}