{
    "LATENCY": {
        "best_latency": 177153,
        "worst_latency": 177153,
        "average_latency": 177153,
        "best_time_latency": "1.772 ms",
        "worst_time_latency": "1.772 ms",
        "average_time_latency": "1.772 ms",
        "min_interval": 177154,
        "max_interval": 177154,
        "Latency": 177153
    },
    "HLS": {
        "LUT": 15191,
        "FF": 8058,
        "DSP": 94,
        "BRAM": 0,
        "URAM": 0,
        "CP": 7.148
    },
    "IMPL": {
        "LUT": 17009,
        "FF": 11113,
        "DSP": 94,
        "BRAM": 0,
        "CP": 8.834,
        "PWR": 0.882
    }
}