{
    "LATENCY": {
        "best_latency": 2454,
        "worst_latency": 2454,
        "average_latency": 2454,
        "best_time_latency": "24.540 us",
        "worst_time_latency": "24.540 us",
        "average_time_latency": "24.540 us",
        "min_interval": 2455,
        "max_interval": 2455,
        "Latency": 2454
    },
    "HLS": {
        "LUT": 87815,
        "FF": 47992,
        "DSP": 147,
        "BRAM": 0,
        "URAM": 0,
        "CP": 7.697
    },
    "IMPL": {
        "LUT": 69370,
        "FF": 50581,
        "DSP": 147,
        "BRAM": 0,
        "CP": 9.383,
        "PWR": 0.785
    }
}