{
    "LATENCY": {
        "best_latency": 349185,
        "worst_latency": 349185,
        "average_latency": 349185,
        "best_time_latency": "3.492 ms",
        "worst_time_latency": "3.492 ms",
        "average_time_latency": "3.492 ms",
        "min_interval": 349186,
        "max_interval": 349186,
        "Latency": 349185
    },
    "HLS": {
        "LUT": 13051,
        "FF": 4600,
        "DSP": 40,
        "BRAM": 0,
        "URAM": 0,
        "CP": 7.148
    },
    "IMPL": {
        "LUT": 10690,
        "FF": 6171,
        "DSP": 40,
        "BRAM": 0,
        "CP": 8.143,
        "PWR": 0.618
    }
}