{
    "LATENCY": {
        "best_latency": 2320,
        "worst_latency": 2320,
        "average_latency": 2320,
        "best_time_latency": "23.200 us",
        "worst_time_latency": "23.200 us",
        "average_time_latency": "23.200 us",
        "min_interval": 2321,
        "max_interval": 2321,
        "Latency": 2320
    },
    "HLS": {
        "LUT": 85403,
        "FF": 66748,
        "DSP": 164,
        "BRAM": 0,
        "URAM": 0,
        "CP": 7.654
    },
    "IMPL": {
        "LUT": 78593,
        "FF": 69297,
        "DSP": 164,
        "BRAM": 0,
        "CP": 9.733,
        "PWR": 0.972
    }
}