{
    "LATENCY": {
        "best_latency": 181249,
        "worst_latency": 181249,
        "average_latency": 181249,
        "best_time_latency": "1.812 ms",
        "worst_time_latency": "1.812 ms",
        "average_time_latency": "1.812 ms",
        "min_interval": 181250,
        "max_interval": 181250,
        "Latency": 181249
    },
    "HLS": {
        "LUT": 20964,
        "FF": 7705,
        "DSP": 74,
        "BRAM": 0,
        "URAM": 0,
        "CP": 7.148
    },
    "IMPL": {
        "LUT": 21087,
        "FF": 10960,
        "DSP": 74,
        "BRAM": 0,
        "CP": 8.636,
        "PWR": 0.966
    }
}