{
    "LATENCY": {
        "best_latency": 43137,
        "worst_latency": 43137,
        "average_latency": 43137,
        "best_time_latency": "0.431 ms",
        "worst_time_latency": "0.431 ms",
        "average_time_latency": "0.431 ms",
        "min_interval": 43138,
        "max_interval": 43138,
        "Latency": 43137
    },
    "HLS": {
        "LUT": 13256,
        "FF": 11077,
        "DSP": 37,
        "BRAM": 0,
        "URAM": 0,
        "CP": 7.148
    },
    "IMPL": {
        "LUT": 12793,
        "FF": 12799,
        "DSP": 37,
        "BRAM": 0,
        "CP": 8.813,
        "PWR": 0.465
    }
}