{
    "LATENCY": {
        "best_latency": 179073,
        "worst_latency": 179073,
        "average_latency": 179073,
        "best_time_latency": "1.791 ms",
        "worst_time_latency": "1.791 ms",
        "average_time_latency": "1.791 ms",
        "min_interval": 179074,
        "max_interval": 179074,
        "Latency": 179073
    },
    "HLS": {
        "LUT": 35464,
        "FF": 10088,
        "DSP": 74,
        "BRAM": 0,
        "URAM": 0,
        "CP": 7.148
    },
    "IMPL": {
        "LUT": 26316,
        "FF": 13226,
        "DSP": 74,
        "BRAM": 0,
        "CP": 9.048,
        "PWR": 1.105
    }
}