{
    "LATENCY": {
        "best_latency": 2332,
        "worst_latency": 2332,
        "average_latency": 2332,
        "best_time_latency": "23.320 us",
        "worst_time_latency": "23.320 us",
        "average_time_latency": "23.320 us",
        "min_interval": 2333,
        "max_interval": 2333,
        "Latency": 2332
    },
    "HLS": {
        "LUT": 89814,
        "FF": 65513,
        "DSP": 204,
        "BRAM": 0,
        "URAM": 0,
        "CP": 7.654
    },
    "IMPL": {
        "LUT": 72536,
        "FF": 68774,
        "DSP": 204,
        "BRAM": 0,
        "CP": 9.67,
        "PWR": 0.961
    }
}