{
    "LATENCY": {
        "best_latency": 43009,
        "worst_latency": 43009,
        "average_latency": 43009,
        "best_time_latency": "0.430 ms",
        "worst_time_latency": "0.430 ms",
        "average_time_latency": "0.430 ms",
        "min_interval": 43010,
        "max_interval": 43010,
        "Latency": 43009
    },
    "HLS": {
        "LUT": 14461,
        "FF": 11790,
        "DSP": 30,
        "BRAM": 0,
        "URAM": 0,
        "CP": 7.148
    },
    "IMPL": {
        "LUT": 16369,
        "FF": 13512,
        "DSP": 30,
        "BRAM": 0,
        "CP": 8.917,
        "PWR": 0.465
    }
}