{
    "LATENCY": {
        "best_latency": 41729,
        "worst_latency": 41729,
        "average_latency": 41729,
        "best_time_latency": "0.417 ms",
        "worst_time_latency": "0.417 ms",
        "average_time_latency": "0.417 ms",
        "min_interval": 41730,
        "max_interval": 41730,
        "Latency": 41729
    },
    "HLS": {
        "LUT": 12056,
        "FF": 6807,
        "DSP": 27,
        "BRAM": 0,
        "URAM": 0,
        "CP": 7.148
    },
    "IMPL": {
        "LUT": 12073,
        "FF": 8527,
        "DSP": 27,
        "BRAM": 0,
        "CP": 8.78,
        "PWR": 0.44
    }
}