{
    "LATENCY": {
        "best_latency": 2463,
        "worst_latency": 2463,
        "average_latency": 2463,
        "best_time_latency": "24.630 us",
        "worst_time_latency": "24.630 us",
        "average_time_latency": "24.630 us",
        "min_interval": 2464,
        "max_interval": 2464,
        "Latency": 2463
    },
    "HLS": {
        "LUT": 69987,
        "FF": 48029,
        "DSP": 177,
        "BRAM": 0,
        "URAM": 0,
        "CP": 7.697
    },
    "IMPL": {
        "LUT": 60639,
        "FF": 50828,
        "DSP": 177,
        "BRAM": 0,
        "CP": 9.643,
        "PWR": 1.37
    }
}