{
    "LATENCY": {
        "best_latency": 177025,
        "worst_latency": 177025,
        "average_latency": 177025,
        "best_time_latency": "1.770 ms",
        "worst_time_latency": "1.770 ms",
        "average_time_latency": "1.770 ms",
        "min_interval": 177026,
        "max_interval": 177026,
        "Latency": 177025
    },
    "HLS": {
        "LUT": 27171,
        "FF": 10718,
        "DSP": 71,
        "BRAM": 0,
        "URAM": 0,
        "CP": 7.148
    },
    "IMPL": {
        "LUT": 30083,
        "FF": 13990,
        "DSP": 71,
        "BRAM": 0,
        "CP": 8.84,
        "PWR": 1.167
    }
}