{
    "LATENCY": {
        "best_latency": 42753,
        "worst_latency": 42753,
        "average_latency": 42753,
        "best_time_latency": "0.428 ms",
        "worst_time_latency": "0.428 ms",
        "average_time_latency": "0.428 ms",
        "min_interval": 42754,
        "max_interval": 42754,
        "Latency": 42753
    },
    "HLS": {
        "LUT": 15805,
        "FF": 6946,
        "DSP": 27,
        "BRAM": 0,
        "URAM": 0,
        "CP": 7.148
    },
    "IMPL": {
        "LUT": 13022,
        "FF": 8590,
        "DSP": 27,
        "BRAM": 0,
        "CP": 8.946,
        "PWR": 0.455
    }
}