{
    "LATENCY": {
        "best_latency": 47105,
        "worst_latency": 47105,
        "average_latency": 47105,
        "best_time_latency": "0.471 ms",
        "worst_time_latency": "0.471 ms",
        "average_time_latency": "0.471 ms",
        "min_interval": 47106,
        "max_interval": 47106,
        "Latency": 47105
    },
    "HLS": {
        "LUT": 13946,
        "FF": 7006,
        "DSP": 30,
        "BRAM": 0,
        "URAM": 0,
        "CP": 7.148
    },
    "IMPL": {
        "LUT": 12554,
        "FF": 8855,
        "DSP": 30,
        "BRAM": 0,
        "CP": 8.746,
        "PWR": 0.416
    }
}