{
    "LATENCY": {
        "best_latency": 2319,
        "worst_latency": 2319,
        "average_latency": 2319,
        "best_time_latency": "23.190 us",
        "worst_time_latency": "23.190 us",
        "average_time_latency": "23.190 us",
        "min_interval": 2320,
        "max_interval": 2320,
        "Latency": 2319
    },
    "HLS": {
        "LUT": 76350,
        "FF": 64152,
        "DSP": 184,
        "BRAM": 0,
        "URAM": 0,
        "CP": 7.654
    },
    "IMPL": {
        "LUT": 74254,
        "FF": 67469,
        "DSP": 184,
        "BRAM": 0,
        "CP": 9.599,
        "PWR": 0.945
    }
}