{
    "LATENCY": {
        "best_latency": 38529,
        "worst_latency": 38529,
        "average_latency": 38529,
        "best_time_latency": "0.385 ms",
        "worst_time_latency": "0.385 ms",
        "average_time_latency": "0.385 ms",
        "min_interval": 38530,
        "max_interval": 38530,
        "Latency": 38529
    },
    "HLS": {
        "LUT": 14772,
        "FF": 8279,
        "DSP": 40,
        "BRAM": 0,
        "URAM": 0,
        "CP": 7.148
    },
    "IMPL": {
        "LUT": 12598,
        "FF": 9811,
        "DSP": 40,
        "BRAM": 0,
        "CP": 8.797,
        "PWR": 0.497
    }
}