{
    "LATENCY": {
        "best_latency": 2317,
        "worst_latency": 2317,
        "average_latency": 2317,
        "best_time_latency": "23.170 us",
        "worst_time_latency": "23.170 us",
        "average_time_latency": "23.170 us",
        "min_interval": 2318,
        "max_interval": 2318,
        "Latency": 2317
    },
    "HLS": {
        "LUT": 86655,
        "FF": 67159,
        "DSP": 164,
        "BRAM": 0,
        "URAM": 0,
        "CP": 7.654
    },
    "IMPL": {
        "LUT": 83182,
        "FF": 70237,
        "DSP": 164,
        "BRAM": 0,
        "CP": 9.579,
        "PWR": 1.104
    }
}