{
    "LATENCY": {
        "best_latency": 2457,
        "worst_latency": 2457,
        "average_latency": 2457,
        "best_time_latency": "24.570 us",
        "worst_time_latency": "24.570 us",
        "average_time_latency": "24.570 us",
        "min_interval": 2458,
        "max_interval": 2458,
        "Latency": 2457
    },
    "HLS": {
        "LUT": 75099,
        "FF": 48330,
        "DSP": 151,
        "BRAM": 0,
        "URAM": 0,
        "CP": 7.697
    },
    "IMPL": {
        "LUT": 61407,
        "FF": 50603,
        "DSP": 151,
        "BRAM": 0,
        "CP": 9.564,
        "PWR": 1.276
    }
}