{
    "LATENCY": {
        "best_latency": 2338,
        "worst_latency": 2338,
        "average_latency": 2338,
        "best_time_latency": "23.380 us",
        "worst_time_latency": "23.380 us",
        "average_time_latency": "23.380 us",
        "min_interval": 2339,
        "max_interval": 2339,
        "Latency": 2338
    },
    "HLS": {
        "LUT": 92132,
        "FF": 64562,
        "DSP": 133,
        "BRAM": 0,
        "URAM": 0,
        "CP": 7.654
    },
    "IMPL": {
        "LUT": 88010,
        "FF": 66482,
        "DSP": 133,
        "BRAM": 0,
        "CP": 9.69,
        "PWR": 0.901
    }
}