{
    "LATENCY": {
        "best_latency": 2462,
        "worst_latency": 2462,
        "average_latency": 2462,
        "best_time_latency": "24.620 us",
        "worst_time_latency": "24.620 us",
        "average_time_latency": "24.620 us",
        "min_interval": 2463,
        "max_interval": 2463,
        "Latency": 2462
    },
    "HLS": {
        "LUT": 57257,
        "FF": 47640,
        "DSP": 171,
        "BRAM": 0,
        "URAM": 0,
        "CP": 7.697
    },
    "IMPL": {
        "LUT": 57785,
        "FF": 50055,
        "DSP": 171,
        "BRAM": 0,
        "CP": 9.565,
        "PWR": 1.268
    }
}