{
    "LATENCY": {
        "best_latency": 44161,
        "worst_latency": 44161,
        "average_latency": 44161,
        "best_time_latency": "0.442 ms",
        "worst_time_latency": "0.442 ms",
        "average_time_latency": "0.442 ms",
        "min_interval": 44162,
        "max_interval": 44162,
        "Latency": 44161
    },
    "HLS": {
        "LUT": 25603,
        "FF": 12543,
        "DSP": 27,
        "BRAM": 0,
        "URAM": 0,
        "CP": 7.148
    },
    "IMPL": {
        "LUT": 17129,
        "FF": 14540,
        "DSP": 27,
        "BRAM": 0,
        "CP": 8.997,
        "PWR": 0.845
    }
}