{
    "LATENCY": {
        "best_latency": 2316,
        "worst_latency": 2316,
        "average_latency": 2316,
        "best_time_latency": "23.160 us",
        "worst_time_latency": "23.160 us",
        "average_time_latency": "23.160 us",
        "min_interval": 2317,
        "max_interval": 2317,
        "Latency": 2316
    },
    "HLS": {
        "LUT": 76614,
        "FF": 64724,
        "DSP": 144,
        "BRAM": 0,
        "URAM": 0,
        "CP": 7.654
    },
    "IMPL": {
        "LUT": 85344,
        "FF": 67900,
        "DSP": 144,
        "BRAM": 0,
        "CP": 9.679,
        "PWR": 1.099
    }
}