{
    "LATENCY": {
        "best_latency": 2454,
        "worst_latency": 2454,
        "average_latency": 2454,
        "best_time_latency": "24.540 us",
        "worst_time_latency": "24.540 us",
        "average_time_latency": "24.540 us",
        "min_interval": 2455,
        "max_interval": 2455,
        "Latency": 2454
    },
    "HLS": {
        "LUT": 85459,
        "FF": 46736,
        "DSP": 127,
        "BRAM": 0,
        "URAM": 0,
        "CP": 7.697
    },
    "IMPL": {
        "LUT": 68880,
        "FF": 49647,
        "DSP": 127,
        "BRAM": 0,
        "CP": 9.602,
        "PWR": 0.868
    }
}