{
    "LATENCY": {
        "best_latency": 758493,
        "worst_latency": 758512,
        "average_latency": 758503,
        "best_time_latency": "7.585 ms",
        "worst_time_latency": "7.585 ms",
        "average_time_latency": "7.585 ms",
        "min_interval": 758494,
        "max_interval": 758513,
        "Latency": 758503
    },
    "HLS": {
        "LUT": 103533,
        "FF": 20244,
        "DSP": 12,
        "BRAM": 60,
        "URAM": 0,
        "CP": 7.372
    },
    "IMPL": {
        "LUT": 16543,
        "FF": 19032,
        "DSP": 18,
        "BRAM": 64,
        "CP": 9.292,
        "PWR": 0.538
    }
}