{
    "LATENCY": {
        "best_latency": 927333,
        "worst_latency": 927333,
        "average_latency": 927333,
        "best_time_latency": "9.273 ms",
        "worst_time_latency": "9.273 ms",
        "average_time_latency": "9.273 ms",
        "min_interval": 927334,
        "max_interval": 927334,
        "Latency": 927333
    },
    "HLS": {
        "LUT": 6957,
        "FF": 4118,
        "DSP": 9,
        "BRAM": 64,
        "URAM": 0,
        "CP": 7.139
    },
    "IMPL": {
        "LUT": 2960,
        "FF": 3227,
        "DSP": 12,
        "BRAM": 64,
        "CP": 7.486,
        "PWR": 0.408
    }
}