{
    "LATENCY": {
        "best_latency": 1211514,
        "worst_latency": 1211535,
        "average_latency": 1211525,
        "best_time_latency": "12.115 ms",
        "worst_time_latency": "12.115 ms",
        "average_time_latency": "12.115 ms",
        "min_interval": 1211515,
        "max_interval": 1211536,
        "Latency": 1211525
    },
    "HLS": {
        "LUT": 7485,
        "FF": 4724,
        "DSP": 9,
        "BRAM": 64,
        "URAM": 0,
        "CP": 7.15
    },
    "IMPL": {
        "LUT": 4162,
        "FF": 3457,
        "DSP": 12,
        "BRAM": 64,
        "CP": 7.606,
        "PWR": 0.384
    }
}