{
    "LATENCY": {
        "best_latency": 964928,
        "worst_latency": 964949,
        "average_latency": 964939,
        "best_time_latency": "9.649 ms",
        "worst_time_latency": "9.649 ms",
        "average_time_latency": "9.649 ms",
        "min_interval": 964929,
        "max_interval": 964950,
        "Latency": 964939
    },
    "HLS": {
        "LUT": 13090,
        "FF": 5648,
        "DSP": 6,
        "BRAM": 60,
        "URAM": 0,
        "CP": 7.139
    },
    "IMPL": {
        "LUT": 4804,
        "FF": 4258,
        "DSP": 14,
        "BRAM": 64,
        "CP": 7.183,
        "PWR": 0.399
    }
}