{
    "LATENCY": {
        "best_latency": 1134146,
        "worst_latency": 1134146,
        "average_latency": 1134146,
        "best_time_latency": "11.341 ms",
        "worst_time_latency": "11.341 ms",
        "average_time_latency": "11.341 ms",
        "min_interval": 1134147,
        "max_interval": 1134147,
        "Latency": 1134146
    },
    "HLS": {
        "LUT": 8697,
        "FF": 5172,
        "DSP": 3,
        "BRAM": 64,
        "URAM": 0,
        "CP": 7.15
    },
    "IMPL": {
        "LUT": 4530,
        "FF": 4413,
        "DSP": 9,
        "BRAM": 64,
        "CP": 7.355,
        "PWR": 0.398
    }
}