{
    "LATENCY": {
        "best_latency": 813663,
        "worst_latency": 813663,
        "average_latency": 813663,
        "best_time_latency": "8.137 ms",
        "worst_time_latency": "8.137 ms",
        "average_time_latency": "8.137 ms",
        "min_interval": 813664,
        "max_interval": 813664,
        "Latency": 813663
    },
    "HLS": {
        "LUT": 5916,
        "FF": 3373,
        "DSP": 3,
        "BRAM": 64,
        "URAM": 0,
        "CP": 6.291
    },
    "IMPL": {
        "LUT": 3247,
        "FF": 2867,
        "DSP": 5,
        "BRAM": 64,
        "CP": 6.692,
        "PWR": 0.374
    }
}