{
    "LATENCY": {
        "best_latency": 698185,
        "worst_latency": 698185,
        "average_latency": 698185,
        "best_time_latency": "6.982 ms",
        "worst_time_latency": "6.982 ms",
        "average_time_latency": "6.982 ms",
        "min_interval": 698186,
        "max_interval": 698186,
        "Latency": 698185
    },
    "HLS": {
        "LUT": 76404,
        "FF": 28761,
        "DSP": 3,
        "BRAM": 60,
        "URAM": 0,
        "CP": 7.372
    },
    "IMPL": {
        "LUT": 23441,
        "FF": 27914,
        "DSP": 8,
        "BRAM": 64,
        "CP": 9.457,
        "PWR": 0.513
    }
}