{
    "LATENCY": {
        "best_latency": 864134,
        "worst_latency": 864134,
        "average_latency": 864134,
        "best_time_latency": "8.641 ms",
        "worst_time_latency": "8.641 ms",
        "average_time_latency": "8.641 ms",
        "min_interval": 864135,
        "max_interval": 864135,
        "Latency": 864134
    },
    "HLS": {
        "LUT": 29632,
        "FF": 21174,
        "DSP": 3,
        "BRAM": 64,
        "URAM": 0,
        "CP": 7.15
    },
    "IMPL": {
        "LUT": 25050,
        "FF": 20657,
        "DSP": 3,
        "BRAM": 64,
        "CP": 9.28,
        "PWR": 0.514
    }
}