{
    "LATENCY": {
        "best_latency": 1089879,
        "worst_latency": 1089879,
        "average_latency": 1089879,
        "best_time_latency": "10.899 ms",
        "worst_time_latency": "10.899 ms",
        "average_time_latency": "10.899 ms",
        "min_interval": 1089880,
        "max_interval": 1089880,
        "Latency": 1089879
    },
    "HLS": {
        "LUT": 6629,
        "FF": 3584,
        "DSP": 3,
        "BRAM": 64,
        "URAM": 0,
        "CP": 7.15
    },
    "IMPL": {
        "LUT": 3777,
        "FF": 3144,
        "DSP": 5,
        "BRAM": 64,
        "CP": 7.483,
        "PWR": 0.38
    }
}