{
    "LATENCY": {
        "best_latency": 218404,
        "worst_latency": 218404,
        "average_latency": 218404,
        "best_time_latency": "2.184 ms",
        "worst_time_latency": "2.184 ms",
        "average_time_latency": "2.184 ms",
        "min_interval": 218405,
        "max_interval": 218405,
        "Latency": 218404
    },
    "HLS": {
        "LUT": 36707,
        "FF": 27980,
        "DSP": 6,
        "BRAM": 64,
        "URAM": 0,
        "CP": 7.355
    },
    "IMPL": {
        "LUT": 35900,
        "FF": 27382,
        "DSP": 6,
        "BRAM": 64,
        "CP": 9.186,
        "PWR": 0.495
    }
}