{
    "LATENCY": {
        "best_latency": 7950366,
        "worst_latency": 7950366,
        "average_latency": 7950366,
        "best_time_latency": "79.504 ms",
        "worst_time_latency": "79.504 ms",
        "average_time_latency": "79.504 ms",
        "min_interval": 7950367,
        "max_interval": 7950367,
        "Latency": 7950366
    },
    "HLS": {
        "LUT": 21773,
        "FF": 14662,
        "DSP": 3,
        "BRAM": 64,
        "URAM": 0,
        "CP": 7.389
    },
    "IMPL": {
        "LUT": 15423,
        "FF": 14475,
        "DSP": 4,
        "BRAM": 63,
        "CP": 9.03,
        "PWR": 0.444
    }
}