{
    "LATENCY": {
        "best_latency": 945200,
        "worst_latency": 945200,
        "average_latency": 945200,
        "best_time_latency": "9.452 ms",
        "worst_time_latency": "9.452 ms",
        "average_time_latency": "9.452 ms",
        "min_interval": 945201,
        "max_interval": 945201,
        "Latency": 945200
    },
    "HLS": {
        "LUT": 18327,
        "FF": 5524,
        "DSP": 6,
        "BRAM": 60,
        "URAM": 0,
        "CP": 7.139
    },
    "IMPL": {
        "LUT": 4728,
        "FF": 4283,
        "DSP": 13,
        "BRAM": 65,
        "CP": 7.217,
        "PWR": 0.457
    }
}