{
    "LATENCY": {
        "best_latency": 828460,
        "worst_latency": 828460,
        "average_latency": 828460,
        "best_time_latency": "8.285 ms",
        "worst_time_latency": "8.285 ms",
        "average_time_latency": "8.285 ms",
        "min_interval": 828461,
        "max_interval": 828461,
        "Latency": 828460
    },
    "HLS": {
        "LUT": 22326,
        "FF": 15432,
        "DSP": 6,
        "BRAM": 64,
        "URAM": 0,
        "CP": 7.355
    },
    "IMPL": {
        "LUT": 15239,
        "FF": 14820,
        "DSP": 8,
        "BRAM": 64,
        "CP": 9.323,
        "PWR": 0.442
    }
}