{
    "LATENCY": {
        "best_latency": 939467,
        "worst_latency": 939483,
        "average_latency": 939476,
        "best_time_latency": "9.395 ms",
        "worst_time_latency": "9.395 ms",
        "average_time_latency": "9.395 ms",
        "min_interval": 939468,
        "max_interval": 939484,
        "Latency": 939476
    },
    "HLS": {
        "LUT": 6942,
        "FF": 3116,
        "DSP": 3,
        "BRAM": 64,
        "URAM": 0,
        "CP": 6.414
    },
    "IMPL": {
        "LUT": 3580,
        "FF": 2749,
        "DSP": 5,
        "BRAM": 64,
        "CP": 7.013,
        "PWR": 0.406
    }
}