{
    "LATENCY": {
        "best_latency": 768260,
        "worst_latency": 768260,
        "average_latency": 768260,
        "best_time_latency": "7.683 ms",
        "worst_time_latency": "7.683 ms",
        "average_time_latency": "7.683 ms",
        "min_interval": 768261,
        "max_interval": 768261,
        "Latency": 768260
    },
    "HLS": {
        "LUT": 140669,
        "FF": 29712,
        "DSP": 6,
        "BRAM": 60,
        "URAM": 0,
        "CP": 7.15
    },
    "IMPL": {
        "LUT": 28060,
        "FF": 27497,
        "DSP": 10,
        "BRAM": 65,
        "CP": 9.287,
        "PWR": 0.576
    }
}