{
    "LATENCY": {
        "best_latency": 677619,
        "worst_latency": 677619,
        "average_latency": 677619,
        "best_time_latency": "6.776 ms",
        "worst_time_latency": "6.776 ms",
        "average_time_latency": "6.776 ms",
        "min_interval": 677620,
        "max_interval": 677620,
        "Latency": 677619
    },
    "HLS": {
        "LUT": 42703,
        "FF": 31066,
        "DSP": 3,
        "BRAM": 64,
        "URAM": 0,
        "CP": 8.292
    },
    "IMPL": {
        "LUT": 34488,
        "FF": 30081,
        "DSP": 4,
        "BRAM": 64,
        "CP": 10.068,
        "PWR": 0.557
    }
}