{
    "LATENCY": {
        "best_latency": 674901,
        "worst_latency": 674901,
        "average_latency": 674901,
        "best_time_latency": "6.749 ms",
        "worst_time_latency": "6.749 ms",
        "average_time_latency": "6.749 ms",
        "min_interval": 674902,
        "max_interval": 674902,
        "Latency": 674901
    },
    "HLS": {
        "LUT": 54535,
        "FF": 40322,
        "DSP": 3,
        "BRAM": 64,
        "URAM": 0,
        "CP": 8.292
    },
    "IMPL": {
        "LUT": 44124,
        "FF": 36094,
        "DSP": 4,
        "BRAM": 65,
        "CP": 9.634,
        "PWR": 0.623
    }
}