{
    "LATENCY": {
        "best_latency": 7129866,
        "worst_latency": 7129887,
        "average_latency": 7129877,
        "best_time_latency": "71.299 ms",
        "worst_time_latency": "71.299 ms",
        "average_time_latency": "71.299 ms",
        "min_interval": 7129867,
        "max_interval": 7129888,
        "Latency": 7129877
    },
    "HLS": {
        "LUT": 15231,
        "FF": 5176,
        "DSP": 6,
        "BRAM": 60,
        "URAM": 0,
        "CP": 7.139
    },
    "IMPL": {
        "LUT": 3926,
        "FF": 4313,
        "DSP": 16,
        "BRAM": 64,
        "CP": 7.207,
        "PWR": 0.389
    }
}