{
    "LATENCY": {
        "best_latency": 1067242,
        "worst_latency": 1067242,
        "average_latency": 1067242,
        "best_time_latency": "10.672 ms",
        "worst_time_latency": "10.672 ms",
        "average_time_latency": "10.672 ms",
        "min_interval": 1067243,
        "max_interval": 1067243,
        "Latency": 1067242
    },
    "HLS": {
        "LUT": 17093,
        "FF": 5345,
        "DSP": 3,
        "BRAM": 60,
        "URAM": 0,
        "CP": 7.15
    },
    "IMPL": {
        "LUT": 5325,
        "FF": 4554,
        "DSP": 10,
        "BRAM": 64,
        "CP": 7.751,
        "PWR": 0.389
    }
}