{
    "LATENCY": {
        "best_latency": 1305103,
        "worst_latency": 1305128,
        "average_latency": 1305116,
        "best_time_latency": "13.051 ms",
        "worst_time_latency": "13.051 ms",
        "average_time_latency": "13.051 ms",
        "min_interval": 1305104,
        "max_interval": 1305129,
        "Latency": 1305116
    },
    "HLS": {
        "LUT": 12588,
        "FF": 4773,
        "DSP": 3,
        "BRAM": 60,
        "URAM": 0,
        "CP": 7.15
    },
    "IMPL": {
        "LUT": 4306,
        "FF": 4072,
        "DSP": 9,
        "BRAM": 64,
        "CP": 7.649,
        "PWR": 0.43
    }
}