{
    "LATENCY": {
        "best_latency": 829477,
        "worst_latency": 829477,
        "average_latency": 829477,
        "best_time_latency": "8.295 ms",
        "worst_time_latency": "8.295 ms",
        "average_time_latency": "8.295 ms",
        "min_interval": 829478,
        "max_interval": 829478,
        "Latency": 829477
    },
    "HLS": {
        "LUT": 48429,
        "FF": 20559,
        "DSP": 6,
        "BRAM": 64,
        "URAM": 0,
        "CP": 7.389
    },
    "IMPL": {
        "LUT": 17579,
        "FF": 20013,
        "DSP": 6,
        "BRAM": 64,
        "CP": 9.21,
        "PWR": 0.431
    }
}