{
    "LATENCY": {
        "best_latency": 899010,
        "worst_latency": 899010,
        "average_latency": 899010,
        "best_time_latency": "8.990 ms",
        "worst_time_latency": "8.990 ms",
        "average_time_latency": "8.990 ms",
        "min_interval": 899011,
        "max_interval": 899011,
        "Latency": 899010
    },
    "HLS": {
        "LUT": 12523,
        "FF": 4652,
        "DSP": 9,
        "BRAM": 60,
        "URAM": 0,
        "CP": 7.139
    },
    "IMPL": {
        "LUT": 3780,
        "FF": 3426,
        "DSP": 15,
        "BRAM": 63,
        "CP": 7.154,
        "PWR": 0.425
    }
}