{
    "LATENCY": {
        "best_latency": 813605,
        "worst_latency": 813605,
        "average_latency": 813605,
        "best_time_latency": "8.136 ms",
        "worst_time_latency": "8.136 ms",
        "average_time_latency": "8.136 ms",
        "min_interval": 813606,
        "max_interval": 813606,
        "Latency": 813605
    },
    "HLS": {
        "LUT": 5707,
        "FF": 4020,
        "DSP": 6,
        "BRAM": 64,
        "URAM": 0,
        "CP": 7.15
    },
    "IMPL": {
        "LUT": 3637,
        "FF": 3561,
        "DSP": 8,
        "BRAM": 64,
        "CP": 7.324,
        "PWR": 0.378
    }
}