{
    "LATENCY": {
        "best_latency": 796311,
        "worst_latency": 796311,
        "average_latency": 796311,
        "best_time_latency": "7.963 ms",
        "worst_time_latency": "7.963 ms",
        "average_time_latency": "7.963 ms",
        "min_interval": 796312,
        "max_interval": 796312,
        "Latency": 796311
    },
    "HLS": {
        "LUT": 5420,
        "FF": 3238,
        "DSP": 3,
        "BRAM": 64,
        "URAM": 0,
        "CP": 6.291
    },
    "IMPL": {
        "LUT": 3225,
        "FF": 2838,
        "DSP": 5,
        "BRAM": 64,
        "CP": 7.134,
        "PWR": 0.374
    }
}