{
    "LATENCY": {
        "best_latency": 903883,
        "worst_latency": 903899,
        "average_latency": 903892,
        "best_time_latency": "9.039 ms",
        "worst_time_latency": "9.039 ms",
        "average_time_latency": "9.039 ms",
        "min_interval": 903884,
        "max_interval": 903900,
        "Latency": 903892
    },
    "HLS": {
        "LUT": 7040,
        "FF": 3831,
        "DSP": 3,
        "BRAM": 64,
        "URAM": 0,
        "CP": 6.291
    },
    "IMPL": {
        "LUT": 3835,
        "FF": 3318,
        "DSP": 5,
        "BRAM": 64,
        "CP": 7.372,
        "PWR": 0.42
    }
}