{
    "LATENCY": {
        "best_latency": 976694,
        "worst_latency": 976704,
        "average_latency": 976700,
        "best_time_latency": "9.767 ms",
        "worst_time_latency": "9.767 ms",
        "average_time_latency": "9.767 ms",
        "min_interval": 976695,
        "max_interval": 976705,
        "Latency": 976700
    },
    "HLS": {
        "LUT": 9297,
        "FF": 5642,
        "DSP": 6,
        "BRAM": 64,
        "URAM": 0,
        "CP": 7.15
    },
    "IMPL": {
        "LUT": 3935,
        "FF": 4458,
        "DSP": 11,
        "BRAM": 64,
        "CP": 7.307,
        "PWR": 0.4
    }
}