{
    "LATENCY": {
        "best_latency": 8126218,
        "worst_latency": 8126218,
        "average_latency": 8126218,
        "best_time_latency": "81.262 ms",
        "worst_time_latency": "81.262 ms",
        "average_time_latency": "81.262 ms",
        "min_interval": 8126219,
        "max_interval": 8126219,
        "Latency": 8126218
    },
    "HLS": {
        "LUT": 4202,
        "FF": 3231,
        "DSP": 3,
        "BRAM": 64,
        "URAM": 0,
        "CP": 6.291
    },
    "IMPL": {
        "LUT": 2767,
        "FF": 2734,
        "DSP": 8,
        "BRAM": 64,
        "CP": 6.843,
        "PWR": 0.407
    }
}