{
    "LATENCY": {
        "best_latency": 688876,
        "worst_latency": 688899,
        "average_latency": 688888,
        "best_time_latency": "6.889 ms",
        "worst_time_latency": "6.889 ms",
        "average_time_latency": "6.889 ms",
        "min_interval": 688877,
        "max_interval": 688900,
        "Latency": 688888
    },
    "HLS": {
        "LUT": 50806,
        "FF": 17953,
        "DSP": 6,
        "BRAM": 64,
        "URAM": 0,
        "CP": 7.372
    },
    "IMPL": {
        "LUT": 14495,
        "FF": 16557,
        "DSP": 11,
        "BRAM": 64,
        "CP": 9.177,
        "PWR": 0.498
    }
}