{
    "LATENCY": {
        "best_latency": 161905,
        "worst_latency": 161905,
        "average_latency": 161905,
        "best_time_latency": "1.619 ms",
        "worst_time_latency": "1.619 ms",
        "average_time_latency": "1.619 ms",
        "min_interval": 161906,
        "max_interval": 161906,
        "Latency": 161905
    },
    "HLS": {
        "LUT": 48667,
        "FF": 38665,
        "DSP": 3,
        "BRAM": 64,
        "URAM": 0,
        "CP": 7.389
    },
    "IMPL": {
        "LUT": 51111,
        "FF": 38611,
        "DSP": 3,
        "BRAM": 64,
        "CP": 9.648,
        "PWR": 0.64
    }
}