{
    "LATENCY": {
        "best_latency": 689725,
        "worst_latency": 689725,
        "average_latency": 689725,
        "best_time_latency": "6.897 ms",
        "worst_time_latency": "6.897 ms",
        "average_time_latency": "6.897 ms",
        "min_interval": 689726,
        "max_interval": 689726,
        "Latency": 689725
    },
    "HLS": {
        "LUT": 18652,
        "FF": 15832,
        "DSP": 6,
        "BRAM": 64,
        "URAM": 0,
        "CP": 7.798
    },
    "IMPL": {
        "LUT": 17390,
        "FF": 13105,
        "DSP": 9,
        "BRAM": 64,
        "CP": 9.387,
        "PWR": 0.443
    }
}