{
    "LATENCY": {
        "best_latency": 814103,
        "worst_latency": 814103,
        "average_latency": 814103,
        "best_time_latency": "8.141 ms",
        "worst_time_latency": "8.141 ms",
        "average_time_latency": "8.141 ms",
        "min_interval": 814104,
        "max_interval": 814104,
        "Latency": 814103
    },
    "HLS": {
        "LUT": 5437,
        "FF": 3240,
        "DSP": 3,
        "BRAM": 64,
        "URAM": 0,
        "CP": 6.291
    },
    "IMPL": {
        "LUT": 3293,
        "FF": 2807,
        "DSP": 5,
        "BRAM": 64,
        "CP": 7.054,
        "PWR": 0.376
    }
}