{
    "LATENCY": {
        "best_latency": 879043,
        "worst_latency": 879053,
        "average_latency": 879049,
        "best_time_latency": "8.790 ms",
        "worst_time_latency": "8.791 ms",
        "average_time_latency": "8.790 ms",
        "min_interval": 879044,
        "max_interval": 879054,
        "Latency": 879049
    },
    "HLS": {
        "LUT": 7770,
        "FF": 5223,
        "DSP": 6,
        "BRAM": 64,
        "URAM": 0,
        "CP": 7.15
    },
    "IMPL": {
        "LUT": 4831,
        "FF": 4543,
        "DSP": 8,
        "BRAM": 64,
        "CP": 7.216,
        "PWR": 0.395
    }
}