{
    "LATENCY": {
        "best_latency": 896394,
        "worst_latency": 896394,
        "average_latency": 896394,
        "best_time_latency": "8.964 ms",
        "worst_time_latency": "8.964 ms",
        "average_time_latency": "8.964 ms",
        "min_interval": 896395,
        "max_interval": 896395,
        "Latency": 896394
    },
    "HLS": {
        "LUT": 6551,
        "FF": 5458,
        "DSP": 9,
        "BRAM": 64,
        "URAM": 0,
        "CP": 7.139
    },
    "IMPL": {
        "LUT": 4650,
        "FF": 4231,
        "DSP": 15,
        "BRAM": 64,
        "CP": 7.478,
        "PWR": 0.404
    }
}