{
    "LATENCY": {
        "best_latency": 7725612,
        "worst_latency": 7725612,
        "average_latency": 7725612,
        "best_time_latency": "77.256 ms",
        "worst_time_latency": "77.256 ms",
        "average_time_latency": "77.256 ms",
        "min_interval": 7725613,
        "max_interval": 7725613,
        "Latency": 7725612
    },
    "HLS": {
        "LUT": 40829,
        "FF": 27551,
        "DSP": 3,
        "BRAM": 64,
        "URAM": 0,
        "CP": 7.448
    },
    "IMPL": {
        "LUT": 27352,
        "FF": 27039,
        "DSP": 3,
        "BRAM": 63,
        "CP": 9.37,
        "PWR": 0.537
    }
}