{
    "LATENCY": {
        "best_latency": 896630,
        "worst_latency": 896640,
        "average_latency": 896636,
        "best_time_latency": "8.966 ms",
        "worst_time_latency": "8.966 ms",
        "average_time_latency": "8.966 ms",
        "min_interval": 896631,
        "max_interval": 896641,
        "Latency": 896636
    },
    "HLS": {
        "LUT": 11955,
        "FF": 5819,
        "DSP": 6,
        "BRAM": 64,
        "URAM": 0,
        "CP": 7.15
    },
    "IMPL": {
        "LUT": 5096,
        "FF": 4625,
        "DSP": 11,
        "BRAM": 64,
        "CP": 7.49,
        "PWR": 0.404
    }
}