{
    "LATENCY": {
        "best_latency": 911132,
        "worst_latency": 911154,
        "average_latency": 911144,
        "best_time_latency": "9.111 ms",
        "worst_time_latency": "9.112 ms",
        "average_time_latency": "9.111 ms",
        "min_interval": 911133,
        "max_interval": 911155,
        "Latency": 911144
    },
    "HLS": {
        "LUT": 14035,
        "FF": 5430,
        "DSP": 6,
        "BRAM": 64,
        "URAM": 0,
        "CP": 7.139
    },
    "IMPL": {
        "LUT": 4305,
        "FF": 4099,
        "DSP": 12,
        "BRAM": 64,
        "CP": 7.539,
        "PWR": 0.403
    }
}