{
    "LATENCY": {
        "best_latency": 897390,
        "worst_latency": 897411,
        "average_latency": 897401,
        "best_time_latency": "8.974 ms",
        "worst_time_latency": "8.974 ms",
        "average_time_latency": "8.974 ms",
        "min_interval": 897391,
        "max_interval": 897412,
        "Latency": 897401
    },
    "HLS": {
        "LUT": 14096,
        "FF": 5751,
        "DSP": 9,
        "BRAM": 60,
        "URAM": 0,
        "CP": 7.15
    },
    "IMPL": {
        "LUT": 4680,
        "FF": 4389,
        "DSP": 13,
        "BRAM": 64,
        "CP": 7.424,
        "PWR": 0.423
    }
}