{
    "LATENCY": {
        "best_latency": 7958917,
        "worst_latency": 7958917,
        "average_latency": 7958917,
        "best_time_latency": "79.589 ms",
        "worst_time_latency": "79.589 ms",
        "average_time_latency": "79.589 ms",
        "min_interval": 7958918,
        "max_interval": 7958918,
        "Latency": 7958917
    },
    "HLS": {
        "LUT": 47902,
        "FF": 19057,
        "DSP": 6,
        "BRAM": 64,
        "URAM": 0,
        "CP": 7.389
    },
    "IMPL": {
        "LUT": 17189,
        "FF": 18859,
        "DSP": 6,
        "BRAM": 64,
        "CP": 8.966,
        "PWR": 0.471
    }
}