{
    "LATENCY": {
        "best_latency": 6931792,
        "worst_latency": 6931792,
        "average_latency": 6931792,
        "best_time_latency": "69.318 ms",
        "worst_time_latency": "69.318 ms",
        "average_time_latency": "69.318 ms",
        "min_interval": 6931793,
        "max_interval": 6931793,
        "Latency": 6931792
    },
    "HLS": {
        "LUT": 34069,
        "FF": 16542,
        "DSP": 6,
        "BRAM": 64,
        "URAM": 0,
        "CP": 7.448
    },
    "IMPL": {
        "LUT": 20259,
        "FF": 15408,
        "DSP": 13,
        "BRAM": 64,
        "CP": 9.119,
        "PWR": 0.496
    }
}