{
    "LATENCY": {
        "best_latency": 1154545,
        "worst_latency": 1154555,
        "average_latency": 1154551,
        "best_time_latency": "11.545 ms",
        "worst_time_latency": "11.546 ms",
        "average_time_latency": "11.546 ms",
        "min_interval": 1154546,
        "max_interval": 1154556,
        "Latency": 1154551
    },
    "HLS": {
        "LUT": 10600,
        "FF": 5556,
        "DSP": 3,
        "BRAM": 64,
        "URAM": 0,
        "CP": 7.15
    },
    "IMPL": {
        "LUT": 4465,
        "FF": 4902,
        "DSP": 4,
        "BRAM": 64,
        "CP": 7.46,
        "PWR": 0.371
    }
}