{
    "LATENCY": {
        "best_latency": 1085033,
        "worst_latency": 1085055,
        "average_latency": 1085045,
        "best_time_latency": "10.850 ms",
        "worst_time_latency": "10.851 ms",
        "average_time_latency": "10.850 ms",
        "min_interval": 1085034,
        "max_interval": 1085056,
        "Latency": 1085045
    },
    "HLS": {
        "LUT": 8251,
        "FF": 5608,
        "DSP": 6,
        "BRAM": 64,
        "URAM": 0,
        "CP": 7.15
    },
    "IMPL": {
        "LUT": 5030,
        "FF": 4450,
        "DSP": 10,
        "BRAM": 63,
        "CP": 7.49,
        "PWR": 0.387
    }
}