{
    "LATENCY": {
        "best_latency": 1115027,
        "worst_latency": 1115027,
        "average_latency": 1115027,
        "best_time_latency": "11.150 ms",
        "worst_time_latency": "11.150 ms",
        "average_time_latency": "11.150 ms",
        "min_interval": 1115028,
        "max_interval": 1115028,
        "Latency": 1115027
    },
    "HLS": {
        "LUT": 83649,
        "FF": 18553,
        "DSP": 6,
        "BRAM": 60,
        "URAM": 0,
        "CP": 7.389
    },
    "IMPL": {
        "LUT": 17409,
        "FF": 17723,
        "DSP": 9,
        "BRAM": 65,
        "CP": 9.26,
        "PWR": 0.462
    }
}