{
    "LATENCY": {
        "best_latency": 734466,
        "worst_latency": 734466,
        "average_latency": 734466,
        "best_time_latency": "7.345 ms",
        "worst_time_latency": "7.345 ms",
        "average_time_latency": "7.345 ms",
        "min_interval": 734467,
        "max_interval": 734467,
        "Latency": 734466
    },
    "HLS": {
        "LUT": 18063,
        "FF": 11667,
        "DSP": 3,
        "BRAM": 64,
        "URAM": 0,
        "CP": 7.38
    },
    "IMPL": {
        "LUT": 15897,
        "FF": 11354,
        "DSP": 4,
        "BRAM": 64,
        "CP": 9.438,
        "PWR": 0.475
    }
}