{
    "LATENCY": {
        "best_latency": 1710,
        "worst_latency": 1997,
        "average_latency": 1857,
        "best_time_latency": "17.100 us",
        "worst_time_latency": "19.970 us",
        "average_time_latency": "18.570 us",
        "min_interval": 1711,
        "max_interval": 1998,
        "Latency": 1857
    },
    "HLS": {
        "LUT": 214228,
        "FF": 27741,
        "DSP": 0,
        "BRAM": 3,
        "URAM": 0,
        "CP": 7.189
    },
    "IMPL": {
        "LUT": 13555,
        "FF": 21827,
        "DSP": 0,
        "BRAM": 3,
        "CP": 8.542,
        "PWR": 0.411
    }
}