{
    "LATENCY": {
        "best_latency": 1335,
        "worst_latency": 1335,
        "average_latency": 1335,
        "best_time_latency": "13.350 us",
        "worst_time_latency": "13.350 us",
        "average_time_latency": "13.350 us",
        "min_interval": 1336,
        "max_interval": 1336,
        "Latency": 1335
    },
    "HLS": {
        "LUT": 8847,
        "FF": 2660,
        "DSP": 0,
        "BRAM": 1,
        "URAM": 0,
        "CP": 4.448
    },
    "IMPL": {
        "LUT": 1824,
        "FF": 5656,
        "DSP": 0,
        "BRAM": 7,
        "CP": 8.646,
        "PWR": 0.329
    }
}