{
    "LATENCY": {
        "best_latency": 967,
        "worst_latency": 967,
        "average_latency": 967,
        "best_time_latency": "10.661 us",
        "worst_time_latency": "10.661 us",
        "average_time_latency": "10.661 us",
        "min_interval": 968,
        "max_interval": 968,
        "Latency": 967
    },
    "HLS": {
        "LUT": 705666,
        "FF": 113246,
        "DSP": 0,
        "BRAM": 7,
        "URAM": 0,
        "CP": 11.025
    },
    "IMPL": {
        "LUT": 9022,
        "FF": 10468,
        "DSP": 0,
        "BRAM": 5,
        "CP": 7.511,
        "PWR": 0.367
    }
}