{
    "LATENCY": {
        "best_latency": 1655,
        "worst_latency": 1928,
        "average_latency": 1798,
        "best_time_latency": "16.550 us",
        "worst_time_latency": "19.280 us",
        "average_time_latency": "17.980 us",
        "min_interval": 1656,
        "max_interval": 1929,
        "Latency": 1798
    },
    "HLS": {
        "LUT": 161764,
        "FF": 20560,
        "DSP": 0,
        "BRAM": 3,
        "URAM": 0,
        "CP": 7.189
    },
    "IMPL": {
        "LUT": 11428,
        "FF": 20995,
        "DSP": 0,
        "BRAM": 8,
        "CP": 8.136,
        "PWR": 0.415
    }
}