{
    "LATENCY": {
        "best_latency": 2010,
        "worst_latency": 2654,
        "average_latency": 2332,
        "best_time_latency": "20.100 us",
        "worst_time_latency": "26.540 us",
        "average_time_latency": "23.320 us",
        "min_interval": 2011,
        "max_interval": 2655,
        "Latency": 2332
    },
    "HLS": {
        "LUT": 4102,
        "FF": 987,
        "DSP": 0,
        "BRAM": 1,
        "URAM": 0,
        "CP": 4.364
    },
    "IMPL": {
        "LUT": 3874,
        "FF": 1600,
        "DSP": 0,
        "BRAM": 1,
        "CP": 6.851,
        "PWR": 0.353
    }
}