{
    "LATENCY": {
        "best_latency": 1807,
        "worst_latency": 2101,
        "average_latency": 1961,
        "best_time_latency": "18.070 us",
        "worst_time_latency": "21.010 us",
        "average_time_latency": "19.610 us",
        "min_interval": 1808,
        "max_interval": 2102,
        "Latency": 1961
    },
    "HLS": {
        "LUT": 206910,
        "FF": 26765,
        "DSP": 0,
        "BRAM": 3,
        "URAM": 0,
        "CP": 7.189
    },
    "IMPL": {
        "LUT": 12680,
        "FF": 21823,
        "DSP": 0,
        "BRAM": 7,
        "CP": 9.459,
        "PWR": 0.422
    }
}