{
    "LATENCY": {
        "best_latency": 1934,
        "worst_latency": 2545,
        "average_latency": 2246,
        "best_time_latency": "19.340 us",
        "worst_time_latency": "25.450 us",
        "average_time_latency": "22.460 us",
        "min_interval": 1935,
        "max_interval": 2546,
        "Latency": 2246
    },
    "HLS": {
        "LUT": 5251,
        "FF": 1033,
        "DSP": 0,
        "BRAM": 1,
        "URAM": 0,
        "CP": 7.293
    },
    "IMPL": {
        "LUT": 1771,
        "FF": 905,
        "DSP": 0,
        "BRAM": 0,
        "CP": 5.371,
        "PWR": 0.219
    }
}