{
    "LATENCY": {
        "best_latency": 1806,
        "worst_latency": 2326,
        "average_latency": 2066,
        "best_time_latency": "18.060 us",
        "worst_time_latency": "23.260 us",
        "average_time_latency": "20.660 us",
        "min_interval": 1807,
        "max_interval": 2327,
        "Latency": 2066
    },
    "HLS": {
        "LUT": 236505,
        "FF": 27226,
        "DSP": 0,
        "BRAM": 1,
        "URAM": 0,
        "CP": 7.069
    },
    "IMPL": {
        "LUT": 8805,
        "FF": 19083,
        "DSP": 0,
        "BRAM": 2,
        "CP": 8.743,
        "PWR": 0.346
    }
}