{
    "LATENCY": {
        "best_latency": 662,
        "worst_latency": 662,
        "average_latency": 662,
        "best_time_latency": "7.299 us",
        "worst_time_latency": "7.299 us",
        "average_time_latency": "7.299 us",
        "min_interval": 663,
        "max_interval": 663,
        "Latency": 662
    },
    "HLS": {
        "LUT": 395130,
        "FF": 63416,
        "DSP": 0,
        "BRAM": 9,
        "URAM": 0,
        "CP": 11.025
    },
    "IMPL": {
        "LUT": 10193,
        "FF": 26152,
        "DSP": 0,
        "BRAM": 7,
        "CP": 7.716,
        "PWR": 0.356
    }
}