{
    "LATENCY": {
        "best_latency": 2080,
        "worst_latency": 2388,
        "average_latency": 2234,
        "best_time_latency": "20.800 us",
        "worst_time_latency": "23.880 us",
        "average_time_latency": "22.340 us",
        "min_interval": 2081,
        "max_interval": 2389,
        "Latency": 2234
    },
    "HLS": {
        "LUT": 339253,
        "FF": 58234,
        "DSP": 0,
        "BRAM": 8,
        "URAM": 0,
        "CP": 7.427
    },
    "IMPL": {
        "LUT": 6953,
        "FF": 8834,
        "DSP": 0,
        "BRAM": 6,
        "CP": 7.295,
        "PWR": 0.325
    }
}