{
    "LATENCY": {
        "best_latency": 899,
        "worst_latency": 899,
        "average_latency": 899,
        "best_time_latency": "8.990 us",
        "worst_time_latency": "8.990 us",
        "average_time_latency": "8.990 us",
        "min_interval": 900,
        "max_interval": 900,
        "Latency": 899
    },
    "HLS": {
        "LUT": 157229,
        "FF": 25523,
        "DSP": 0,
        "BRAM": 3,
        "URAM": 0,
        "CP": 7.189
    },
    "IMPL": {
        "LUT": 12364,
        "FF": 19667,
        "DSP": 0,
        "BRAM": 8,
        "CP": 8.285,
        "PWR": 0.379
    }
}