{
    "LATENCY": {
        "best_latency": 777,
        "worst_latency": 777,
        "average_latency": 777,
        "best_time_latency": "8.567 us",
        "worst_time_latency": "8.567 us",
        "average_time_latency": "8.567 us",
        "min_interval": 778,
        "max_interval": 778,
        "Latency": 777
    },
    "HLS": {
        "LUT": 725881,
        "FF": 114532,
        "DSP": 0,
        "BRAM": 7,
        "URAM": 0,
        "CP": 11.025
    },
    "IMPL": {
        "LUT": 9298,
        "FF": 10723,
        "DSP": 0,
        "BRAM": 5,
        "CP": 8.078,
        "PWR": 0.343
    }
}