{
    "LATENCY": {
        "best_latency": 549,
        "worst_latency": 549,
        "average_latency": 549,
        "best_time_latency": "5.490 us",
        "worst_time_latency": "5.490 us",
        "average_time_latency": "5.490 us",
        "min_interval": 550,
        "max_interval": 550,
        "Latency": 549
    },
    "HLS": {
        "LUT": 111806,
        "FF": 21280,
        "DSP": 0,
        "BRAM": 3,
        "URAM": 0,
        "CP": 7.221
    },
    "IMPL": {
        "LUT": 10729,
        "FF": 17930,
        "DSP": 0,
        "BRAM": 2,
        "CP": 8.672,
        "PWR": 0.386
    }
}