{
    "LATENCY": {
        "best_latency": 852,
        "worst_latency": 852,
        "average_latency": 852,
        "best_time_latency": "8.520 us",
        "worst_time_latency": "8.520 us",
        "average_time_latency": "8.520 us",
        "min_interval": 853,
        "max_interval": 853,
        "Latency": 852
    },
    "HLS": {
        "LUT": 935300,
        "FF": 163566,
        "DSP": 0,
        "BRAM": 7,
        "URAM": 0,
        "CP": 7.293
    },
    "IMPL": {
        "LUT": 10911,
        "FF": 13221,
        "DSP": 0,
        "BRAM": 5,
        "CP": 7.905,
        "PWR": 0.417
    }
}