{
    "LATENCY": {
        "best_latency": 2158,
        "worst_latency": 2734,
        "average_latency": 2454,
        "best_time_latency": "21.580 us",
        "worst_time_latency": "27.340 us",
        "average_time_latency": "24.540 us",
        "min_interval": 2159,
        "max_interval": 2735,
        "Latency": 2454
    },
    "HLS": {
        "LUT": 242772,
        "FF": 28530,
        "DSP": 0,
        "BRAM": 2,
        "URAM": 0,
        "CP": 7.777
    },
    "IMPL": {
        "LUT": 9778,
        "FF": 18301,
        "DSP": 0,
        "BRAM": 2,
        "CP": 9.164,
        "PWR": 0.342
    }
}