{
    "LATENCY": {
        "best_latency": 695,
        "worst_latency": 700,
        "average_latency": 698,
        "best_time_latency": "6.950 us",
        "worst_time_latency": "7.000 us",
        "average_time_latency": "6.980 us",
        "min_interval": 696,
        "max_interval": 701,
        "Latency": 698
    },
    "HLS": {
        "LUT": 277303,
        "FF": 26593,
        "DSP": 0,
        "BRAM": 3,
        "URAM": 0,
        "CP": 7.293
    },
    "IMPL": {
        "LUT": 13859,
        "FF": 24249,
        "DSP": 0,
        "BRAM": 8,
        "CP": 7.218,
        "PWR": 0.428
    }
}