{
    "LATENCY": {
        "best_latency": 1832,
        "worst_latency": 2248,
        "average_latency": 2040,
        "best_time_latency": "18.320 us",
        "worst_time_latency": "22.480 us",
        "average_time_latency": "20.400 us",
        "min_interval": 1833,
        "max_interval": 2249,
        "Latency": 2040
    },
    "HLS": {
        "LUT": 5134,
        "FF": 1665,
        "DSP": 0,
        "BRAM": 1,
        "URAM": 0,
        "CP": 4.364
    },
    "IMPL": {
        "LUT": 3837,
        "FF": 4305,
        "DSP": 0,
        "BRAM": 7,
        "CP": 6.615,
        "PWR": 0.308
    }
}