{
    "LATENCY": {
        "best_latency": 1875,
        "worst_latency": 2291,
        "average_latency": 2083,
        "best_time_latency": "18.750 us",
        "worst_time_latency": "22.910 us",
        "average_time_latency": "20.830 us",
        "min_interval": 1876,
        "max_interval": 2292,
        "Latency": 2083
    },
    "HLS": {
        "LUT": 5772,
        "FF": 1789,
        "DSP": 0,
        "BRAM": 1,
        "URAM": 0,
        "CP": 6.978
    },
    "IMPL": {
        "LUT": 3074,
        "FF": 5230,
        "DSP": 0,
        "BRAM": 7,
        "CP": 6.886,
        "PWR": 0.33
    }
}