{
    "LATENCY": {
        "best_latency": 739,
        "worst_latency": 739,
        "average_latency": 739,
        "best_time_latency": "7.390 us",
        "worst_time_latency": "7.390 us",
        "average_time_latency": "7.390 us",
        "min_interval": 740,
        "max_interval": 740,
        "Latency": 739
    },
    "HLS": {
        "LUT": 941977,
        "FF": 167955,
        "DSP": 0,
        "BRAM": 7,
        "URAM": 0,
        "CP": 7.268
    },
    "IMPL": {
        "LUT": 11542,
        "FF": 16532,
        "DSP": 0,
        "BRAM": 5,
        "CP": 7.952,
        "PWR": 0.416
    }
}