{
    "LATENCY": {
        "best_latency": 1923,
        "worst_latency": 2339,
        "average_latency": 2131,
        "best_time_latency": "19.230 us",
        "worst_time_latency": "23.390 us",
        "average_time_latency": "21.310 us",
        "min_interval": 1924,
        "max_interval": 2340,
        "Latency": 2131
    },
    "HLS": {
        "LUT": 4859,
        "FF": 1655,
        "DSP": 0,
        "BRAM": 3,
        "URAM": 0,
        "CP": 4.691
    },
    "IMPL": {
        "LUT": 1691,
        "FF": 1515,
        "DSP": 0,
        "BRAM": 3,
        "CP": 4.902,
        "PWR": 0.244
    }
}