{
    "LATENCY": {
        "best_latency": 1943,
        "worst_latency": 2229,
        "average_latency": 2086,
        "best_time_latency": "19.430 us",
        "worst_time_latency": "22.290 us",
        "average_time_latency": "20.860 us",
        "min_interval": 1944,
        "max_interval": 2230,
        "Latency": 2086
    },
    "HLS": {
        "LUT": 621053,
        "FF": 111389,
        "DSP": 0,
        "BRAM": 7,
        "URAM": 0,
        "CP": 7.268
    },
    "IMPL": {
        "LUT": 9365,
        "FF": 11235,
        "DSP": 0,
        "BRAM": 5,
        "CP": 8.209,
        "PWR": 0.37
    }
}