{
    "LATENCY": {
        "best_latency": 767,
        "worst_latency": 767,
        "average_latency": 767,
        "best_time_latency": "7.670 us",
        "worst_time_latency": "7.670 us",
        "average_time_latency": "7.670 us",
        "min_interval": 768,
        "max_interval": 768,
        "Latency": 767
    },
    "HLS": {
        "LUT": 343390,
        "FF": 61823,
        "DSP": 0,
        "BRAM": 9,
        "URAM": 0,
        "CP": 7.268
    },
    "IMPL": {
        "LUT": 8029,
        "FF": 11710,
        "DSP": 0,
        "BRAM": 7,
        "CP": 7.753,
        "PWR": 0.343
    }
}