{
    "LATENCY": {
        "best_latency": 2163,
        "worst_latency": 2814,
        "average_latency": 2492,
        "best_time_latency": "21.630 us",
        "worst_time_latency": "28.140 us",
        "average_time_latency": "24.920 us",
        "min_interval": 2164,
        "max_interval": 2815,
        "Latency": 2492
    },
    "HLS": {
        "LUT": 4159,
        "FF": 752,
        "DSP": 0,
        "BRAM": 1,
        "URAM": 0,
        "CP": 5.147
    },
    "IMPL": {
        "LUT": 4478,
        "FF": 2956,
        "DSP": 0,
        "BRAM": 2,
        "CP": 8.283,
        "PWR": 0.357
    }
}