{
    "LATENCY": {
        "best_latency": 1730,
        "worst_latency": 1990,
        "average_latency": 1860,
        "best_time_latency": "17.300 us",
        "worst_time_latency": "19.900 us",
        "average_time_latency": "18.600 us",
        "min_interval": 1731,
        "max_interval": 1991,
        "Latency": 1860
    },
    "HLS": {
        "LUT": 246588,
        "FF": 24281,
        "DSP": 0,
        "BRAM": 3,
        "URAM": 0,
        "CP": 7.189
    },
    "IMPL": {
        "LUT": 11884,
        "FF": 20720,
        "DSP": 0,
        "BRAM": 2,
        "CP": 7.658,
        "PWR": 0.46
    }
}