{
    "LATENCY": {
        "best_latency": 1937,
        "worst_latency": 2497,
        "average_latency": 2217,
        "best_time_latency": "19.370 us",
        "worst_time_latency": "24.970 us",
        "average_time_latency": "22.170 us",
        "min_interval": 1938,
        "max_interval": 2498,
        "Latency": 2217
    },
    "HLS": {
        "LUT": 224930,
        "FF": 26748,
        "DSP": 0,
        "BRAM": 1,
        "URAM": 0,
        "CP": 7.173
    },
    "IMPL": {
        "LUT": 9995,
        "FF": 21024,
        "DSP": 0,
        "BRAM": 3,
        "CP": 8.817,
        "PWR": 0.364
    }
}