{
    "LATENCY": {
        "best_latency": 1211,
        "worst_latency": 1211,
        "average_latency": 1211,
        "best_time_latency": "12.110 us",
        "worst_time_latency": "12.110 us",
        "average_time_latency": "12.110 us",
        "min_interval": 1212,
        "max_interval": 1212,
        "Latency": 1211
    },
    "HLS": {
        "LUT": 7726,
        "FF": 2093,
        "DSP": 0,
        "BRAM": 1,
        "URAM": 0,
        "CP": 7.293
    },
    "IMPL": {
        "LUT": 2529,
        "FF": 2058,
        "DSP": 0,
        "BRAM": 1,
        "CP": 5.001,
        "PWR": 0.258
    }
}