{
    "LATENCY": {
        "best_latency": 1875,
        "worst_latency": 2197,
        "average_latency": 2043,
        "best_time_latency": "18.750 us",
        "worst_time_latency": "21.970 us",
        "average_time_latency": "20.430 us",
        "min_interval": 1876,
        "max_interval": 2198,
        "Latency": 2043
    },
    "HLS": {
        "LUT": 621087,
        "FF": 108433,
        "DSP": 0,
        "BRAM": 7,
        "URAM": 0,
        "CP": 7.427
    },
    "IMPL": {
        "LUT": 7850,
        "FF": 10256,
        "DSP": 0,
        "BRAM": 5,
        "CP": 7.522,
        "PWR": 0.321
    }
}