{
    "LATENCY": {
        "best_latency": 827,
        "worst_latency": 827,
        "average_latency": 827,
        "best_time_latency": "8.270 us",
        "worst_time_latency": "8.270 us",
        "average_time_latency": "8.270 us",
        "min_interval": 828,
        "max_interval": 828,
        "Latency": 827
    },
    "HLS": {
        "LUT": 637904,
        "FF": 113354,
        "DSP": 0,
        "BRAM": 7,
        "URAM": 0,
        "CP": 7.293
    },
    "IMPL": {
        "LUT": 8234,
        "FF": 12948,
        "DSP": 0,
        "BRAM": 5,
        "CP": 7.91,
        "PWR": 0.351
    }
}