{
    "LATENCY": {
        "best_latency": 850,
        "worst_latency": 850,
        "average_latency": 850,
        "best_time_latency": "8.500 us",
        "worst_time_latency": "8.500 us",
        "average_time_latency": "8.500 us",
        "min_interval": 851,
        "max_interval": 851,
        "Latency": 850
    },
    "HLS": {
        "LUT": 918972,
        "FF": 165032,
        "DSP": 0,
        "BRAM": 7,
        "URAM": 0,
        "CP": 7.268
    },
    "IMPL": {
        "LUT": 10805,
        "FF": 14715,
        "DSP": 0,
        "BRAM": 4,
        "CP": 7.858,
        "PWR": 0.383
    }
}