{
    "LATENCY": {
        "best_latency": 622,
        "worst_latency": 622,
        "average_latency": 622,
        "best_time_latency": "6.220 us",
        "worst_time_latency": "6.220 us",
        "average_time_latency": "6.220 us",
        "min_interval": 623,
        "max_interval": 623,
        "Latency": 622
    },
    "HLS": {
        "LUT": 103025,
        "FF": 18409,
        "DSP": 0,
        "BRAM": 3,
        "URAM": 0,
        "CP": 7.293
    },
    "IMPL": {
        "LUT": 10235,
        "FF": 16047,
        "DSP": 0,
        "BRAM": 8,
        "CP": 9.067,
        "PWR": 0.378
    }
}