{
    "LATENCY": {
        "best_latency": 1771,
        "worst_latency": 2083,
        "average_latency": 1927,
        "best_time_latency": "17.710 us",
        "worst_time_latency": "20.830 us",
        "average_time_latency": "19.270 us",
        "min_interval": 1772,
        "max_interval": 2084,
        "Latency": 1927
    },
    "HLS": {
        "LUT": 624429,
        "FF": 109078,
        "DSP": 0,
        "BRAM": 7,
        "URAM": 0,
        "CP": 7.268
    },
    "IMPL": {
        "LUT": 7605,
        "FF": 10535,
        "DSP": 0,
        "BRAM": 4,
        "CP": 7.532,
        "PWR": 0.328
    }
}