{
    "LATENCY": {
        "best_latency": 1748,
        "worst_latency": 2060,
        "average_latency": 1904,
        "best_time_latency": "17.480 us",
        "worst_time_latency": "20.600 us",
        "average_time_latency": "19.040 us",
        "min_interval": 1749,
        "max_interval": 2061,
        "Latency": 1904
    },
    "HLS": {
        "LUT": 343491,
        "FF": 57387,
        "DSP": 0,
        "BRAM": 8,
        "URAM": 0,
        "CP": 7.268
    },
    "IMPL": {
        "LUT": 6666,
        "FF": 7927,
        "DSP": 0,
        "BRAM": 6,
        "CP": 7.445,
        "PWR": 0.321
    }
}