{
    "LATENCY": {
        "best_latency": 710,
        "worst_latency": 710,
        "average_latency": 710,
        "best_time_latency": "7.100 us",
        "worst_time_latency": "7.100 us",
        "average_time_latency": "7.100 us",
        "min_interval": 711,
        "max_interval": 711,
        "Latency": 710
    },
    "HLS": {
        "LUT": 111303,
        "FF": 23071,
        "DSP": 0,
        "BRAM": 3,
        "URAM": 0,
        "CP": 7.189
    },
    "IMPL": {
        "LUT": 9621,
        "FF": 19631,
        "DSP": 0,
        "BRAM": 2,
        "CP": 8.302,
        "PWR": 0.376
    }
}