{
    "LATENCY": {
        "best_latency": 1601,
        "worst_latency": 1874,
        "average_latency": 1744,
        "best_time_latency": "16.010 us",
        "worst_time_latency": "18.740 us",
        "average_time_latency": "17.440 us",
        "min_interval": 1602,
        "max_interval": 1875,
        "Latency": 1744
    },
    "HLS": {
        "LUT": 160718,
        "FF": 20457,
        "DSP": 0,
        "BRAM": 3,
        "URAM": 0,
        "CP": 7.189
    },
    "IMPL": {
        "LUT": 11437,
        "FF": 16310,
        "DSP": 0,
        "BRAM": 2,
        "CP": 8.732,
        "PWR": 0.421
    }
}