{
    "LATENCY": {
        "best_latency": 1009,
        "worst_latency": 1009,
        "average_latency": 1009,
        "best_time_latency": "10.090 us",
        "worst_time_latency": "10.090 us",
        "average_time_latency": "10.090 us",
        "min_interval": 1010,
        "max_interval": 1010,
        "Latency": 1009
    },
    "HLS": {
        "LUT": 636609,
        "FF": 110351,
        "DSP": 0,
        "BRAM": 7,
        "URAM": 0,
        "CP": 7.268
    },
    "IMPL": {
        "LUT": 7708,
        "FF": 12507,
        "DSP": 0,
        "BRAM": 5,
        "CP": 7.554,
        "PWR": 0.374
    }
}