{
    "LATENCY": {
        "best_latency": 1361,
        "worst_latency": 1394,
        "average_latency": 1378,
        "best_time_latency": "13.610 us",
        "worst_time_latency": "13.940 us",
        "average_time_latency": "13.780 us",
        "min_interval": 1362,
        "max_interval": 1395,
        "Latency": 1378
    },
    "HLS": {
        "LUT": 8560,
        "FF": 2592,
        "DSP": 0,
        "BRAM": 4,
        "URAM": 0,
        "CP": 4.334
    },
    "IMPL": {
        "LUT": 4980,
        "FF": 2381,
        "DSP": 0,
        "BRAM": 1,
        "CP": 4.785,
        "PWR": 0.377
    }
}