{
    "LATENCY": {
        "best_latency": 930,
        "worst_latency": 930,
        "average_latency": 930,
        "best_time_latency": "9.300 us",
        "worst_time_latency": "9.300 us",
        "average_time_latency": "9.300 us",
        "min_interval": 931,
        "max_interval": 931,
        "Latency": 930
    },
    "HLS": {
        "LUT": 6671,
        "FF": 2326,
        "DSP": 0,
        "BRAM": 1,
        "URAM": 0,
        "CP": 4.448
    },
    "IMPL": {
        "LUT": 2229,
        "FF": 2370,
        "DSP": 0,
        "BRAM": 1,
        "CP": 4.671,
        "PWR": 0.253
    }
}