{
    "LATENCY": {
        "best_latency": 1960,
        "worst_latency": 2571,
        "average_latency": 2272,
        "best_time_latency": "19.600 us",
        "worst_time_latency": "25.710 us",
        "average_time_latency": "22.720 us",
        "min_interval": 1961,
        "max_interval": 2572,
        "Latency": 2272
    },
    "HLS": {
        "LUT": 4207,
        "FF": 748,
        "DSP": 0,
        "BRAM": 1,
        "URAM": 0,
        "CP": 7.293
    },
    "IMPL": {
        "LUT": 1085,
        "FF": 709,
        "DSP": 0,
        "BRAM": 1,
        "CP": 4.762,
        "PWR": 0.255
    }
}