{
    "LATENCY": {
        "best_latency": 1959,
        "worst_latency": 2246,
        "average_latency": 2106,
        "best_time_latency": "19.590 us",
        "worst_time_latency": "22.460 us",
        "average_time_latency": "21.060 us",
        "min_interval": 1960,
        "max_interval": 2247,
        "Latency": 2106
    },
    "HLS": {
        "LUT": 303048,
        "FF": 27339,
        "DSP": 0,
        "BRAM": 3,
        "URAM": 0,
        "CP": 7.189
    },
    "IMPL": {
        "LUT": 15366,
        "FF": 23491,
        "DSP": 0,
        "BRAM": 2,
        "CP": 7.717,
        "PWR": 0.469
    }
}