{
    "LATENCY": {
        "best_latency": 1225,
        "worst_latency": 1225,
        "average_latency": 1225,
        "best_time_latency": "12.250 us",
        "worst_time_latency": "12.250 us",
        "average_time_latency": "12.250 us",
        "min_interval": 1226,
        "max_interval": 1226,
        "Latency": 1225
    },
    "HLS": {
        "LUT": 194313,
        "FF": 23337,
        "DSP": 0,
        "BRAM": 3,
        "URAM": 0,
        "CP": 7.189
    },
    "IMPL": {
        "LUT": 13358,
        "FF": 20797,
        "DSP": 0,
        "BRAM": 2,
        "CP": 10.087,
        "PWR": 0.411
    }
}