{
    "LATENCY": {
        "best_latency": 188,
        "worst_latency": 188,
        "average_latency": 188,
        "best_time_latency": "1.880 us",
        "worst_time_latency": "1.880 us",
        "average_time_latency": "1.880 us",
        "min_interval": 189,
        "max_interval": 189,
        "Latency": 188
    },
    "HLS": {
        "LUT": 102084,
        "FF": 17689,
        "DSP": 0,
        "BRAM": 5,
        "URAM": 0,
        "CP": 7.189
    },
    "IMPL": {
        "LUT": 10054,
        "FF": 14647,
        "DSP": 0,
        "BRAM": 2,
        "CP": 8.634,
        "PWR": 0.37
    }
}