{
    "LATENCY": {
        "best_latency": 1703,
        "worst_latency": 1981,
        "average_latency": 1849,
        "best_time_latency": "17.030 us",
        "worst_time_latency": "19.810 us",
        "average_time_latency": "18.490 us",
        "min_interval": 1704,
        "max_interval": 1982,
        "Latency": 1849
    },
    "HLS": {
        "LUT": 341471,
        "FF": 28205,
        "DSP": 0,
        "BRAM": 3,
        "URAM": 0,
        "CP": 7.189
    },
    "IMPL": {
        "LUT": 13620,
        "FF": 25348,
        "DSP": 0,
        "BRAM": 3,
        "CP": 7.687,
        "PWR": 0.491
    }
}