{
    "LATENCY": {
        "best_latency": 602,
        "worst_latency": 607,
        "average_latency": 605,
        "best_time_latency": "6.020 us",
        "worst_time_latency": "6.070 us",
        "average_time_latency": "6.050 us",
        "min_interval": 603,
        "max_interval": 608,
        "Latency": 605
    },
    "HLS": {
        "LUT": 284352,
        "FF": 28898,
        "DSP": 0,
        "BRAM": 3,
        "URAM": 0,
        "CP": 7.293
    },
    "IMPL": {
        "LUT": 16757,
        "FF": 26899,
        "DSP": 0,
        "BRAM": 2,
        "CP": 8.527,
        "PWR": 0.463
    }
}