{
    "LATENCY": {
        "best_latency": 1251,
        "worst_latency": 1251,
        "average_latency": 1251,
        "best_time_latency": "12.510 us",
        "worst_time_latency": "12.510 us",
        "average_time_latency": "12.510 us",
        "min_interval": 1252,
        "max_interval": 1252,
        "Latency": 1251
    },
    "HLS": {
        "LUT": 933644,
        "FF": 163663,
        "DSP": 0,
        "BRAM": 7,
        "URAM": 0,
        "CP": 7.268
    },
    "IMPL": {
        "LUT": 10034,
        "FF": 10354,
        "DSP": 0,
        "BRAM": 4,
        "CP": 8.327,
        "PWR": 0.371
    }
}