{
    "LATENCY": {
        "best_latency": 151105,
        "worst_latency": 151105,
        "average_latency": 151105,
        "best_time_latency": "1.511 ms",
        "worst_time_latency": "1.511 ms",
        "average_time_latency": "1.511 ms",
        "min_interval": 151106,
        "max_interval": 151106,
        "Latency": 151105
    },
    "HLS": {
        "LUT": 126432,
        "FF": 44032,
        "DSP": 6,
        "BRAM": 0,
        "URAM": 0,
        "CP": 7.112
    },
    "IMPL": {
        "LUT": 27957,
        "FF": 44914,
        "DSP": 6,
        "BRAM": 0,
        "CP": 10.228,
        "PWR": 0.368
    }
}