{
    "LATENCY": {
        "best_latency": 85153,
        "worst_latency": 85153,
        "average_latency": 85153,
        "best_time_latency": "0.852 ms",
        "worst_time_latency": "0.852 ms",
        "average_time_latency": "0.852 ms",
        "min_interval": 85154,
        "max_interval": 85154,
        "Latency": 85153
    },
    "HLS": {
        "LUT": 125968,
        "FF": 58007,
        "DSP": 52,
        "BRAM": 0,
        "URAM": 0,
        "CP": 7.027
    },
    "IMPL": {
        "LUT": 28799,
        "FF": 58436,
        "DSP": 52,
        "BRAM": 0,
        "CP": 8.755,
        "PWR": 0.49
    }
}