{
    "LATENCY": {
        "best_latency": 2240609,
        "worst_latency": 2240609,
        "average_latency": 2240609,
        "best_time_latency": "22.406 ms",
        "worst_time_latency": "22.406 ms",
        "average_time_latency": "22.406 ms",
        "min_interval": 2240610,
        "max_interval": 2240610,
        "Latency": 2240609
    },
    "HLS": {
        "LUT": 9391,
        "FF": 2035,
        "DSP": 23,
        "BRAM": 0,
        "URAM": 0,
        "CP": 6.886
    },
    "IMPL": {
        "LUT": 1840,
        "FF": 1838,
        "DSP": 23,
        "BRAM": 0,
        "CP": 6.989,
        "PWR": 0.293
    }
}