{
    "LATENCY": {
        "best_latency": 150721,
        "worst_latency": 150721,
        "average_latency": 150721,
        "best_time_latency": "1.507 ms",
        "worst_time_latency": "1.507 ms",
        "average_time_latency": "1.507 ms",
        "min_interval": 150722,
        "max_interval": 150722,
        "Latency": 150721
    },
    "HLS": {
        "LUT": 6562,
        "FF": 18477,
        "DSP": 26,
        "BRAM": 0,
        "URAM": 0,
        "CP": 7.027
    },
    "IMPL": {
        "LUT": 9390,
        "FF": 18766,
        "DSP": 26,
        "BRAM": 0,
        "CP": 8.995,
        "PWR": 0.308
    }
}