{
    "LATENCY": {
        "best_latency": 1364065,
        "worst_latency": 1364065,
        "average_latency": 1364065,
        "best_time_latency": "13.641 ms",
        "worst_time_latency": "13.641 ms",
        "average_time_latency": "13.641 ms",
        "min_interval": 1364066,
        "max_interval": 1364066,
        "Latency": 1364065
    },
    "HLS": {
        "LUT": 6908,
        "FF": 3443,
        "DSP": 13,
        "BRAM": 0,
        "URAM": 0,
        "CP": 6.709
    },
    "IMPL": {
        "LUT": 1759,
        "FF": 3375,
        "DSP": 13,
        "BRAM": 0,
        "CP": 6.802,
        "PWR": 0.263
    }
}