{
    "LATENCY": {
        "best_latency": 1103969,
        "worst_latency": 1103969,
        "average_latency": 1103969,
        "best_time_latency": "11.040 ms",
        "worst_time_latency": "11.040 ms",
        "average_time_latency": "11.040 ms",
        "min_interval": 1103970,
        "max_interval": 1103970,
        "Latency": 1103969
    },
    "HLS": {
        "LUT": 7297,
        "FF": 3474,
        "DSP": 13,
        "BRAM": 0,
        "URAM": 0,
        "CP": 6.709
    },
    "IMPL": {
        "LUT": 1941,
        "FF": 3145,
        "DSP": 13,
        "BRAM": 0,
        "CP": 6.846,
        "PWR": 0.289
    }
}