{
    "LATENCY": {
        "best_latency": 150657,
        "worst_latency": 150657,
        "average_latency": 150657,
        "best_time_latency": "1.507 ms",
        "worst_time_latency": "1.507 ms",
        "average_time_latency": "1.507 ms",
        "min_interval": 150658,
        "max_interval": 150658,
        "Latency": 150657
    },
    "HLS": {
        "LUT": 122467,
        "FF": 31866,
        "DSP": 26,
        "BRAM": 0,
        "URAM": 0,
        "CP": 7.027
    },
    "IMPL": {
        "LUT": 18973,
        "FF": 32392,
        "DSP": 26,
        "BRAM": 0,
        "CP": 8.786,
        "PWR": 0.457
    }
}