{
    "LATENCY": {
        "best_latency": 151233,
        "worst_latency": 151233,
        "average_latency": 151233,
        "best_time_latency": "1.512 ms",
        "worst_time_latency": "1.512 ms",
        "average_time_latency": "1.512 ms",
        "min_interval": 151234,
        "max_interval": 151234,
        "Latency": 151233
    },
    "HLS": {
        "LUT": 33706,
        "FF": 26662,
        "DSP": 26,
        "BRAM": 0,
        "URAM": 0,
        "CP": 7.027
    },
    "IMPL": {
        "LUT": 10075,
        "FF": 26876,
        "DSP": 26,
        "BRAM": 0,
        "CP": 9.265,
        "PWR": 0.319
    }
}