{
    "LATENCY": {
        "best_latency": 150721,
        "worst_latency": 150721,
        "average_latency": 150721,
        "best_time_latency": "1.507 ms",
        "worst_time_latency": "1.507 ms",
        "average_time_latency": "1.507 ms",
        "min_interval": 150722,
        "max_interval": 150722,
        "Latency": 150721
    },
    "HLS": {
        "LUT": 60705,
        "FF": 18449,
        "DSP": 26,
        "BRAM": 0,
        "URAM": 0,
        "CP": 7.027
    },
    "IMPL": {
        "LUT": 8421,
        "FF": 18797,
        "DSP": 26,
        "BRAM": 0,
        "CP": 8.826,
        "PWR": 0.311
    }
}