{
    "LATENCY": {
        "best_latency": 2236513,
        "worst_latency": 2236513,
        "average_latency": 2236513,
        "best_time_latency": "22.365 ms",
        "worst_time_latency": "22.365 ms",
        "average_time_latency": "22.365 ms",
        "min_interval": 2236514,
        "max_interval": 2236514,
        "Latency": 2236513
    },
    "HLS": {
        "LUT": 6878,
        "FF": 2003,
        "DSP": 23,
        "BRAM": 0,
        "URAM": 0,
        "CP": 6.504
    },
    "IMPL": {
        "LUT": 1616,
        "FF": 1818,
        "DSP": 23,
        "BRAM": 0,
        "CP": 6.982,
        "PWR": 0.286
    }
}