{
    "LATENCY": {
        "best_latency": 2893921,
        "worst_latency": 2893921,
        "average_latency": 2893921,
        "best_time_latency": "28.939 ms",
        "worst_time_latency": "28.939 ms",
        "average_time_latency": "28.939 ms",
        "min_interval": 2893922,
        "max_interval": 2893922,
        "Latency": 2893921
    },
    "HLS": {
        "LUT": 11786,
        "FF": 1899,
        "DSP": 10,
        "BRAM": 0,
        "URAM": 0,
        "CP": 6.886
    },
    "SYN": {
        "LUT": 1855,
        "FF": 1746,
        "DSP": 10,
        "BRAM": 0,
        "URAM": 0,
        "SRL": 0,
        "CP": 6.496
    },
    "IMPL": {
        "LUT": 1837,
        "FF": 1742,
        "DSP": 10,
        "BRAM": 0,
        "URAM": 0,
        "SRL": 0,
        "CP": 7.057,
        "PWR": 0.293
    }
}