{
    "LATENCY": {
        "best_latency": 1048585,
        "worst_latency": 1048585,
        "average_latency": 1048585,
        "best_time_latency": "10.486 ms",
        "worst_time_latency": "10.486 ms",
        "average_time_latency": "10.486 ms",
        "min_interval": 1048586,
        "max_interval": 1048586,
        "Latency": 1048585
    },
    "HLS": {
        "LUT": 3686,
        "FF": 1246,
        "DSP": 10,
        "BRAM": 0,
        "URAM": 0,
        "CP": 7.135
    },
    "SYN": {
        "LUT": 1067,
        "FF": 1064,
        "DSP": 10,
        "BRAM": 0,
        "URAM": 0,
        "SRL": 0,
        "CP": 6.496
    },
    "IMPL": {
        "LUT": 1051,
        "FF": 1060,
        "DSP": 10,
        "BRAM": 0,
        "URAM": 0,
        "SRL": 0,
        "CP": 7.036,
        "PWR": 0.27
    }
}