{
    "LATENCY": {
        "best_latency": 1349633,
        "worst_latency": 1349633,
        "average_latency": 1349633,
        "best_time_latency": "13.496 ms",
        "worst_time_latency": "13.496 ms",
        "average_time_latency": "13.496 ms",
        "min_interval": 1349634,
        "max_interval": 1349634,
        "Latency": 1349633
    },
    "HLS": {
        "LUT": 8223,
        "FF": 2312,
        "DSP": 3,
        "BRAM": 0,
        "URAM": 0,
        "CP": 6.886
    },
    "SYN": {
        "LUT": 4240,
        "FF": 2190,
        "DSP": 3,
        "BRAM": 0,
        "URAM": 0,
        "SRL": 0,
        "CP": 5.171
    },
    "IMPL": {
        "LUT": 4122,
        "FF": 2186,
        "DSP": 3,
        "BRAM": 0,
        "URAM": 0,
        "SRL": 0,
        "CP": 7.66,
        "PWR": 0.305
    }
}