{
    "LATENCY": {
        "best_latency": 839777,
        "worst_latency": 839777,
        "average_latency": 839777,
        "best_time_latency": "8.398 ms",
        "worst_time_latency": "8.398 ms",
        "average_time_latency": "8.398 ms",
        "min_interval": 839778,
        "max_interval": 839778,
        "Latency": 839777
    },
    "HLS": {
        "LUT": 12619,
        "FF": 2284,
        "DSP": 0,
        "BRAM": 0,
        "URAM": 0,
        "CP": 7.135
    },
    "SYN": {
        "LUT": 4160,
        "FF": 2002,
        "DSP": 0,
        "BRAM": 0,
        "URAM": 0,
        "SRL": 0,
        "CP": 5.864
    },
    "IMPL": {
        "LUT": 4044,
        "FF": 1998,
        "DSP": 0,
        "BRAM": 0,
        "URAM": 0,
        "SRL": 0,
        "CP": 7.75,
        "PWR": 0.336
    }
}