{
    "LATENCY": {
        "best_latency": 65772,
        "worst_latency": 65772,
        "average_latency": 65772,
        "best_time_latency": "0.658 ms",
        "worst_time_latency": "0.658 ms",
        "average_time_latency": "0.658 ms",
        "min_interval": 65773,
        "max_interval": 65773,
        "Latency": 65772
    },
    "HLS": {
        "LUT": 38006,
        "FF": 27501,
        "DSP": 40,
        "BRAM": 0,
        "URAM": 0,
        "CP": 7.027
    },
    "SYN": {
        "LUT": 17477,
        "FF": 27878,
        "DSP": 40,
        "BRAM": 0,
        "URAM": 0,
        "SRL": 4748,
        "CP": 6.496
    },
    "IMPL": {
        "LUT": 14893,
        "FF": 27862,
        "DSP": 40,
        "BRAM": 0,
        "URAM": 0,
        "SRL": 2377,
        "CP": 9.728,
        "PWR": 0.322
    }
}