{
    "LATENCY": {
        "best_latency": 1049281,
        "worst_latency": 1049281,
        "average_latency": 1049281,
        "best_time_latency": "10.493 ms",
        "worst_time_latency": "10.493 ms",
        "average_time_latency": "10.493 ms",
        "min_interval": 1049282,
        "max_interval": 1049282,
        "Latency": 1049281
    },
    "HLS": {
        "LUT": 10426,
        "FF": 2542,
        "DSP": 0,
        "BRAM": 0,
        "URAM": 0,
        "CP": 7.135
    },
    "SYN": {
        "LUT": 4156,
        "FF": 2287,
        "DSP": 0,
        "BRAM": 0,
        "URAM": 0,
        "SRL": 0,
        "CP": 5.864
    },
    "IMPL": {
        "LUT": 4045,
        "FF": 2283,
        "DSP": 0,
        "BRAM": 0,
        "URAM": 0,
        "SRL": 0,
        "CP": 8.0,
        "PWR": 0.313
    }
}