{
    "LATENCY": {
        "best_latency": 839681,
        "worst_latency": 839681,
        "average_latency": 839681,
        "best_time_latency": "8.397 ms",
        "worst_time_latency": "8.397 ms",
        "average_time_latency": "8.397 ms",
        "min_interval": 839682,
        "max_interval": 839682,
        "Latency": 839681
    },
    "HLS": {
        "LUT": 2204,
        "FF": 1235,
        "DSP": 10,
        "BRAM": 0,
        "URAM": 0,
        "CP": 7.135
    },
    "SYN": {
        "LUT": 979,
        "FF": 1025,
        "DSP": 10,
        "BRAM": 0,
        "URAM": 0,
        "SRL": 0,
        "CP": 6.496
    },
    "IMPL": {
        "LUT": 965,
        "FF": 1021,
        "DSP": 10,
        "BRAM": 0,
        "URAM": 0,
        "SRL": 0,
        "CP": 7.188,
        "PWR": 0.277
    }
}