{
    "LATENCY": {
        "best_latency": 825834,
        "worst_latency": 825834,
        "average_latency": 825834,
        "best_time_latency": "8.258 ms",
        "worst_time_latency": "8.258 ms",
        "average_time_latency": "8.258 ms",
        "min_interval": 825835,
        "max_interval": 825835,
        "Latency": 825834
    },
    "HLS": {
        "LUT": 5971,
        "FF": 4389,
        "DSP": 6,
        "BRAM": 64,
        "URAM": 0,
        "CP": 6.539
    },
    "IMPL": {
        "LUT": 4040,
        "FF": 3724,
        "DSP": 8,
        "BRAM": 64,
        "CP": 6.979,
        "PWR": 0.392
    }
}