{
    "LATENCY": {
        "best_latency": 999679,
        "worst_latency": 999679,
        "average_latency": 999679,
        "best_time_latency": "9.997 ms",
        "worst_time_latency": "9.997 ms",
        "average_time_latency": "9.997 ms",
        "min_interval": 999680,
        "max_interval": 999680,
        "Latency": 999679
    },
    "HLS": {
        "LUT": 7861,
        "FF": 3347,
        "DSP": 6,
        "BRAM": 64,
        "URAM": 0,
        "CP": 6.143
    },
    "IMPL": {
        "LUT": 3499,
        "FF": 2839,
        "DSP": 10,
        "BRAM": 64,
        "CP": 6.684,
        "PWR": 0.392
    }
}