{
    "LATENCY": {
        "best_latency": 701907,
        "worst_latency": 701907,
        "average_latency": 701907,
        "best_time_latency": "7.019 ms",
        "worst_time_latency": "7.019 ms",
        "average_time_latency": "7.019 ms",
        "min_interval": 701908,
        "max_interval": 701908,
        "Latency": 701907
    },
    "HLS": {
        "LUT": 75897,
        "FF": 17689,
        "DSP": 3,
        "BRAM": 60,
        "URAM": 0,
        "CP": 7.363
    },
    "IMPL": {
        "LUT": 14955,
        "FF": 14919,
        "DSP": 9,
        "BRAM": 64,
        "CP": 9.525,
        "PWR": 0.494
    }
}