{
    "LATENCY": {
        "best_latency": 847889,
        "worst_latency": 847889,
        "average_latency": 847889,
        "best_time_latency": "8.479 ms",
        "worst_time_latency": "8.479 ms",
        "average_time_latency": "8.479 ms",
        "min_interval": 847890,
        "max_interval": 847890,
        "Latency": 847889
    },
    "HLS": {
        "LUT": 9336,
        "FF": 4783,
        "DSP": 6,
        "BRAM": 64,
        "URAM": 0,
        "CP": 6.823
    },
    "IMPL": {
        "LUT": 4425,
        "FF": 4162,
        "DSP": 8,
        "BRAM": 64,
        "CP": 7.127,
        "PWR": 0.391
    }
}