{
    "LATENCY": {
        "best_latency": 696182,
        "worst_latency": 696182,
        "average_latency": 696182,
        "best_time_latency": "6.962 ms",
        "worst_time_latency": "6.962 ms",
        "average_time_latency": "6.962 ms",
        "min_interval": 696183,
        "max_interval": 696183,
        "Latency": 696182
    },
    "HLS": {
        "LUT": 28393,
        "FF": 18210,
        "DSP": 6,
        "BRAM": 64,
        "URAM": 0,
        "CP": 7.389
    },
    "IMPL": {
        "LUT": 23940,
        "FF": 16147,
        "DSP": 7,
        "BRAM": 64,
        "CP": 9.452,
        "PWR": 0.432
    }
}