{
    "LATENCY": {
        "best_latency": 628376,
        "worst_latency": 628376,
        "average_latency": 628376,
        "best_time_latency": "6.284 ms",
        "worst_time_latency": "6.284 ms",
        "average_time_latency": "6.284 ms",
        "min_interval": 628377,
        "max_interval": 628377,
        "Latency": 628376
    },
    "HLS": {
        "LUT": 112719,
        "FF": 45162,
        "DSP": 9,
        "BRAM": 64,
        "URAM": 0,
        "CP": 8.284
    },
    "IMPL": {
        "LUT": 43975,
        "FF": 43562,
        "DSP": 13,
        "BRAM": 64,
        "CP": 9.218,
        "PWR": 0.604
    }
}