{
    "LATENCY": {
        "best_latency": 812241,
        "worst_latency": 812241,
        "average_latency": 812241,
        "best_time_latency": "8.122 ms",
        "worst_time_latency": "8.122 ms",
        "average_time_latency": "8.122 ms",
        "min_interval": 812242,
        "max_interval": 812242,
        "Latency": 812241
    },
    "HLS": {
        "LUT": 5395,
        "FF": 3569,
        "DSP": 6,
        "BRAM": 64,
        "URAM": 0,
        "CP": 6.291
    },
    "IMPL": {
        "LUT": 3558,
        "FF": 3189,
        "DSP": 7,
        "BRAM": 64,
        "CP": 7.095,
        "PWR": 0.375
    }
}