{
    "LATENCY": {
        "best_latency": 894804,
        "worst_latency": 894804,
        "average_latency": 894804,
        "best_time_latency": "8.948 ms",
        "worst_time_latency": "8.948 ms",
        "average_time_latency": "8.948 ms",
        "min_interval": 894805,
        "max_interval": 894805,
        "Latency": 894804
    },
    "HLS": {
        "LUT": 3892,
        "FF": 2786,
        "DSP": 6,
        "BRAM": 64,
        "URAM": 0,
        "CP": 7.15
    },
    "IMPL": {
        "LUT": 3069,
        "FF": 2580,
        "DSP": 6,
        "BRAM": 64,
        "CP": 7.138,
        "PWR": 0.391
    }
}