{
    "LATENCY": {
        "best_latency": 296320,
        "worst_latency": 296320,
        "average_latency": 296320,
        "best_time_latency": "2.963 ms",
        "worst_time_latency": "2.963 ms",
        "average_time_latency": "2.963 ms",
        "min_interval": 296321,
        "max_interval": 296321,
        "Latency": 296320
    },
    "HLS": {
        "LUT": 18151,
        "FF": 17189,
        "DSP": 12,
        "BRAM": 64,
        "URAM": 0,
        "CP": 7.15
    },
    "IMPL": {
        "LUT": 19204,
        "FF": 16711,
        "DSP": 12,
        "BRAM": 64,
        "CP": 8.7,
        "PWR": 0.467
    }
}