{
    "LATENCY": {
        "best_latency": 872291,
        "worst_latency": 872291,
        "average_latency": 872291,
        "best_time_latency": "8.723 ms",
        "worst_time_latency": "8.723 ms",
        "average_time_latency": "8.723 ms",
        "min_interval": 872292,
        "max_interval": 872292,
        "Latency": 872291
    },
    "HLS": {
        "LUT": 4779,
        "FF": 3471,
        "DSP": 6,
        "BRAM": 64,
        "URAM": 0,
        "CP": 6.397
    },
    "IMPL": {
        "LUT": 3380,
        "FF": 3070,
        "DSP": 6,
        "BRAM": 64,
        "CP": 7.315,
        "PWR": 0.403
    }
}