{
    "LATENCY": {
        "best_latency": 794640,
        "worst_latency": 794651,
        "average_latency": 794646,
        "best_time_latency": "7.946 ms",
        "worst_time_latency": "7.947 ms",
        "average_time_latency": "7.946 ms",
        "min_interval": 794641,
        "max_interval": 794652,
        "Latency": 794646
    },
    "HLS": {
        "LUT": 5490,
        "FF": 4203,
        "DSP": 6,
        "BRAM": 64,
        "URAM": 0,
        "CP": 6.291
    },
    "IMPL": {
        "LUT": 4094,
        "FF": 3602,
        "DSP": 7,
        "BRAM": 64,
        "CP": 6.94,
        "PWR": 0.386
    }
}