{
    "LATENCY": {
        "best_latency": 892692,
        "worst_latency": 892692,
        "average_latency": 892692,
        "best_time_latency": "8.927 ms",
        "worst_time_latency": "8.927 ms",
        "average_time_latency": "8.927 ms",
        "min_interval": 892693,
        "max_interval": 892693,
        "Latency": 892692
    },
    "HLS": {
        "LUT": 4431,
        "FF": 3431,
        "DSP": 6,
        "BRAM": 64,
        "URAM": 0,
        "CP": 6.291
    },
    "IMPL": {
        "LUT": 3035,
        "FF": 2986,
        "DSP": 8,
        "BRAM": 64,
        "CP": 6.942,
        "PWR": 0.365
    }
}