{
    "LATENCY": {
        "best_latency": 812216,
        "worst_latency": 812226,
        "average_latency": 812222,
        "best_time_latency": "8.122 ms",
        "worst_time_latency": "8.122 ms",
        "average_time_latency": "8.122 ms",
        "min_interval": 812217,
        "max_interval": 812227,
        "Latency": 812222
    },
    "HLS": {
        "LUT": 7615,
        "FF": 3920,
        "DSP": 6,
        "BRAM": 64,
        "URAM": 0,
        "CP": 7.098
    },
    "IMPL": {
        "LUT": 3731,
        "FF": 3341,
        "DSP": 6,
        "BRAM": 64,
        "CP": 7.403,
        "PWR": 0.383
    }
}