{
    "LATENCY": {
        "best_latency": 774640,
        "worst_latency": 774640,
        "average_latency": 774640,
        "best_time_latency": "7.746 ms",
        "worst_time_latency": "7.746 ms",
        "average_time_latency": "7.746 ms",
        "min_interval": 774641,
        "max_interval": 774641,
        "Latency": 774640
    },
    "HLS": {
        "LUT": 43710,
        "FF": 14570,
        "DSP": 9,
        "BRAM": 64,
        "URAM": 0,
        "CP": 7.15
    },
    "IMPL": {
        "LUT": 16068,
        "FF": 13538,
        "DSP": 13,
        "BRAM": 64,
        "CP": 8.624,
        "PWR": 0.478
    }
}