{
    "LATENCY": {
        "best_latency": 901117,
        "worst_latency": 901128,
        "average_latency": 901123,
        "best_time_latency": "9.011 ms",
        "worst_time_latency": "9.011 ms",
        "average_time_latency": "9.011 ms",
        "min_interval": 901118,
        "max_interval": 901129,
        "Latency": 901123
    },
    "HLS": {
        "LUT": 7784,
        "FF": 4673,
        "DSP": 6,
        "BRAM": 64,
        "URAM": 0,
        "CP": 7.15
    },
    "IMPL": {
        "LUT": 4082,
        "FF": 4152,
        "DSP": 8,
        "BRAM": 64,
        "CP": 6.81,
        "PWR": 0.38
    }
}