{
    "LATENCY": {
        "best_latency": 899171,
        "worst_latency": 899171,
        "average_latency": 899171,
        "best_time_latency": "8.992 ms",
        "worst_time_latency": "8.992 ms",
        "average_time_latency": "8.992 ms",
        "min_interval": 899172,
        "max_interval": 899172,
        "Latency": 899171
    },
    "HLS": {
        "LUT": 3373,
        "FF": 2479,
        "DSP": 6,
        "BRAM": 64,
        "URAM": 0,
        "CP": 6.397
    },
    "IMPL": {
        "LUT": 2819,
        "FF": 2257,
        "DSP": 7,
        "BRAM": 64,
        "CP": 6.807,
        "PWR": 0.385
    }
}