{
    "LATENCY": {
        "best_latency": 830065,
        "worst_latency": 830065,
        "average_latency": 830065,
        "best_time_latency": "8.301 ms",
        "worst_time_latency": "8.301 ms",
        "average_time_latency": "8.301 ms",
        "min_interval": 830066,
        "max_interval": 830066,
        "Latency": 830065
    },
    "HLS": {
        "LUT": 4305,
        "FF": 3187,
        "DSP": 6,
        "BRAM": 64,
        "URAM": 0,
        "CP": 6.291
    },
    "IMPL": {
        "LUT": 3192,
        "FF": 2739,
        "DSP": 6,
        "BRAM": 64,
        "CP": 6.588,
        "PWR": 0.377
    }
}