{
    "LATENCY": {
        "best_latency": 8042251,
        "worst_latency": 8042251,
        "average_latency": 8042251,
        "best_time_latency": "80.423 ms",
        "worst_time_latency": "80.423 ms",
        "average_time_latency": "80.423 ms",
        "min_interval": 8042252,
        "max_interval": 8042252,
        "Latency": 8042251
    },
    "HLS": {
        "LUT": 2649,
        "FF": 2106,
        "DSP": 3,
        "BRAM": 64,
        "URAM": 0,
        "CP": 6.405
    },
    "IMPL": {
        "LUT": 2233,
        "FF": 2098,
        "DSP": 3,
        "BRAM": 64,
        "CP": 6.814,
        "PWR": 0.384
    }
}