{
    "LATENCY": {
        "best_latency": 6855043,
        "worst_latency": 6855043,
        "average_latency": 6855043,
        "best_time_latency": "68.550 ms",
        "worst_time_latency": "68.550 ms",
        "average_time_latency": "68.550 ms",
        "min_interval": 6855044,
        "max_interval": 6855044,
        "Latency": 6855043
    },
    "HLS": {
        "LUT": 6742,
        "FF": 2728,
        "DSP": 3,
        "BRAM": 64,
        "URAM": 0,
        "CP": 6.291
    },
    "IMPL": {
        "LUT": 2990,
        "FF": 2383,
        "DSP": 5,
        "BRAM": 64,
        "CP": 6.827,
        "PWR": 0.411
    }
}