{
    "LATENCY": {
        "best_latency": 894549,
        "worst_latency": 894549,
        "average_latency": 894549,
        "best_time_latency": "8.945 ms",
        "worst_time_latency": "8.945 ms",
        "average_time_latency": "8.945 ms",
        "min_interval": 894550,
        "max_interval": 894550,
        "Latency": 894549
    },
    "HLS": {
        "LUT": 3685,
        "FF": 2691,
        "DSP": 6,
        "BRAM": 64,
        "URAM": 0,
        "CP": 6.539
    },
    "IMPL": {
        "LUT": 2726,
        "FF": 2449,
        "DSP": 6,
        "BRAM": 64,
        "CP": 7.035,
        "PWR": 0.395
    }
}