{
    "LATENCY": {
        "best_latency": 898592,
        "worst_latency": 898592,
        "average_latency": 898592,
        "best_time_latency": "8.986 ms",
        "worst_time_latency": "8.986 ms",
        "average_time_latency": "8.986 ms",
        "min_interval": 898593,
        "max_interval": 898593,
        "Latency": 898592
    },
    "HLS": {
        "LUT": 4162,
        "FF": 3118,
        "DSP": 6,
        "BRAM": 64,
        "URAM": 0,
        "CP": 6.291
    },
    "IMPL": {
        "LUT": 3061,
        "FF": 2828,
        "DSP": 6,
        "BRAM": 64,
        "CP": 6.842,
        "PWR": 0.403
    }
}