{
    "LATENCY": {
        "best_latency": 1150772,
        "worst_latency": 1150772,
        "average_latency": 1150772,
        "best_time_latency": "11.508 ms",
        "worst_time_latency": "11.508 ms",
        "average_time_latency": "11.508 ms",
        "min_interval": 1150773,
        "max_interval": 1150773,
        "Latency": 1150772
    },
    "HLS": {
        "LUT": 12193,
        "FF": 4996,
        "DSP": 6,
        "BRAM": 64,
        "URAM": 0,
        "CP": 7.15
    },
    "IMPL": {
        "LUT": 4577,
        "FF": 4338,
        "DSP": 10,
        "BRAM": 64,
        "CP": 7.261,
        "PWR": 0.4
    }
}