{
    "LATENCY": {
        "best_latency": 7980923,
        "worst_latency": 7980923,
        "average_latency": 7980923,
        "best_time_latency": "79.809 ms",
        "worst_time_latency": "79.809 ms",
        "average_time_latency": "79.809 ms",
        "min_interval": 7980924,
        "max_interval": 7980924,
        "Latency": 7980923
    },
    "HLS": {
        "LUT": 43642,
        "FF": 15188,
        "DSP": 6,
        "BRAM": 64,
        "URAM": 0,
        "CP": 7.174
    },
    "IMPL": {
        "LUT": 15824,
        "FF": 14962,
        "DSP": 7,
        "BRAM": 64,
        "CP": 9.305,
        "PWR": 0.453
    }
}