{
    "LATENCY": {
        "best_latency": 7955932,
        "worst_latency": 7955932,
        "average_latency": 7955932,
        "best_time_latency": "79.559 ms",
        "worst_time_latency": "79.559 ms",
        "average_time_latency": "79.559 ms",
        "min_interval": 7955933,
        "max_interval": 7955933,
        "Latency": 7955932
    },
    "HLS": {
        "LUT": 3526,
        "FF": 2667,
        "DSP": 3,
        "BRAM": 64,
        "URAM": 0,
        "CP": 6.291
    },
    "IMPL": {
        "LUT": 2796,
        "FF": 2393,
        "DSP": 3,
        "BRAM": 64,
        "CP": 6.972,
        "PWR": 0.412
    }
}