{
    "LATENCY": {
        "best_latency": 887268,
        "worst_latency": 887268,
        "average_latency": 887268,
        "best_time_latency": "8.873 ms",
        "worst_time_latency": "8.873 ms",
        "average_time_latency": "8.873 ms",
        "min_interval": 887269,
        "max_interval": 887269,
        "Latency": 887268
    },
    "HLS": {
        "LUT": 4992,
        "FF": 3610,
        "DSP": 6,
        "BRAM": 64,
        "URAM": 0,
        "CP": 6.823
    },
    "IMPL": {
        "LUT": 3438,
        "FF": 3104,
        "DSP": 8,
        "BRAM": 64,
        "CP": 7.459,
        "PWR": 0.394
    }
}