{
    "LATENCY": {
        "best_latency": 1106886,
        "worst_latency": 1106907,
        "average_latency": 1106897,
        "best_time_latency": "11.069 ms",
        "worst_time_latency": "11.069 ms",
        "average_time_latency": "11.069 ms",
        "min_interval": 1106887,
        "max_interval": 1106908,
        "Latency": 1106897
    },
    "HLS": {
        "LUT": 5599,
        "FF": 4522,
        "DSP": 9,
        "BRAM": 64,
        "URAM": 0,
        "CP": 7.15
    },
    "IMPL": {
        "LUT": 4008,
        "FF": 3445,
        "DSP": 12,
        "BRAM": 64,
        "CP": 7.379,
        "PWR": 0.393
    }
}