{
    "LATENCY": {
        "best_latency": 1266281,
        "worst_latency": 1266281,
        "average_latency": 1266281,
        "best_time_latency": "12.663 ms",
        "worst_time_latency": "12.663 ms",
        "average_time_latency": "12.663 ms",
        "min_interval": 1266282,
        "max_interval": 1266282,
        "Latency": 1266281
    },
    "HLS": {
        "LUT": 7597,
        "FF": 3964,
        "DSP": 6,
        "BRAM": 64,
        "URAM": 0,
        "CP": 7.15
    },
    "IMPL": {
        "LUT": 3481,
        "FF": 3309,
        "DSP": 10,
        "BRAM": 64,
        "CP": 7.535,
        "PWR": 0.4
    }
}