{
    "LATENCY": {
        "best_latency": 8015638,
        "worst_latency": 8015638,
        "average_latency": 8015638,
        "best_time_latency": "80.156 ms",
        "worst_time_latency": "80.156 ms",
        "average_time_latency": "80.156 ms",
        "min_interval": 8015639,
        "max_interval": 8015639,
        "Latency": 8015638
    },
    "HLS": {
        "LUT": 4191,
        "FF": 2781,
        "DSP": 6,
        "BRAM": 64,
        "URAM": 0,
        "CP": 6.291
    },
    "IMPL": {
        "LUT": 2975,
        "FF": 2703,
        "DSP": 6,
        "BRAM": 64,
        "CP": 7.048,
        "PWR": 0.362
    }
}