{
    "LATENCY": {
        "best_latency": 810963,
        "worst_latency": 810963,
        "average_latency": 810963,
        "best_time_latency": "8.110 ms",
        "worst_time_latency": "8.110 ms",
        "average_time_latency": "8.110 ms",
        "min_interval": 810964,
        "max_interval": 810964,
        "Latency": 810963
    },
    "HLS": {
        "LUT": 16774,
        "FF": 13771,
        "DSP": 6,
        "BRAM": 64,
        "URAM": 0,
        "CP": 7.389
    },
    "IMPL": {
        "LUT": 14631,
        "FF": 13403,
        "DSP": 6,
        "BRAM": 64,
        "CP": 9.1,
        "PWR": 0.445
    }
}