{
    "LATENCY": {
        "best_latency": 360835,
        "worst_latency": 360835,
        "average_latency": 360835,
        "best_time_latency": "3.608 ms",
        "worst_time_latency": "3.608 ms",
        "average_time_latency": "3.608 ms",
        "min_interval": 360836,
        "max_interval": 360836,
        "Latency": 360835
    },
    "HLS": {
        "LUT": 18027,
        "FF": 13865,
        "DSP": 15,
        "BRAM": 128,
        "URAM": 0,
        "CP": 7.15
    },
    "IMPL": {
        "LUT": 19371,
        "FF": 13825,
        "DSP": 15,
        "BRAM": 128,
        "CP": 8.596,
        "PWR": 0.516
    }
}