{
    "LATENCY": {
        "best_latency": 880907,
        "worst_latency": 880907,
        "average_latency": 880907,
        "best_time_latency": "8.809 ms",
        "worst_time_latency": "8.809 ms",
        "average_time_latency": "8.809 ms",
        "min_interval": 880908,
        "max_interval": 880908,
        "Latency": 880907
    },
    "HLS": {
        "LUT": 7771,
        "FF": 3321,
        "DSP": 6,
        "BRAM": 64,
        "URAM": 0,
        "CP": 6.291
    },
    "IMPL": {
        "LUT": 3358,
        "FF": 3094,
        "DSP": 6,
        "BRAM": 64,
        "CP": 7.227,
        "PWR": 0.399
    }
}