{
    "LATENCY": {
        "best_latency": 7757440,
        "worst_latency": 7757440,
        "average_latency": 7757440,
        "best_time_latency": "77.574 ms",
        "worst_time_latency": "77.574 ms",
        "average_time_latency": "77.574 ms",
        "min_interval": 7757441,
        "max_interval": 7757441,
        "Latency": 7757440
    },
    "HLS": {
        "LUT": 9401,
        "FF": 2140,
        "DSP": 3,
        "BRAM": 64,
        "URAM": 0,
        "CP": 6.414
    },
    "IMPL": {
        "LUT": 3008,
        "FF": 2095,
        "DSP": 3,
        "BRAM": 63,
        "CP": 6.758,
        "PWR": 0.408
    }
}