{
    "LATENCY": {
        "best_latency": 8042691,
        "worst_latency": 8042691,
        "average_latency": 8042691,
        "best_time_latency": "80.427 ms",
        "worst_time_latency": "80.427 ms",
        "average_time_latency": "80.427 ms",
        "min_interval": 8042692,
        "max_interval": 8042692,
        "Latency": 8042691
    },
    "HLS": {
        "LUT": 2216,
        "FF": 1365,
        "DSP": 3,
        "BRAM": 64,
        "URAM": 0,
        "CP": 6.414
    },
    "IMPL": {
        "LUT": 1757,
        "FF": 1324,
        "DSP": 3,
        "BRAM": 64,
        "CP": 6.646,
        "PWR": 0.386
    }
}