{
    "LATENCY": {
        "best_latency": 794698,
        "worst_latency": 794698,
        "average_latency": 794698,
        "best_time_latency": "7.947 ms",
        "worst_time_latency": "7.947 ms",
        "average_time_latency": "7.947 ms",
        "min_interval": 794699,
        "max_interval": 794699,
        "Latency": 794698
    },
    "HLS": {
        "LUT": 5211,
        "FF": 3621,
        "DSP": 6,
        "BRAM": 64,
        "URAM": 0,
        "CP": 6.539
    },
    "IMPL": {
        "LUT": 3591,
        "FF": 3169,
        "DSP": 7,
        "BRAM": 64,
        "CP": 6.953,
        "PWR": 0.38
    }
}