{
    "LATENCY": {
        "best_latency": 700949,
        "worst_latency": 700960,
        "average_latency": 700955,
        "best_time_latency": "7.009 ms",
        "worst_time_latency": "7.010 ms",
        "average_time_latency": "7.010 ms",
        "min_interval": 700950,
        "max_interval": 700961,
        "Latency": 700955
    },
    "HLS": {
        "LUT": 17322,
        "FF": 11935,
        "DSP": 6,
        "BRAM": 64,
        "URAM": 0,
        "CP": 7.15
    },
    "IMPL": {
        "LUT": 15085,
        "FF": 11298,
        "DSP": 7,
        "BRAM": 64,
        "CP": 8.812,
        "PWR": 0.428
    }
}