{
    "LATENCY": {
        "best_latency": 710726,
        "worst_latency": 710753,
        "average_latency": 710740,
        "best_time_latency": "7.107 ms",
        "worst_time_latency": "7.108 ms",
        "average_time_latency": "7.107 ms",
        "min_interval": 710727,
        "max_interval": 710754,
        "Latency": 710740
    },
    "HLS": {
        "LUT": 148043,
        "FF": 40672,
        "DSP": 12,
        "BRAM": 64,
        "URAM": 0,
        "CP": 7.15
    },
    "IMPL": {
        "LUT": 30834,
        "FF": 38434,
        "DSP": 17,
        "BRAM": 65,
        "CP": 9.763,
        "PWR": 0.614
    }
}