{
    "LATENCY": {
        "best_latency": 810608,
        "worst_latency": 810608,
        "average_latency": 810608,
        "best_time_latency": "8.106 ms",
        "worst_time_latency": "8.106 ms",
        "average_time_latency": "8.106 ms",
        "min_interval": 810609,
        "max_interval": 810609,
        "Latency": 810608
    },
    "HLS": {
        "LUT": 17144,
        "FF": 12430,
        "DSP": 6,
        "BRAM": 64,
        "URAM": 0,
        "CP": 7.174
    },
    "IMPL": {
        "LUT": 14578,
        "FF": 12041,
        "DSP": 6,
        "BRAM": 63,
        "CP": 8.964,
        "PWR": 0.444
    }
}