{
    "LATENCY": {
        "best_latency": 7956146,
        "worst_latency": 7956146,
        "average_latency": 7956146,
        "best_time_latency": "79.561 ms",
        "worst_time_latency": "79.561 ms",
        "average_time_latency": "79.561 ms",
        "min_interval": 7956147,
        "max_interval": 7956147,
        "Latency": 7956146
    },
    "HLS": {
        "LUT": 6828,
        "FF": 3158,
        "DSP": 6,
        "BRAM": 64,
        "URAM": 0,
        "CP": 6.291
    },
    "IMPL": {
        "LUT": 3349,
        "FF": 2857,
        "DSP": 6,
        "BRAM": 64,
        "CP": 6.837,
        "PWR": 0.405
    }
}