{
    "LATENCY": {
        "best_latency": 960896,
        "worst_latency": 960896,
        "average_latency": 960896,
        "best_time_latency": "9.609 ms",
        "worst_time_latency": "9.609 ms",
        "average_time_latency": "9.609 ms",
        "min_interval": 960897,
        "max_interval": 960897,
        "Latency": 960896
    },
    "HLS": {
        "LUT": 7073,
        "FF": 3517,
        "DSP": 6,
        "BRAM": 64,
        "URAM": 0,
        "CP": 6.291
    },
    "IMPL": {
        "LUT": 3558,
        "FF": 3120,
        "DSP": 7,
        "BRAM": 64,
        "CP": 6.988,
        "PWR": 0.398
    }
}