{
    "LATENCY": {
        "best_latency": 880971,
        "worst_latency": 880971,
        "average_latency": 880971,
        "best_time_latency": "8.810 ms",
        "worst_time_latency": "8.810 ms",
        "average_time_latency": "8.810 ms",
        "min_interval": 880972,
        "max_interval": 880972,
        "Latency": 880971
    },
    "HLS": {
        "LUT": 5903,
        "FF": 2993,
        "DSP": 3,
        "BRAM": 64,
        "URAM": 0,
        "CP": 6.291
    },
    "IMPL": {
        "LUT": 3289,
        "FF": 2891,
        "DSP": 3,
        "BRAM": 64,
        "CP": 6.757,
        "PWR": 0.395
    }
}