{
    "LATENCY": {
        "best_latency": 1104225,
        "worst_latency": 1104225,
        "average_latency": 1104225,
        "best_time_latency": "11.042 ms",
        "worst_time_latency": "11.042 ms",
        "average_time_latency": "11.042 ms",
        "min_interval": 1104226,
        "max_interval": 1104226,
        "Latency": 1104225
    },
    "HLS": {
        "LUT": 16693,
        "FF": 12308,
        "DSP": 6,
        "BRAM": 64,
        "URAM": 0,
        "CP": 7.174
    },
    "IMPL": {
        "LUT": 13735,
        "FF": 11895,
        "DSP": 6,
        "BRAM": 64,
        "CP": 8.898,
        "PWR": 0.424
    }
}