{
    "LATENCY": {
        "best_latency": 43226,
        "worst_latency": 43226,
        "average_latency": 43226,
        "best_time_latency": "0.432 ms",
        "worst_time_latency": "0.432 ms",
        "average_time_latency": "0.432 ms",
        "min_interval": 43227,
        "max_interval": 43227,
        "Latency": 43226
    },
    "HLS": {
        "LUT": 10594,
        "FF": 7425,
        "DSP": 8,
        "BRAM": 0,
        "URAM": 0,
        "CP": 7.135
    },
    "IMPL": {
        "LUT": 4749,
        "FF": 3007,
        "DSP": 10,
        "BRAM": 0,
        "CP": 7.239,
        "PWR": 0.325
    }
}