{
    "LATENCY": {
        "best_latency": 10194,
        "worst_latency": 10194,
        "average_latency": 10194,
        "best_time_latency": "0.102 ms",
        "worst_time_latency": "0.102 ms",
        "average_time_latency": "0.102 ms",
        "min_interval": 10195,
        "max_interval": 10195,
        "Latency": 10194
    },
    "HLS": {
        "LUT": 41566,
        "FF": 44761,
        "DSP": 42,
        "BRAM": 0,
        "URAM": 0,
        "CP": 7.619
    },
    "IMPL": {
        "LUT": 19818,
        "FF": 14151,
        "DSP": 57,
        "BRAM": 0,
        "CP": 8.841,
        "PWR": 0.532
    }
}