{
    "LATENCY": {
        "best_latency": 26196,
        "worst_latency": 26196,
        "average_latency": 26196,
        "best_time_latency": "0.262 ms",
        "worst_time_latency": "0.262 ms",
        "average_time_latency": "0.262 ms",
        "min_interval": 26197,
        "max_interval": 26197,
        "Latency": 26196
    },
    "HLS": {
        "LUT": 5177,
        "FF": 3353,
        "DSP": 13,
        "BRAM": 0,
        "URAM": 0,
        "CP": 7.01
    },
    "IMPL": {
        "LUT": 2562,
        "FF": 2926,
        "DSP": 14,
        "BRAM": 0,
        "CP": 6.536,
        "PWR": 0.274
    }
}