{
    "LATENCY": {
        "best_latency": 46437,
        "worst_latency": 46437,
        "average_latency": 46437,
        "best_time_latency": "0.464 ms",
        "worst_time_latency": "0.464 ms",
        "average_time_latency": "0.464 ms",
        "min_interval": 46438,
        "max_interval": 46438,
        "Latency": 46437
    },
    "HLS": {
        "LUT": 4145,
        "FF": 4133,
        "DSP": 16,
        "BRAM": 0,
        "URAM": 0,
        "CP": 6.709
    },
    "IMPL": {
        "LUT": 1772,
        "FF": 1827,
        "DSP": 17,
        "BRAM": 0,
        "CP": 7.132,
        "PWR": 0.304
    }
}