{
    "LATENCY": {
        "best_latency": 78053,
        "worst_latency": 78053,
        "average_latency": 78053,
        "best_time_latency": "0.781 ms",
        "worst_time_latency": "0.781 ms",
        "average_time_latency": "0.781 ms",
        "min_interval": 78054,
        "max_interval": 78054,
        "Latency": 78053
    },
    "HLS": {
        "LUT": 1724,
        "FF": 1477,
        "DSP": 12,
        "BRAM": 0,
        "URAM": 0,
        "CP": 6.504
    },
    "IMPL": {
        "LUT": 973,
        "FF": 1132,
        "DSP": 12,
        "BRAM": 0,
        "CP": 6.934,
        "PWR": 0.288
    }
}