{
    "LATENCY": {
        "best_latency": 12606,
        "worst_latency": 12606,
        "average_latency": 12606,
        "best_time_latency": "0.126 ms",
        "worst_time_latency": "0.126 ms",
        "average_time_latency": "0.126 ms",
        "min_interval": 12607,
        "max_interval": 12607,
        "Latency": 12606
    },
    "HLS": {
        "LUT": 8906,
        "FF": 5364,
        "DSP": 3,
        "BRAM": 0,
        "URAM": 0,
        "CP": 7.619
    },
    "IMPL": {
        "LUT": 7091,
        "FF": 5170,
        "DSP": 3,
        "BRAM": 0,
        "CP": 8.545,
        "PWR": 0.265
    }
}