{
    "LATENCY": {
        "best_latency": 2515,
        "worst_latency": 2515,
        "average_latency": 2515,
        "best_time_latency": "25.150 us",
        "worst_time_latency": "25.150 us",
        "average_time_latency": "25.150 us",
        "min_interval": 2516,
        "max_interval": 2516,
        "Latency": 2515
    },
    "HLS": {
        "LUT": 3502,
        "FF": 3946,
        "DSP": 20,
        "BRAM": 0,
        "URAM": 0,
        "CP": 7.036
    },
    "IMPL": {
        "LUT": 2879,
        "FF": 3618,
        "DSP": 20,
        "BRAM": 0,
        "CP": 7.314,
        "PWR": 0.315
    }
}