{
    "LATENCY": {
        "best_latency": 26196,
        "worst_latency": 26196,
        "average_latency": 26196,
        "best_time_latency": "0.262 ms",
        "worst_time_latency": "0.262 ms",
        "average_time_latency": "0.262 ms",
        "min_interval": 26197,
        "max_interval": 26197,
        "Latency": 26196
    },
    "HLS": {
        "LUT": 4795,
        "FF": 3527,
        "DSP": 13,
        "BRAM": 0,
        "URAM": 0,
        "CP": 7.01
    },
    "IMPL": {
        "LUT": 2108,
        "FF": 2388,
        "DSP": 14,
        "BRAM": 0,
        "CP": 7.024,
        "PWR": 0.283
    }
}