{
    "LATENCY": {
        "best_latency": 43967,
        "worst_latency": 43967,
        "average_latency": 43967,
        "best_time_latency": "0.440 ms",
        "worst_time_latency": "0.440 ms",
        "average_time_latency": "0.440 ms",
        "min_interval": 43968,
        "max_interval": 43968,
        "Latency": 43967
    },
    "HLS": {
        "LUT": 7464,
        "FF": 2961,
        "DSP": 5,
        "BRAM": 0,
        "URAM": 0,
        "CP": 6.974
    },
    "IMPL": {
        "LUT": 3854,
        "FF": 1777,
        "DSP": 6,
        "BRAM": 0,
        "CP": 7.681,
        "PWR": 0.277
    }
}