{
    "LATENCY": {
        "best_latency": 129923,
        "worst_latency": 129923,
        "average_latency": 129923,
        "best_time_latency": "1.299 ms",
        "worst_time_latency": "1.299 ms",
        "average_time_latency": "1.299 ms",
        "min_interval": 129924,
        "max_interval": 129924,
        "Latency": 129923
    },
    "HLS": {
        "LUT": 3681,
        "FF": 2088,
        "DSP": 21,
        "BRAM": 0,
        "URAM": 0,
        "CP": 6.504
    },
    "IMPL": {
        "LUT": 1399,
        "FF": 1508,
        "DSP": 23,
        "BRAM": 0,
        "CP": 6.944,
        "PWR": 0.287
    }
}