{
    "LATENCY": {
        "best_latency": 10141,
        "worst_latency": 10141,
        "average_latency": 10141,
        "best_time_latency": "0.101 ms",
        "worst_time_latency": "0.101 ms",
        "average_time_latency": "0.101 ms",
        "min_interval": 10142,
        "max_interval": 10142,
        "Latency": 10141
    },
    "HLS": {
        "LUT": 7759,
        "FF": 5253,
        "DSP": 10,
        "BRAM": 0,
        "URAM": 0,
        "CP": 7.534
    },
    "IMPL": {
        "LUT": 3922,
        "FF": 4684,
        "DSP": 11,
        "BRAM": 0,
        "CP": 7.714,
        "PWR": 0.289
    }
}