{
    "LATENCY": {
        "best_latency": 38533,
        "worst_latency": 38533,
        "average_latency": 38533,
        "best_time_latency": "0.385 ms",
        "worst_time_latency": "0.385 ms",
        "average_time_latency": "0.385 ms",
        "min_interval": 38534,
        "max_interval": 38534,
        "Latency": 38533
    },
    "HLS": {
        "LUT": 3349,
        "FF": 2589,
        "DSP": 15,
        "BRAM": 0,
        "URAM": 0,
        "CP": 7.223
    },
    "IMPL": {
        "LUT": 1246,
        "FF": 1598,
        "DSP": 15,
        "BRAM": 0,
        "CP": 7.051,
        "PWR": 0.268
    }
}