{
    "LATENCY": {
        "best_latency": 2529,
        "worst_latency": 2529,
        "average_latency": 2529,
        "best_time_latency": "25.290 us",
        "worst_time_latency": "25.290 us",
        "average_time_latency": "25.290 us",
        "min_interval": 2530,
        "max_interval": 2530,
        "Latency": 2529
    },
    "HLS": {
        "LUT": 4997,
        "FF": 5276,
        "DSP": 26,
        "BRAM": 0,
        "URAM": 0,
        "CP": 7.036
    },
    "IMPL": {
        "LUT": 3692,
        "FF": 5009,
        "DSP": 26,
        "BRAM": 0,
        "CP": 7.335,
        "PWR": 0.301
    }
}