{
    "LATENCY": {
        "best_latency": 238603,
        "worst_latency": 238603,
        "average_latency": 238603,
        "best_time_latency": "2.386 ms",
        "worst_time_latency": "2.386 ms",
        "average_time_latency": "2.386 ms",
        "min_interval": 238604,
        "max_interval": 238604,
        "Latency": 238603
    },
    "HLS": {
        "LUT": 2440,
        "FF": 1750,
        "DSP": 17,
        "BRAM": 0,
        "URAM": 0,
        "CP": 6.754
    },
    "IMPL": {
        "LUT": 1039,
        "FF": 1422,
        "DSP": 19,
        "BRAM": 0,
        "CP": 6.974,
        "PWR": 0.289
    }
}