{
    "LATENCY": {
        "best_latency": 139556,
        "worst_latency": 139556,
        "average_latency": 139556,
        "best_time_latency": "1.396 ms",
        "worst_time_latency": "1.396 ms",
        "average_time_latency": "1.396 ms",
        "min_interval": 139557,
        "max_interval": 139557,
        "Latency": 139556
    },
    "HLS": {
        "LUT": 5061,
        "FF": 1763,
        "DSP": 2,
        "BRAM": 0,
        "URAM": 0,
        "CP": 6.589
    },
    "IMPL": {
        "LUT": 3593,
        "FF": 1436,
        "DSP": 2,
        "BRAM": 0,
        "CP": 7.756,
        "PWR": 0.326
    }
}