{
    "LATENCY": {
        "best_latency": 124983,
        "worst_latency": 124983,
        "average_latency": 124983,
        "best_time_latency": "1.250 ms",
        "worst_time_latency": "1.250 ms",
        "average_time_latency": "1.250 ms",
        "min_interval": 124984,
        "max_interval": 124984,
        "Latency": 124983
    },
    "HLS": {
        "LUT": 7533,
        "FF": 2837,
        "DSP": 20,
        "BRAM": 0,
        "URAM": 0,
        "CP": 6.504
    },
    "IMPL": {
        "LUT": 1807,
        "FF": 1830,
        "DSP": 22,
        "BRAM": 0,
        "CP": 7.188,
        "PWR": 0.316
    }
}