{
    "LATENCY": {
        "best_latency": 170184,
        "worst_latency": 170184,
        "average_latency": 170184,
        "best_time_latency": "1.702 ms",
        "worst_time_latency": "1.702 ms",
        "average_time_latency": "1.702 ms",
        "min_interval": 170185,
        "max_interval": 170185,
        "Latency": 170184
    },
    "HLS": {
        "LUT": 7292,
        "FF": 4113,
        "DSP": 28,
        "BRAM": 0,
        "URAM": 0,
        "CP": 6.504
    },
    "IMPL": {
        "LUT": 2628,
        "FF": 2500,
        "DSP": 30,
        "BRAM": 0,
        "CP": 7.757,
        "PWR": 0.325
    }
}