{
    "LATENCY": {
        "best_latency": 43967,
        "worst_latency": 43967,
        "average_latency": 43967,
        "best_time_latency": "0.440 ms",
        "worst_time_latency": "0.440 ms",
        "average_time_latency": "0.440 ms",
        "min_interval": 43968,
        "max_interval": 43968,
        "Latency": 43967
    },
    "HLS": {
        "LUT": 6777,
        "FF": 7393,
        "DSP": 18,
        "BRAM": 0,
        "URAM": 0,
        "CP": 7.135
    },
    "IMPL": {
        "LUT": 2753,
        "FF": 2743,
        "DSP": 21,
        "BRAM": 0,
        "CP": 7.886,
        "PWR": 0.274
    }
}