{
    "LATENCY": {
        "best_latency": 43473,
        "worst_latency": 43473,
        "average_latency": 43473,
        "best_time_latency": "0.435 ms",
        "worst_time_latency": "0.435 ms",
        "average_time_latency": "0.435 ms",
        "min_interval": 43474,
        "max_interval": 43474,
        "Latency": 43473
    },
    "HLS": {
        "LUT": 6682,
        "FF": 7344,
        "DSP": 18,
        "BRAM": 0,
        "URAM": 0,
        "CP": 7.223
    },
    "IMPL": {
        "LUT": 2733,
        "FF": 2699,
        "DSP": 21,
        "BRAM": 0,
        "CP": 7.92,
        "PWR": 0.287
    }
}