{
    "LATENCY": {
        "best_latency": 49401,
        "worst_latency": 49401,
        "average_latency": 49401,
        "best_time_latency": "0.494 ms",
        "worst_time_latency": "0.494 ms",
        "average_time_latency": "0.494 ms",
        "min_interval": 49402,
        "max_interval": 49402,
        "Latency": 49401
    },
    "HLS": {
        "LUT": 9536,
        "FF": 7482,
        "DSP": 20,
        "BRAM": 0,
        "URAM": 0,
        "CP": 6.709
    },
    "IMPL": {
        "LUT": 2728,
        "FF": 3354,
        "DSP": 21,
        "BRAM": 0,
        "CP": 7.042,
        "PWR": 0.309
    }
}