{
    "LATENCY": {
        "best_latency": 26196,
        "worst_latency": 26196,
        "average_latency": 26196,
        "best_time_latency": "0.262 ms",
        "worst_time_latency": "0.262 ms",
        "average_time_latency": "0.262 ms",
        "min_interval": 26197,
        "max_interval": 26197,
        "Latency": 26196
    },
    "HLS": {
        "LUT": 4998,
        "FF": 3346,
        "DSP": 13,
        "BRAM": 0,
        "URAM": 0,
        "CP": 7.01
    },
    "IMPL": {
        "LUT": 2115,
        "FF": 2872,
        "DSP": 14,
        "BRAM": 0,
        "CP": 6.771,
        "PWR": 0.266
    }
}