{
    "LATENCY": {
        "best_latency": 12607,
        "worst_latency": 12607,
        "average_latency": 12607,
        "best_time_latency": "0.126 ms",
        "worst_time_latency": "0.126 ms",
        "average_time_latency": "0.126 ms",
        "min_interval": 12608,
        "max_interval": 12608,
        "Latency": 12607
    },
    "HLS": {
        "LUT": 6478,
        "FF": 5169,
        "DSP": 13,
        "BRAM": 0,
        "URAM": 0,
        "CP": 7.534
    },
    "IMPL": {
        "LUT": 3748,
        "FF": 4861,
        "DSP": 13,
        "BRAM": 0,
        "CP": 7.725,
        "PWR": 0.264
    }
}