{
    "LATENCY": {
        "best_latency": 213903,
        "worst_latency": 213903,
        "average_latency": 213903,
        "best_time_latency": "2.139 ms",
        "worst_time_latency": "2.139 ms",
        "average_time_latency": "2.139 ms",
        "min_interval": 213904,
        "max_interval": 213904,
        "Latency": 213903
    },
    "HLS": {
        "LUT": 4302,
        "FF": 1600,
        "DSP": 15,
        "BRAM": 0,
        "URAM": 0,
        "CP": 6.886
    },
    "IMPL": {
        "LUT": 1032,
        "FF": 1181,
        "DSP": 15,
        "BRAM": 0,
        "CP": 7.026,
        "PWR": 0.281
    }
}