{
    "LATENCY": {
        "best_latency": 82993,
        "worst_latency": 82993,
        "average_latency": 82993,
        "best_time_latency": "0.830 ms",
        "worst_time_latency": "0.830 ms",
        "average_time_latency": "0.830 ms",
        "min_interval": 82994,
        "max_interval": 82994,
        "Latency": 82993
    },
    "HLS": {
        "LUT": 2843,
        "FF": 1637,
        "DSP": 15,
        "BRAM": 0,
        "URAM": 0,
        "CP": 6.886
    },
    "IMPL": {
        "LUT": 986,
        "FF": 1341,
        "DSP": 15,
        "BRAM": 0,
        "CP": 6.685,
        "PWR": 0.277
    }
}