{
    "LATENCY": {
        "best_latency": 86204,
        "worst_latency": 86204,
        "average_latency": 86204,
        "best_time_latency": "0.862 ms",
        "worst_time_latency": "0.862 ms",
        "average_time_latency": "0.862 ms",
        "min_interval": 86205,
        "max_interval": 86205,
        "Latency": 86204
    },
    "HLS": {
        "LUT": 4149,
        "FF": 2577,
        "DSP": 19,
        "BRAM": 0,
        "URAM": 0,
        "CP": 6.504
    },
    "IMPL": {
        "LUT": 1528,
        "FF": 2067,
        "DSP": 18,
        "BRAM": 0,
        "CP": 6.899,
        "PWR": 0.305
    }
}