{
    "LATENCY": {
        "best_latency": 21256,
        "worst_latency": 21256,
        "average_latency": 21256,
        "best_time_latency": "0.213 ms",
        "worst_time_latency": "0.213 ms",
        "average_time_latency": "0.213 ms",
        "min_interval": 21257,
        "max_interval": 21257,
        "Latency": 21256
    },
    "HLS": {
        "LUT": 4986,
        "FF": 3219,
        "DSP": 10,
        "BRAM": 0,
        "URAM": 0,
        "CP": 7.01
    },
    "IMPL": {
        "LUT": 2145,
        "FF": 2756,
        "DSP": 11,
        "BRAM": 0,
        "CP": 7.242,
        "PWR": 0.271
    }
}