{
    "LATENCY": {
        "best_latency": 238603,
        "worst_latency": 238603,
        "average_latency": 238603,
        "best_time_latency": "2.386 ms",
        "worst_time_latency": "2.386 ms",
        "average_time_latency": "2.386 ms",
        "min_interval": 238604,
        "max_interval": 238604,
        "Latency": 238603
    },
    "HLS": {
        "LUT": 2608,
        "FF": 1730,
        "DSP": 17,
        "BRAM": 0,
        "URAM": 0,
        "CP": 6.504
    },
    "IMPL": {
        "LUT": 1148,
        "FF": 1253,
        "DSP": 17,
        "BRAM": 0,
        "CP": 6.79,
        "PWR": 0.282
    }
}