{
    "LATENCY": {
        "best_latency": 21256,
        "worst_latency": 21256,
        "average_latency": 21256,
        "best_time_latency": "0.213 ms",
        "worst_time_latency": "0.213 ms",
        "average_time_latency": "0.213 ms",
        "min_interval": 21257,
        "max_interval": 21257,
        "Latency": 21256
    },
    "HLS": {
        "LUT": 5043,
        "FF": 2960,
        "DSP": 10,
        "BRAM": 0,
        "URAM": 0,
        "CP": 7.01
    },
    "IMPL": {
        "LUT": 2098,
        "FF": 2516,
        "DSP": 11,
        "BRAM": 0,
        "CP": 7.064,
        "PWR": 0.276
    }
}