{
    "LATENCY": {
        "best_latency": 43473,
        "worst_latency": 43473,
        "average_latency": 43473,
        "best_time_latency": "0.435 ms",
        "worst_time_latency": "0.435 ms",
        "average_time_latency": "0.435 ms",
        "min_interval": 43474,
        "max_interval": 43474,
        "Latency": 43473
    },
    "HLS": {
        "LUT": 9205,
        "FF": 7588,
        "DSP": 8,
        "BRAM": 0,
        "URAM": 0,
        "CP": 7.135
    },
    "IMPL": {
        "LUT": 4885,
        "FF": 2837,
        "DSP": 10,
        "BRAM": 0,
        "CP": 8.273,
        "PWR": 0.291
    }
}