{
    "LATENCY": {
        "best_latency": 213903,
        "worst_latency": 213903,
        "average_latency": 213903,
        "best_time_latency": "2.139 ms",
        "worst_time_latency": "2.139 ms",
        "average_time_latency": "2.139 ms",
        "min_interval": 213904,
        "max_interval": 213904,
        "Latency": 213903
    },
    "HLS": {
        "LUT": 4311,
        "FF": 1597,
        "DSP": 15,
        "BRAM": 0,
        "URAM": 0,
        "CP": 6.504
    },
    "IMPL": {
        "LUT": 1015,
        "FF": 1265,
        "DSP": 15,
        "BRAM": 0,
        "CP": 6.806,
        "PWR": 0.282
    }
}