{
    "LATENCY": {
        "best_latency": 12611,
        "worst_latency": 12611,
        "average_latency": 12611,
        "best_time_latency": "0.126 ms",
        "worst_time_latency": "0.126 ms",
        "average_time_latency": "0.126 ms",
        "min_interval": 12612,
        "max_interval": 12612,
        "Latency": 12611
    },
    "HLS": {
        "LUT": 9686,
        "FF": 5667,
        "DSP": 6,
        "BRAM": 0,
        "URAM": 0,
        "CP": 7.619
    },
    "IMPL": {
        "LUT": 5652,
        "FF": 5072,
        "DSP": 7,
        "BRAM": 0,
        "CP": 8.42,
        "PWR": 0.321
    }
}