{
    "LATENCY": {
        "best_latency": 55823,
        "worst_latency": 55823,
        "average_latency": 55823,
        "best_time_latency": "0.558 ms",
        "worst_time_latency": "0.558 ms",
        "average_time_latency": "0.558 ms",
        "min_interval": 55824,
        "max_interval": 55824,
        "Latency": 55823
    },
    "HLS": {
        "LUT": 16855,
        "FF": 15182,
        "DSP": 19,
        "BRAM": 0,
        "URAM": 0,
        "CP": 6.709
    },
    "IMPL": {
        "LUT": 6805,
        "FF": 4933,
        "DSP": 23,
        "BRAM": 0,
        "CP": 8.137,
        "PWR": 0.345
    }
}