{
    "LATENCY": {
        "best_latency": 2564,
        "worst_latency": 2564,
        "average_latency": 2564,
        "best_time_latency": "25.640 us",
        "worst_time_latency": "25.640 us",
        "average_time_latency": "25.640 us",
        "min_interval": 2565,
        "max_interval": 2565,
        "Latency": 2564
    },
    "HLS": {
        "LUT": 25737,
        "FF": 28820,
        "DSP": 56,
        "BRAM": 0,
        "URAM": 0,
        "CP": 7.036
    },
    "IMPL": {
        "LUT": 9225,
        "FF": 9262,
        "DSP": 67,
        "BRAM": 0,
        "CP": 8.461,
        "PWR": 0.47
    }
}