{
    "LATENCY": {
        "best_latency": 2544,
        "worst_latency": 2544,
        "average_latency": 2544,
        "best_time_latency": "25.440 us",
        "worst_time_latency": "25.440 us",
        "average_time_latency": "25.440 us",
        "min_interval": 2545,
        "max_interval": 2545,
        "Latency": 2544
    },
    "HLS": {
        "LUT": 13151,
        "FF": 10172,
        "DSP": 36,
        "BRAM": 0,
        "URAM": 0,
        "CP": 7.036
    },
    "IMPL": {
        "LUT": 3615,
        "FF": 5303,
        "DSP": 36,
        "BRAM": 0,
        "CP": 7.405,
        "PWR": 0.306
    }
}