{
    "Option": {
        "INLINE": {
            "-on": [],
            "-off": [],
            "-recursive": []
        },
        "BALANCE": {
            "-on": [],
            "-off": []
        },
        "FLATTEN": {
            "-on": [],
            "-off": []
        },
        "PIPELINE": {
            "-style": []
        },
        "UNROLL": {
            "-factor": []
        },
        "PARTITION": {
            "-factor": [],
            "-type": []
        },
        "RESHAPE": {
            "-factor": [],
            "-type": []
        },
        "STORAGE": {
            "-type": [],
            "-impl": [],
            "-latency": []
        }
    },
    "Function": {
        "aes_expandEncKey": {
            "INLINE": "-off",
            "BALANCE": "-on"
        },
        "aes_addRoundKey_cpy": {
            "INLINE": "-on",
            "BALANCE": []
        },
        "aes_subBytes": {
            "INLINE": "-off",
            "BALANCE": "-off"
        },
        "aes_shiftRows": {
            "INLINE": "-on",
            "BALANCE": []
        },
        "aes_mixColumns": {
            "INLINE": "-off",
            "BALANCE": "-on"
        },
        "aes_addRoundKey": {
            "INLINE": "-off",
            "BALANCE": "-on"
        }
    },
    "Loop": {
        "group1": {
            "level": [
                "aes256_encrypt_ecb/ecb1"
            ],
            "unroll": [
                "aes256_encrypt_ecb/ecb1"
            ],
            "pipeline": [
                "aes256_encrypt_ecb/ecb1"
            ],
            "flatten": [
                null
            ],
            "aes256_encrypt_ecb/ecb1": {
                "UNROLL": {
                    "-factor": 0
                },
                "PIPELINE": {
                    "-style": "stp",
                    "-state": "-off"
                }
            }
        },
        "group2": {
            "level": [
                "aes256_encrypt_ecb/ecb2"
            ],
            "unroll": [
                "aes256_encrypt_ecb/ecb2"
            ],
            "pipeline": [
                "aes256_encrypt_ecb/ecb2"
            ],
            "flatten": [
                null
            ],
            "aes256_encrypt_ecb/ecb2": {
                "UNROLL": {
                    "-factor": 0
                },
                "PIPELINE": {
                    "-style": "stp",
                    "-state": "-off"
                }
            }
        },
        "group3": {
            "level": [
                "aes256_encrypt_ecb/ecb3"
            ],
            "unroll": [
                "aes256_encrypt_ecb/ecb3"
            ],
            "pipeline": [
                "aes256_encrypt_ecb/ecb3"
            ],
            "flatten": [
                null
            ],
            "aes256_encrypt_ecb/ecb3": {
                "UNROLL": {
                    "-factor": 2
                },
                "PIPELINE": {
                    "-style": "stp",
                    "-state": "-on"
                }
            }
        }
    },
    "Array": {},
    "Interface": {
        "aes256_encrypt_ecb k": {
            "PARTITION": {
                "-factor": 2,
                "-type": "block"
            },
            "RESHAPE": {
                "-factor": 2,
                "-type": "cyclic"
            }
        },
        "aes256_encrypt_ecb buf": {
            "PARTITION": {
                "-factor": 2,
                "-type": "block"
            },
            "RESHAPE": {
                "-factor": 0,
                "-type": "cyclic"
            }
        }
    },
    "Operation": {
        "aes256_encrypt_ecb/ecb1 i": {
            "add": {
                "-impl": "fabric",
                "-latency": -1
            }
        },
        "aes256_encrypt_ecb/ecb2 i": {
            "sub": {
                "-impl": "fabric",
                "-latency": -1
            }
        },
        "aes256_encrypt_ecb/ecb3 i": {
            "add": {
                "-impl": "dsp",
                "-latency": -1
            }
        }
    }
}