{
    "LATENCY": {
        "best_latency": 830,
        "worst_latency": 830,
        "average_latency": 830,
        "best_time_latency": "8.300 us",
        "worst_time_latency": "8.300 us",
        "average_time_latency": "8.300 us",
        "min_interval": 831,
        "max_interval": 831,
        "Latency": 830
    },
    "HLS": {
        "LUT": 918764,
        "FF": 161184,
        "DSP": 0,
        "BRAM": 7,
        "URAM": 0,
        "CP": 7.268
    },
    "IMPL": {
        "LUT": 9685,
        "FF": 11740,
        "DSP": 0,
        "BRAM": 4,
        "CP": 8.065,
        "PWR": 0.364
    }
}