{
    "LATENCY": {
        "best_latency": 673,
        "worst_latency": 673,
        "average_latency": 673,
        "best_time_latency": "6.730 us",
        "worst_time_latency": "6.730 us",
        "average_time_latency": "6.730 us",
        "min_interval": 674,
        "max_interval": 674,
        "Latency": 673
    },
    "HLS": {
        "LUT": 326930,
        "FF": 59353,
        "DSP": 0,
        "BRAM": 9,
        "URAM": 0,
        "CP": 7.268
    },
    "IMPL": {
        "LUT": 8390,
        "FF": 8626,
        "DSP": 0,
        "BRAM": 6,
        "CP": 8.125,
        "PWR": 0.341
    }
}