{
    "LATENCY": {
        "best_latency": 874,
        "worst_latency": 874,
        "average_latency": 874,
        "best_time_latency": "9.636 us",
        "worst_time_latency": "9.636 us",
        "average_time_latency": "9.636 us",
        "min_interval": 875,
        "max_interval": 875,
        "Latency": 874
    },
    "HLS": {
        "LUT": 394113,
        "FF": 63076,
        "DSP": 0,
        "BRAM": 9,
        "URAM": 0,
        "CP": 11.025
    },
    "IMPL": {
        "LUT": 6728,
        "FF": 9814,
        "DSP": 0,
        "BRAM": 6,
        "CP": 7.417,
        "PWR": 0.328
    }
}