{
    "LATENCY": {
        "best_latency": 2286,
        "worst_latency": 2897,
        "average_latency": 2592,
        "best_time_latency": "22.860 us",
        "worst_time_latency": "28.970 us",
        "average_time_latency": "25.920 us",
        "min_interval": 2287,
        "max_interval": 2898,
        "Latency": 2592
    },
    "HLS": {
        "LUT": 3646,
        "FF": 768,
        "DSP": 0,
        "BRAM": 1,
        "URAM": 0,
        "CP": 3.847
    },
    "IMPL": {
        "LUT": 852,
        "FF": 658,
        "DSP": 0,
        "BRAM": 1,
        "CP": 3.231,
        "PWR": 0.25
    }
}