{
    "LATENCY": {
        "best_latency": 2302,
        "worst_latency": 3156,
        "average_latency": 2736,
        "best_time_latency": "23.020 us",
        "worst_time_latency": "31.560 us",
        "average_time_latency": "27.360 us",
        "min_interval": 2303,
        "max_interval": 3157,
        "Latency": 2736
    },
    "HLS": {
        "LUT": 2837,
        "FF": 602,
        "DSP": 0,
        "BRAM": 3,
        "URAM": 0,
        "CP": 3.931
    },
    "IMPL": {
        "LUT": 579,
        "FF": 455,
        "DSP": 0,
        "BRAM": 3,
        "CP": 3.441,
        "PWR": 0.245
    }
}