{
    "LATENCY": {
        "best_latency": 960,
        "worst_latency": 960,
        "average_latency": 960,
        "best_time_latency": "9.600 us",
        "worst_time_latency": "9.600 us",
        "average_time_latency": "9.600 us",
        "min_interval": 961,
        "max_interval": 961,
        "Latency": 960
    },
    "HLS": {
        "LUT": 9757,
        "FF": 3136,
        "DSP": 0,
        "BRAM": 5,
        "URAM": 0,
        "CP": 7.293
    },
    "IMPL": {
        "LUT": 2455,
        "FF": 2418,
        "DSP": 0,
        "BRAM": 4,
        "CP": 4.068,
        "PWR": 0.25
    }
}