{
    "LATENCY": {
        "best_latency": 1732,
        "worst_latency": 2005,
        "average_latency": 1875,
        "best_time_latency": "17.320 us",
        "worst_time_latency": "20.050 us",
        "average_time_latency": "18.750 us",
        "min_interval": 1733,
        "max_interval": 2006,
        "Latency": 1875
    },
    "HLS": {
        "LUT": 252058,
        "FF": 26601,
        "DSP": 0,
        "BRAM": 3,
        "URAM": 0,
        "CP": 7.189
    },
    "IMPL": {
        "LUT": 11730,
        "FF": 22981,
        "DSP": 0,
        "BRAM": 2,
        "CP": 8.312,
        "PWR": 0.456
    }
}