{
    "LATENCY": {
        "best_latency": 1014,
        "worst_latency": 1014,
        "average_latency": 1014,
        "best_time_latency": "10.140 us",
        "worst_time_latency": "10.140 us",
        "average_time_latency": "10.140 us",
        "min_interval": 1015,
        "max_interval": 1015,
        "Latency": 1014
    },
    "HLS": {
        "LUT": 7782,
        "FF": 2422,
        "DSP": 0,
        "BRAM": 4,
        "URAM": 0,
        "CP": 7.293
    },
    "IMPL": {
        "LUT": 1809,
        "FF": 1929,
        "DSP": 0,
        "BRAM": 3,
        "CP": 4.302,
        "PWR": 0.254
    }
}