{
    "LATENCY": {
        "best_latency": 2146,
        "worst_latency": 2811,
        "average_latency": 2482,
        "best_time_latency": "21.460 us",
        "worst_time_latency": "28.110 us",
        "average_time_latency": "24.820 us",
        "min_interval": 2147,
        "max_interval": 2812,
        "Latency": 2482
    },
    "HLS": {
        "LUT": 4046,
        "FF": 761,
        "DSP": 0,
        "BRAM": 1,
        "URAM": 0,
        "CP": 4.364
    },
    "IMPL": {
        "LUT": 948,
        "FF": 628,
        "DSP": 0,
        "BRAM": 1,
        "CP": 3.203,
        "PWR": 0.254
    }
}