{
    "LATENCY": {
        "best_latency": 702,
        "worst_latency": 702,
        "average_latency": 702,
        "best_time_latency": "7.020 us",
        "worst_time_latency": "7.020 us",
        "average_time_latency": "7.020 us",
        "min_interval": 703,
        "max_interval": 703,
        "Latency": 702
    },
    "HLS": {
        "LUT": 918132,
        "FF": 164019,
        "DSP": 0,
        "BRAM": 7,
        "URAM": 0,
        "CP": 7.268
    },
    "IMPL": {
        "LUT": 9337,
        "FF": 13899,
        "DSP": 0,
        "BRAM": 4,
        "CP": 8.107,
        "PWR": 0.373
    }
}