{
    "LATENCY": {
        "best_latency": 1957,
        "worst_latency": 2608,
        "average_latency": 2286,
        "best_time_latency": "19.570 us",
        "worst_time_latency": "26.080 us",
        "average_time_latency": "22.860 us",
        "min_interval": 1958,
        "max_interval": 2609,
        "Latency": 2286
    },
    "HLS": {
        "LUT": 7701,
        "FF": 1300,
        "DSP": 0,
        "BRAM": 1,
        "URAM": 0,
        "CP": 7.293
    },
    "IMPL": {
        "LUT": 1541,
        "FF": 1051,
        "DSP": 0,
        "BRAM": 1,
        "CP": 4.377,
        "PWR": 0.254
    }
}