{
    "LATENCY": {
        "best_latency": 2126,
        "worst_latency": 2980,
        "average_latency": 2560,
        "best_time_latency": "21.260 us",
        "worst_time_latency": "29.800 us",
        "average_time_latency": "25.600 us",
        "min_interval": 2127,
        "max_interval": 2981,
        "Latency": 2560
    },
    "HLS": {
        "LUT": 2936,
        "FF": 528,
        "DSP": 0,
        "BRAM": 3,
        "URAM": 0,
        "CP": 4.364
    },
    "IMPL": {
        "LUT": 551,
        "FF": 378,
        "DSP": 0,
        "BRAM": 3,
        "CP": 3.383,
        "PWR": 0.246
    }
}