{
    "LATENCY": {
        "best_latency": 1036,
        "worst_latency": 1036,
        "average_latency": 1036,
        "best_time_latency": "10.360 us",
        "worst_time_latency": "10.360 us",
        "average_time_latency": "10.360 us",
        "min_interval": 1037,
        "max_interval": 1037,
        "Latency": 1036
    },
    "HLS": {
        "LUT": 157258,
        "FF": 25448,
        "DSP": 0,
        "BRAM": 3,
        "URAM": 0,
        "CP": 7.189
    },
    "IMPL": {
        "LUT": 10813,
        "FF": 20064,
        "DSP": 0,
        "BRAM": 2,
        "CP": 8.065,
        "PWR": 0.372
    }
}