{
    "LATENCY": {
        "best_latency": 960,
        "worst_latency": 960,
        "average_latency": 960,
        "best_time_latency": "9.600 us",
        "worst_time_latency": "9.600 us",
        "average_time_latency": "9.600 us",
        "min_interval": 961,
        "max_interval": 961,
        "Latency": 960
    },
    "HLS": {
        "LUT": 9285,
        "FF": 3233,
        "DSP": 0,
        "BRAM": 5,
        "URAM": 0,
        "CP": 4.777
    },
    "IMPL": {
        "LUT": 2423,
        "FF": 2462,
        "DSP": 0,
        "BRAM": 4,
        "CP": 3.969,
        "PWR": 0.25
    }
}