{
    "LATENCY": {
        "best_latency": 2102,
        "worst_latency": 2550,
        "average_latency": 2326,
        "best_time_latency": "21.020 us",
        "worst_time_latency": "25.500 us",
        "average_time_latency": "23.260 us",
        "min_interval": 2103,
        "max_interval": 2551,
        "Latency": 2326
    },
    "HLS": {
        "LUT": 6814,
        "FF": 1989,
        "DSP": 0,
        "BRAM": 3,
        "URAM": 0,
        "CP": 6.978
    },
    "IMPL": {
        "LUT": 1468,
        "FF": 1407,
        "DSP": 0,
        "BRAM": 2,
        "CP": 4.66,
        "PWR": 0.256
    }
}