{
    "LATENCY": {
        "best_latency": 2156,
        "worst_latency": 2807,
        "average_latency": 2485,
        "best_time_latency": "21.560 us",
        "worst_time_latency": "28.070 us",
        "average_time_latency": "24.850 us",
        "min_interval": 2157,
        "max_interval": 2808,
        "Latency": 2485
    },
    "HLS": {
        "LUT": 7446,
        "FF": 1055,
        "DSP": 0,
        "BRAM": 1,
        "URAM": 0,
        "CP": 7.293
    },
    "IMPL": {
        "LUT": 1326,
        "FF": 814,
        "DSP": 0,
        "BRAM": 1,
        "CP": 3.935,
        "PWR": 0.257
    }
}