{
    "LATENCY": {
        "best_latency": 877,
        "worst_latency": 877,
        "average_latency": 877,
        "best_time_latency": "8.770 us",
        "worst_time_latency": "8.770 us",
        "average_time_latency": "8.770 us",
        "min_interval": 878,
        "max_interval": 878,
        "Latency": 877
    },
    "HLS": {
        "LUT": 918218,
        "FF": 162928,
        "DSP": 0,
        "BRAM": 7,
        "URAM": 0,
        "CP": 7.268
    },
    "IMPL": {
        "LUT": 10161,
        "FF": 13537,
        "DSP": 0,
        "BRAM": 4,
        "CP": 7.697,
        "PWR": 0.363
    }
}