{
    "LATENCY": {
        "best_latency": 1965,
        "worst_latency": 2238,
        "average_latency": 2108,
        "best_time_latency": "19.650 us",
        "worst_time_latency": "22.380 us",
        "average_time_latency": "21.080 us",
        "min_interval": 1966,
        "max_interval": 2239,
        "Latency": 2108
    },
    "HLS": {
        "LUT": 158242,
        "FF": 23838,
        "DSP": 0,
        "BRAM": 3,
        "URAM": 0,
        "CP": 7.293
    },
    "IMPL": {
        "LUT": 10126,
        "FF": 19252,
        "DSP": 0,
        "BRAM": 2,
        "CP": 7.583,
        "PWR": 0.384
    }
}