{
    "LATENCY": {
        "best_latency": 1815,
        "worst_latency": 2350,
        "average_latency": 2090,
        "best_time_latency": "18.150 us",
        "worst_time_latency": "23.500 us",
        "average_time_latency": "20.900 us",
        "min_interval": 1816,
        "max_interval": 2351,
        "Latency": 2090
    },
    "HLS": {
        "LUT": 229468,
        "FF": 27657,
        "DSP": 0,
        "BRAM": 3,
        "URAM": 0,
        "CP": 7.245
    },
    "IMPL": {
        "LUT": 9592,
        "FF": 18718,
        "DSP": 0,
        "BRAM": 2,
        "CP": 8.821,
        "PWR": 0.335
    }
}