{
    "LATENCY": {
        "best_latency": 1799,
        "worst_latency": 2098,
        "average_latency": 1955,
        "best_time_latency": "17.990 us",
        "worst_time_latency": "20.980 us",
        "average_time_latency": "19.550 us",
        "min_interval": 1800,
        "max_interval": 2099,
        "Latency": 1955
    },
    "HLS": {
        "LUT": 649657,
        "FF": 112315,
        "DSP": 0,
        "BRAM": 7,
        "URAM": 0,
        "CP": 7.268
    },
    "IMPL": {
        "LUT": 8501,
        "FF": 10028,
        "DSP": 0,
        "BRAM": 4,
        "CP": 7.68,
        "PWR": 0.333
    }
}