{
    "LATENCY": {
        "best_latency": 860,
        "worst_latency": 860,
        "average_latency": 860,
        "best_time_latency": "9.482 us",
        "worst_time_latency": "9.482 us",
        "average_time_latency": "9.482 us",
        "min_interval": 861,
        "max_interval": 861,
        "Latency": 860
    },
    "HLS": {
        "LUT": 395054,
        "FF": 62154,
        "DSP": 0,
        "BRAM": 9,
        "URAM": 0,
        "CP": 11.025
    },
    "IMPL": {
        "LUT": 8140,
        "FF": 8837,
        "DSP": 0,
        "BRAM": 6,
        "CP": 7.676,
        "PWR": 0.318
    }
}