{
    "LATENCY": {
        "best_latency": 2284,
        "worst_latency": 2949,
        "average_latency": 2620,
        "best_time_latency": "22.840 us",
        "worst_time_latency": "29.490 us",
        "average_time_latency": "26.200 us",
        "min_interval": 2285,
        "max_interval": 2950,
        "Latency": 2620
    },
    "HLS": {
        "LUT": 5604,
        "FF": 1013,
        "DSP": 0,
        "BRAM": 1,
        "URAM": 0,
        "CP": 6.978
    },
    "IMPL": {
        "LUT": 1222,
        "FF": 891,
        "DSP": 0,
        "BRAM": 1,
        "CP": 3.278,
        "PWR": 0.261
    }
}