{
    "LATENCY": {
        "best_latency": 1336,
        "worst_latency": 1336,
        "average_latency": 1336,
        "best_time_latency": "13.360 us",
        "worst_time_latency": "13.360 us",
        "average_time_latency": "13.360 us",
        "min_interval": 1337,
        "max_interval": 1337,
        "Latency": 1336
    },
    "HLS": {
        "LUT": 8239,
        "FF": 2518,
        "DSP": 0,
        "BRAM": 4,
        "URAM": 0,
        "CP": 5.147
    },
    "IMPL": {
        "LUT": 1964,
        "FF": 2018,
        "DSP": 0,
        "BRAM": 3,
        "CP": 3.978,
        "PWR": 0.258
    }
}