{
    "LATENCY": {
        "best_latency": 561,
        "worst_latency": 561,
        "average_latency": 561,
        "best_time_latency": "5.610 us",
        "worst_time_latency": "5.610 us",
        "average_time_latency": "5.610 us",
        "min_interval": 562,
        "max_interval": 562,
        "Latency": 561
    },
    "HLS": {
        "LUT": 260379,
        "FF": 25766,
        "DSP": 0,
        "BRAM": 3,
        "URAM": 0,
        "CP": 7.293
    },
    "IMPL": {
        "LUT": 12141,
        "FF": 20659,
        "DSP": 0,
        "BRAM": 2,
        "CP": 7.941,
        "PWR": 0.436
    }
}