{
    "LATENCY": {
        "best_latency": 1899,
        "worst_latency": 2177,
        "average_latency": 2045,
        "best_time_latency": "18.990 us",
        "worst_time_latency": "21.770 us",
        "average_time_latency": "20.450 us",
        "min_interval": 1900,
        "max_interval": 2178,
        "Latency": 2045
    },
    "HLS": {
        "LUT": 343519,
        "FF": 29066,
        "DSP": 0,
        "BRAM": 3,
        "URAM": 0,
        "CP": 7.293
    },
    "IMPL": {
        "LUT": 14405,
        "FF": 26462,
        "DSP": 0,
        "BRAM": 2,
        "CP": 8.051,
        "PWR": 0.483
    }
}