{
    "LATENCY": {
        "best_latency": 847629,
        "worst_latency": 847629,
        "average_latency": 847629,
        "best_time_latency": "8.476 ms",
        "worst_time_latency": "8.476 ms",
        "average_time_latency": "8.476 ms",
        "min_interval": 847630,
        "max_interval": 847630,
        "Latency": 847629
    },
    "HLS": {
        "LUT": 22170,
        "FF": 10818,
        "DSP": 33,
        "BRAM": 64,
        "URAM": 0,
        "CP": 7.15
    },
    "IMPL": {
        "LUT": 7040,
        "FF": 7259,
        "DSP": 48,
        "BRAM": 64,
        "CP": 8.524,
        "PWR": 0.457
    }
}