{
    "LATENCY": {
        "best_latency": 152833,
        "worst_latency": 152833,
        "average_latency": 152833,
        "best_time_latency": "1.528 ms",
        "worst_time_latency": "1.528 ms",
        "average_time_latency": "1.528 ms",
        "min_interval": 152834,
        "max_interval": 152834,
        "Latency": 152833
    },
    "HLS": {
        "LUT": 37824,
        "FF": 37506,
        "DSP": 27,
        "BRAM": 256,
        "URAM": 0,
        "CP": 7.183
    },
    "IMPL": {
        "LUT": 39786,
        "FF": 37205,
        "DSP": 30,
        "BRAM": 256,
        "CP": 9.088,
        "PWR": 0.735
    }
}