{
    "LATENCY": {
        "best_latency": 7695251,
        "worst_latency": 7695261,
        "average_latency": 7695257,
        "best_time_latency": "76.953 ms",
        "worst_time_latency": "76.953 ms",
        "average_time_latency": "76.953 ms",
        "min_interval": 7695252,
        "max_interval": 7695262,
        "Latency": 7695257
    },
    "HLS": {
        "LUT": 18415,
        "FF": 5629,
        "DSP": 6,
        "BRAM": 64,
        "URAM": 0,
        "CP": 7.15
    },
    "IMPL": {
        "LUT": 4985,
        "FF": 5017,
        "DSP": 9,
        "BRAM": 65,
        "CP": 7.105,
        "PWR": 0.44
    }
}