{
    "LATENCY": {
        "best_latency": 7977894,
        "worst_latency": 7977894,
        "average_latency": 7977894,
        "best_time_latency": "79.779 ms",
        "worst_time_latency": "79.779 ms",
        "average_time_latency": "79.779 ms",
        "min_interval": 7977895,
        "max_interval": 7977895,
        "Latency": 7977894
    },
    "HLS": {
        "LUT": 9170,
        "FF": 3291,
        "DSP": 3,
        "BRAM": 64,
        "URAM": 0,
        "CP": 7.15
    },
    "IMPL": {
        "LUT": 3230,
        "FF": 3017,
        "DSP": 4,
        "BRAM": 64,
        "CP": 7.18,
        "PWR": 0.39
    }
}