{
    "LATENCY": {
        "best_latency": 695769,
        "worst_latency": 695769,
        "average_latency": 695769,
        "best_time_latency": "6.958 ms",
        "worst_time_latency": "6.958 ms",
        "average_time_latency": "6.958 ms",
        "min_interval": 695770,
        "max_interval": 695770,
        "Latency": 695769
    },
    "HLS": {
        "LUT": 125093,
        "FF": 40077,
        "DSP": 12,
        "BRAM": 64,
        "URAM": 0,
        "CP": 7.15
    },
    "IMPL": {
        "LUT": 37937,
        "FF": 38792,
        "DSP": 19,
        "BRAM": 64,
        "CP": 9.964,
        "PWR": 0.605
    }
}