{
    "LATENCY": {
        "best_latency": 698061,
        "worst_latency": 698082,
        "average_latency": 698072,
        "best_time_latency": "6.981 ms",
        "worst_time_latency": "6.981 ms",
        "average_time_latency": "6.981 ms",
        "min_interval": 698062,
        "max_interval": 698083,
        "Latency": 698072
    },
    "HLS": {
        "LUT": 164484,
        "FF": 60610,
        "DSP": 27,
        "BRAM": 64,
        "URAM": 0,
        "CP": 7.15
    },
    "IMPL": {
        "LUT": 52919,
        "FF": 56561,
        "DSP": 37,
        "BRAM": 63,
        "CP": 9.593,
        "PWR": 0.688
    }
}