{
    "LATENCY": {
        "best_latency": 1003580,
        "worst_latency": 1003580,
        "average_latency": 1003580,
        "best_time_latency": "10.036 ms",
        "worst_time_latency": "10.036 ms",
        "average_time_latency": "10.036 ms",
        "min_interval": 1003581,
        "max_interval": 1003581,
        "Latency": 1003580
    },
    "HLS": {
        "LUT": 10014,
        "FF": 3718,
        "DSP": 6,
        "BRAM": 64,
        "URAM": 0,
        "CP": 7.15
    },
    "IMPL": {
        "LUT": 3448,
        "FF": 3158,
        "DSP": 8,
        "BRAM": 64,
        "CP": 7.146,
        "PWR": 0.376
    }
}