{
    "LATENCY": {
        "best_latency": 811394,
        "worst_latency": 811394,
        "average_latency": 811394,
        "best_time_latency": "8.114 ms",
        "worst_time_latency": "8.114 ms",
        "average_time_latency": "8.114 ms",
        "min_interval": 811395,
        "max_interval": 811395,
        "Latency": 811394
    },
    "HLS": {
        "LUT": 31660,
        "FF": 27159,
        "DSP": 6,
        "BRAM": 64,
        "URAM": 0,
        "CP": 7.26
    },
    "IMPL": {
        "LUT": 25826,
        "FF": 26501,
        "DSP": 6,
        "BRAM": 63,
        "CP": 9.162,
        "PWR": 0.53
    }
}