{
    "LATENCY": {
        "best_latency": 1254969,
        "worst_latency": 1254969,
        "average_latency": 1254969,
        "best_time_latency": "12.550 ms",
        "worst_time_latency": "12.550 ms",
        "average_time_latency": "12.550 ms",
        "min_interval": 1254970,
        "max_interval": 1254970,
        "Latency": 1254969
    },
    "HLS": {
        "LUT": 15013,
        "FF": 4655,
        "DSP": 6,
        "BRAM": 60,
        "URAM": 0,
        "CP": 7.15
    },
    "IMPL": {
        "LUT": 4509,
        "FF": 3595,
        "DSP": 11,
        "BRAM": 63,
        "CP": 7.6,
        "PWR": 0.418
    }
}