{
    "LATENCY": {
        "best_latency": 7998842,
        "worst_latency": 7998842,
        "average_latency": 7998842,
        "best_time_latency": "79.988 ms",
        "worst_time_latency": "79.988 ms",
        "average_time_latency": "79.988 ms",
        "min_interval": 7998843,
        "max_interval": 7998843,
        "Latency": 7998842
    },
    "HLS": {
        "LUT": 34593,
        "FF": 19628,
        "DSP": 3,
        "BRAM": 64,
        "URAM": 0,
        "CP": 7.26
    },
    "IMPL": {
        "LUT": 22807,
        "FF": 19232,
        "DSP": 5,
        "BRAM": 64,
        "CP": 9.262,
        "PWR": 0.505
    }
}