{
    "LATENCY": {
        "best_latency": 698340,
        "worst_latency": 698340,
        "average_latency": 698340,
        "best_time_latency": "6.983 ms",
        "worst_time_latency": "6.983 ms",
        "average_time_latency": "6.983 ms",
        "min_interval": 698341,
        "max_interval": 698341,
        "Latency": 698340
    },
    "HLS": {
        "LUT": 144427,
        "FF": 30843,
        "DSP": 6,
        "BRAM": 60,
        "URAM": 0,
        "CP": 7.15
    },
    "IMPL": {
        "LUT": 29756,
        "FF": 28502,
        "DSP": 11,
        "BRAM": 64,
        "CP": 9.125,
        "PWR": 0.574
    }
}