{
    "LATENCY": {
        "best_latency": 303804,
        "worst_latency": 303804,
        "average_latency": 303804,
        "best_time_latency": "3.038 ms",
        "worst_time_latency": "3.038 ms",
        "average_time_latency": "3.038 ms",
        "min_interval": 303805,
        "max_interval": 303805,
        "Latency": 303804
    },
    "HLS": {
        "LUT": 83923,
        "FF": 27434,
        "DSP": 3,
        "BRAM": 64,
        "URAM": 0,
        "CP": 7.346
    },
    "IMPL": {
        "LUT": 28483,
        "FF": 27310,
        "DSP": 4,
        "BRAM": 64,
        "CP": 9.646,
        "PWR": 0.499
    }
}