{
    "LATENCY": {
        "best_latency": 989080,
        "worst_latency": 989080,
        "average_latency": 989080,
        "best_time_latency": "9.891 ms",
        "worst_time_latency": "9.891 ms",
        "average_time_latency": "9.891 ms",
        "min_interval": 989081,
        "max_interval": 989081,
        "Latency": 989080
    },
    "HLS": {
        "LUT": 16397,
        "FF": 14366,
        "DSP": 6,
        "BRAM": 64,
        "URAM": 0,
        "CP": 7.15
    },
    "IMPL": {
        "LUT": 15873,
        "FF": 13627,
        "DSP": 10,
        "BRAM": 64,
        "CP": 8.611,
        "PWR": 0.455
    }
}