{
    "LATENCY": {
        "best_latency": 6571116,
        "worst_latency": 6571137,
        "average_latency": 6571127,
        "best_time_latency": "65.711 ms",
        "worst_time_latency": "65.711 ms",
        "average_time_latency": "65.711 ms",
        "min_interval": 6571117,
        "max_interval": 6571138,
        "Latency": 6571127
    },
    "HLS": {
        "LUT": 13320,
        "FF": 4541,
        "DSP": 6,
        "BRAM": 64,
        "URAM": 0,
        "CP": 7.139
    },
    "IMPL": {
        "LUT": 4129,
        "FF": 3785,
        "DSP": 11,
        "BRAM": 65,
        "CP": 7.253,
        "PWR": 0.415
    }
}