{
    "LATENCY": {
        "best_latency": 687398,
        "worst_latency": 687398,
        "average_latency": 687398,
        "best_time_latency": "6.874 ms",
        "worst_time_latency": "6.874 ms",
        "average_time_latency": "6.874 ms",
        "min_interval": 687399,
        "max_interval": 687399,
        "Latency": 687398
    },
    "HLS": {
        "LUT": 27574,
        "FF": 23541,
        "DSP": 6,
        "BRAM": 64,
        "URAM": 0,
        "CP": 7.15
    },
    "IMPL": {
        "LUT": 28268,
        "FF": 22263,
        "DSP": 8,
        "BRAM": 64,
        "CP": 9.326,
        "PWR": 0.482
    }
}