{
    "LATENCY": {
        "best_latency": 682450,
        "worst_latency": 682450,
        "average_latency": 682450,
        "best_time_latency": "6.824 ms",
        "worst_time_latency": "6.824 ms",
        "average_time_latency": "6.824 ms",
        "min_interval": 682451,
        "max_interval": 682451,
        "Latency": 682450
    },
    "HLS": {
        "LUT": 40688,
        "FF": 25882,
        "DSP": 6,
        "BRAM": 64,
        "URAM": 0,
        "CP": 7.858
    },
    "IMPL": {
        "LUT": 32672,
        "FF": 23360,
        "DSP": 6,
        "BRAM": 64,
        "CP": 9.703,
        "PWR": 0.581
    }
}