{
    "LATENCY": {
        "best_latency": 704428,
        "worst_latency": 704450,
        "average_latency": 704440,
        "best_time_latency": "7.044 ms",
        "worst_time_latency": "7.045 ms",
        "average_time_latency": "7.044 ms",
        "min_interval": 704429,
        "max_interval": 704451,
        "Latency": 704440
    },
    "HLS": {
        "LUT": 148420,
        "FF": 35903,
        "DSP": 36,
        "BRAM": 60,
        "URAM": 0,
        "CP": 7.15
    },
    "IMPL": {
        "LUT": 28225,
        "FF": 29940,
        "DSP": 55,
        "BRAM": 64,
        "CP": 9.028,
        "PWR": 0.516
    }
}