{
    "LATENCY": {
        "best_latency": 8016912,
        "worst_latency": 8016912,
        "average_latency": 8016912,
        "best_time_latency": "80.169 ms",
        "worst_time_latency": "80.169 ms",
        "average_time_latency": "80.169 ms",
        "min_interval": 8016913,
        "max_interval": 8016913,
        "Latency": 8016912
    },
    "HLS": {
        "LUT": 17711,
        "FF": 10608,
        "DSP": 3,
        "BRAM": 64,
        "URAM": 0,
        "CP": 7.389
    },
    "IMPL": {
        "LUT": 13747,
        "FF": 10096,
        "DSP": 8,
        "BRAM": 64,
        "CP": 9.201,
        "PWR": 0.422
    }
}