{
    "LATENCY": {
        "best_latency": 706539,
        "worst_latency": 706539,
        "average_latency": 706539,
        "best_time_latency": "7.065 ms",
        "worst_time_latency": "7.065 ms",
        "average_time_latency": "7.065 ms",
        "min_interval": 706540,
        "max_interval": 706540,
        "Latency": 706539
    },
    "HLS": {
        "LUT": 86139,
        "FF": 29591,
        "DSP": 6,
        "BRAM": 64,
        "URAM": 0,
        "CP": 7.15
    },
    "IMPL": {
        "LUT": 28098,
        "FF": 27895,
        "DSP": 11,
        "BRAM": 65,
        "CP": 9.462,
        "PWR": 0.442
    }
}