{
    "LATENCY": {
        "best_latency": 8095831,
        "worst_latency": 8095831,
        "average_latency": 8095831,
        "best_time_latency": "80.958 ms",
        "worst_time_latency": "80.958 ms",
        "average_time_latency": "80.958 ms",
        "min_interval": 8095832,
        "max_interval": 8095832,
        "Latency": 8095831
    },
    "HLS": {
        "LUT": 13023,
        "FF": 7674,
        "DSP": 33,
        "BRAM": 64,
        "URAM": 0,
        "CP": 7.139
    },
    "IMPL": {
        "LUT": 4043,
        "FF": 4136,
        "DSP": 50,
        "BRAM": 64,
        "CP": 8.054,
        "PWR": 0.48
    }
}