{
    "LATENCY": {
        "best_latency": 682192,
        "worst_latency": 682192,
        "average_latency": 682192,
        "best_time_latency": "6.822 ms",
        "worst_time_latency": "6.822 ms",
        "average_time_latency": "6.822 ms",
        "min_interval": 682193,
        "max_interval": 682193,
        "Latency": 682192
    },
    "HLS": {
        "LUT": 56753,
        "FF": 44355,
        "DSP": 6,
        "BRAM": 64,
        "URAM": 0,
        "CP": 7.15
    },
    "IMPL": {
        "LUT": 48229,
        "FF": 40881,
        "DSP": 6,
        "BRAM": 61,
        "CP": 9.583,
        "PWR": 0.672
    }
}