{
    "LATENCY": {
        "best_latency": 844339,
        "worst_latency": 844339,
        "average_latency": 844339,
        "best_time_latency": "8.443 ms",
        "worst_time_latency": "8.443 ms",
        "average_time_latency": "8.443 ms",
        "min_interval": 844340,
        "max_interval": 844340,
        "Latency": 844339
    },
    "HLS": {
        "LUT": 85299,
        "FF": 20414,
        "DSP": 33,
        "BRAM": 60,
        "URAM": 0,
        "CP": 7.15
    },
    "IMPL": {
        "LUT": 17093,
        "FF": 15602,
        "DSP": 51,
        "BRAM": 64,
        "CP": 9.15,
        "PWR": 0.465
    }
}