{
    "LATENCY": {
        "best_latency": 8022735,
        "worst_latency": 8022735,
        "average_latency": 8022735,
        "best_time_latency": "80.227 ms",
        "worst_time_latency": "80.227 ms",
        "average_time_latency": "80.227 ms",
        "min_interval": 8022736,
        "max_interval": 8022736,
        "Latency": 8022735
    },
    "HLS": {
        "LUT": 6536,
        "FF": 3788,
        "DSP": 3,
        "BRAM": 64,
        "URAM": 0,
        "CP": 7.15
    },
    "IMPL": {
        "LUT": 3625,
        "FF": 3310,
        "DSP": 7,
        "BRAM": 64,
        "CP": 6.978,
        "PWR": 0.394
    }
}