{
    "LATENCY": {
        "best_latency": 1104257,
        "worst_latency": 1104257,
        "average_latency": 1104257,
        "best_time_latency": "11.043 ms",
        "worst_time_latency": "11.043 ms",
        "average_time_latency": "11.043 ms",
        "min_interval": 1104258,
        "max_interval": 1104258,
        "Latency": 1104257
    },
    "HLS": {
        "LUT": 20172,
        "FF": 11841,
        "DSP": 6,
        "BRAM": 64,
        "URAM": 0,
        "CP": 7.15
    },
    "IMPL": {
        "LUT": 15256,
        "FF": 11434,
        "DSP": 6,
        "BRAM": 64,
        "CP": 9.298,
        "PWR": 0.424
    }
}