{
    "LATENCY": {
        "best_latency": 898001,
        "worst_latency": 898001,
        "average_latency": 898001,
        "best_time_latency": "8.980 ms",
        "worst_time_latency": "8.980 ms",
        "average_time_latency": "8.980 ms",
        "min_interval": 898002,
        "max_interval": 898002,
        "Latency": 898001
    },
    "HLS": {
        "LUT": 12159,
        "FF": 4564,
        "DSP": 9,
        "BRAM": 64,
        "URAM": 0,
        "CP": 7.15
    },
    "IMPL": {
        "LUT": 3920,
        "FF": 3631,
        "DSP": 13,
        "BRAM": 64,
        "CP": 7.376,
        "PWR": 0.413
    }
}