{
    "LATENCY": {
        "best_latency": 359697,
        "worst_latency": 359697,
        "average_latency": 359697,
        "best_time_latency": "3.597 ms",
        "worst_time_latency": "3.597 ms",
        "average_time_latency": "3.597 ms",
        "min_interval": 359698,
        "max_interval": 359698,
        "Latency": 359697
    },
    "HLS": {
        "LUT": 202104,
        "FF": 58386,
        "DSP": 39,
        "BRAM": 64,
        "URAM": 0,
        "CP": 7.389
    },
    "IMPL": {
        "LUT": 62416,
        "FF": 53749,
        "DSP": 51,
        "BRAM": 64,
        "CP": 9.151,
        "PWR": 0.607
    }
}