{
    "LATENCY": {
        "best_latency": 90260,
        "worst_latency": 90260,
        "average_latency": 90260,
        "best_time_latency": "0.903 ms",
        "worst_time_latency": "0.903 ms",
        "average_time_latency": "0.903 ms",
        "min_interval": 90261,
        "max_interval": 90261,
        "Latency": 90260
    },
    "HLS": {
        "LUT": 74190,
        "FF": 69903,
        "DSP": 6,
        "BRAM": 64,
        "URAM": 0,
        "CP": 7.448
    },
    "IMPL": {
        "LUT": 68837,
        "FF": 69950,
        "DSP": 8,
        "BRAM": 64,
        "CP": 9.362,
        "PWR": 0.867
    }
}