{
    "LATENCY": {
        "best_latency": 694856,
        "worst_latency": 694856,
        "average_latency": 694856,
        "best_time_latency": "6.949 ms",
        "worst_time_latency": "6.949 ms",
        "average_time_latency": "6.949 ms",
        "min_interval": 694857,
        "max_interval": 694857,
        "Latency": 694856
    },
    "HLS": {
        "LUT": 32263,
        "FF": 30785,
        "DSP": 15,
        "BRAM": 64,
        "URAM": 0,
        "CP": 7.815
    },
    "IMPL": {
        "LUT": 27256,
        "FF": 29254,
        "DSP": 19,
        "BRAM": 64,
        "CP": 8.453,
        "PWR": 0.612
    }
}