{
    "LATENCY": {
        "best_latency": 691421,
        "worst_latency": 691421,
        "average_latency": 691421,
        "best_time_latency": "6.914 ms",
        "worst_time_latency": "6.914 ms",
        "average_time_latency": "6.914 ms",
        "min_interval": 691422,
        "max_interval": 691422,
        "Latency": 691421
    },
    "HLS": {
        "LUT": 245267,
        "FF": 90446,
        "DSP": 6,
        "BRAM": 64,
        "URAM": 0,
        "CP": 7.15
    },
    "IMPL": {
        "LUT": 80214,
        "FF": 86064,
        "DSP": 9,
        "BRAM": 64,
        "CP": 9.816,
        "PWR": 0.846
    }
}