{
    "LATENCY": {
        "best_latency": 8026638,
        "worst_latency": 8026654,
        "average_latency": 8026647,
        "best_time_latency": "80.266 ms",
        "worst_time_latency": "80.267 ms",
        "average_time_latency": "80.266 ms",
        "min_interval": 8026639,
        "max_interval": 8026655,
        "Latency": 8026647
    },
    "HLS": {
        "LUT": 12657,
        "FF": 4935,
        "DSP": 9,
        "BRAM": 64,
        "URAM": 0,
        "CP": 7.139
    },
    "IMPL": {
        "LUT": 4284,
        "FF": 3764,
        "DSP": 13,
        "BRAM": 63,
        "CP": 7.231,
        "PWR": 0.454
    }
}