{
    "LATENCY": {
        "best_latency": 649143,
        "worst_latency": 649143,
        "average_latency": 649143,
        "best_time_latency": "6.491 ms",
        "worst_time_latency": "6.491 ms",
        "average_time_latency": "6.491 ms",
        "min_interval": 649144,
        "max_interval": 649144,
        "Latency": 649143
    },
    "HLS": {
        "LUT": 82700,
        "FF": 27488,
        "DSP": 6,
        "BRAM": 64,
        "URAM": 0,
        "CP": 7.022
    },
    "IMPL": {
        "LUT": 26527,
        "FF": 25918,
        "DSP": 12,
        "BRAM": 64,
        "CP": 9.445,
        "PWR": 0.565
    }
}