{
    "LATENCY": {
        "best_latency": 999068,
        "worst_latency": 999068,
        "average_latency": 999068,
        "best_time_latency": "9.991 ms",
        "worst_time_latency": "9.991 ms",
        "average_time_latency": "9.991 ms",
        "min_interval": 999069,
        "max_interval": 999069,
        "Latency": 999068
    },
    "HLS": {
        "LUT": 8495,
        "FF": 3900,
        "DSP": 6,
        "BRAM": 64,
        "URAM": 0,
        "CP": 6.291
    },
    "IMPL": {
        "LUT": 3732,
        "FF": 3261,
        "DSP": 9,
        "BRAM": 64,
        "CP": 7.27,
        "PWR": 0.384
    }
}