{
    "LATENCY": {
        "best_latency": 1139535,
        "worst_latency": 1139552,
        "average_latency": 1139544,
        "best_time_latency": "11.395 ms",
        "worst_time_latency": "11.396 ms",
        "average_time_latency": "11.395 ms",
        "min_interval": 1139536,
        "max_interval": 1139553,
        "Latency": 1139544
    },
    "HLS": {
        "LUT": 16090,
        "FF": 6748,
        "DSP": 9,
        "BRAM": 64,
        "URAM": 0,
        "CP": 7.15
    },
    "IMPL": {
        "LUT": 6050,
        "FF": 5344,
        "DSP": 14,
        "BRAM": 64,
        "CP": 7.704,
        "PWR": 0.433
    }
}