{
    "LATENCY": {
        "best_latency": 594401,
        "worst_latency": 594401,
        "average_latency": 594401,
        "best_time_latency": "5.944 ms",
        "worst_time_latency": "5.944 ms",
        "average_time_latency": "5.944 ms",
        "min_interval": 594402,
        "max_interval": 594402,
        "Latency": 594401
    },
    "HLS": {
        "LUT": 59199,
        "FF": 41500,
        "DSP": 9,
        "BRAM": 64,
        "URAM": 0,
        "CP": 7.15
    },
    "IMPL": {
        "LUT": 44756,
        "FF": 38073,
        "DSP": 12,
        "BRAM": 64,
        "CP": 9.701,
        "PWR": 0.557
    }
}