{
    "LATENCY": {
        "best_latency": 8021164,
        "worst_latency": 8021164,
        "average_latency": 8021164,
        "best_time_latency": "80.212 ms",
        "worst_time_latency": "80.212 ms",
        "average_time_latency": "80.212 ms",
        "min_interval": 8021165,
        "max_interval": 8021165,
        "Latency": 8021164
    },
    "HLS": {
        "LUT": 94713,
        "FF": 20954,
        "DSP": 30,
        "BRAM": 60,
        "URAM": 0,
        "CP": 7.15
    },
    "IMPL": {
        "LUT": 18293,
        "FF": 16137,
        "DSP": 43,
        "BRAM": 65,
        "CP": 9.236,
        "PWR": 0.5
    }
}