{
    "LATENCY": {
        "best_latency": 630382,
        "worst_latency": 630393,
        "average_latency": 630388,
        "best_time_latency": "6.304 ms",
        "worst_time_latency": "6.304 ms",
        "average_time_latency": "6.304 ms",
        "min_interval": 630383,
        "max_interval": 630394,
        "Latency": 630388
    },
    "HLS": {
        "LUT": 32223,
        "FF": 20709,
        "DSP": 9,
        "BRAM": 64,
        "URAM": 0,
        "CP": 8.267
    },
    "IMPL": {
        "LUT": 26206,
        "FF": 18841,
        "DSP": 13,
        "BRAM": 64,
        "CP": 9.156,
        "PWR": 0.547
    }
}