{
    "LATENCY": {
        "best_latency": 751983,
        "worst_latency": 751983,
        "average_latency": 751983,
        "best_time_latency": "7.520 ms",
        "worst_time_latency": "7.520 ms",
        "average_time_latency": "7.520 ms",
        "min_interval": 751984,
        "max_interval": 751984,
        "Latency": 751983
    },
    "HLS": {
        "LUT": 16568,
        "FF": 11850,
        "DSP": 6,
        "BRAM": 64,
        "URAM": 0,
        "CP": 7.15
    },
    "IMPL": {
        "LUT": 12855,
        "FF": 11591,
        "DSP": 6,
        "BRAM": 64,
        "CP": 8.718,
        "PWR": 0.436
    }
}