{
    "LATENCY": {
        "best_latency": 1104193,
        "worst_latency": 1104193,
        "average_latency": 1104193,
        "best_time_latency": "11.042 ms",
        "worst_time_latency": "11.042 ms",
        "average_time_latency": "11.042 ms",
        "min_interval": 1104194,
        "max_interval": 1104194,
        "Latency": 1104193
    },
    "HLS": {
        "LUT": 32843,
        "FF": 21508,
        "DSP": 33,
        "BRAM": 64,
        "URAM": 0,
        "CP": 7.389
    },
    "IMPL": {
        "LUT": 17551,
        "FF": 17941,
        "DSP": 56,
        "BRAM": 65,
        "CP": 9.117,
        "PWR": 0.465
    }
}