{
    "LATENCY": {
        "best_latency": 844618,
        "worst_latency": 844618,
        "average_latency": 844618,
        "best_time_latency": "8.446 ms",
        "worst_time_latency": "8.446 ms",
        "average_time_latency": "8.446 ms",
        "min_interval": 844619,
        "max_interval": 844619,
        "Latency": 844618
    },
    "HLS": {
        "LUT": 82493,
        "FF": 31598,
        "DSP": 51,
        "BRAM": 60,
        "URAM": 0,
        "CP": 7.389
    },
    "IMPL": {
        "LUT": 21351,
        "FF": 26727,
        "DSP": 73,
        "BRAM": 64,
        "CP": 9.474,
        "PWR": 0.498
    }
}