{
    "LATENCY": {
        "best_latency": 753688,
        "worst_latency": 753718,
        "average_latency": 753704,
        "best_time_latency": "7.537 ms",
        "worst_time_latency": "7.537 ms",
        "average_time_latency": "7.537 ms",
        "min_interval": 753689,
        "max_interval": 753719,
        "Latency": 753704
    },
    "HLS": {
        "LUT": 19774,
        "FF": 13342,
        "DSP": 9,
        "BRAM": 64,
        "URAM": 0,
        "CP": 7.363
    },
    "IMPL": {
        "LUT": 14885,
        "FF": 12427,
        "DSP": 12,
        "BRAM": 64,
        "CP": 9.279,
        "PWR": 0.503
    }
}