{
    "LATENCY": {
        "best_latency": 702101,
        "worst_latency": 702101,
        "average_latency": 702101,
        "best_time_latency": "7.021 ms",
        "worst_time_latency": "7.021 ms",
        "average_time_latency": "7.021 ms",
        "min_interval": 702102,
        "max_interval": 702102,
        "Latency": 702101
    },
    "HLS": {
        "LUT": 103874,
        "FF": 26156,
        "DSP": 3,
        "BRAM": 60,
        "URAM": 0,
        "CP": 7.363
    },
    "IMPL": {
        "LUT": 17936,
        "FF": 23675,
        "DSP": 8,
        "BRAM": 64,
        "CP": 9.826,
        "PWR": 0.502
    }
}