{
    "LATENCY": {
        "best_latency": 7730151,
        "worst_latency": 7730151,
        "average_latency": 7730151,
        "best_time_latency": "77.302 ms",
        "worst_time_latency": "77.302 ms",
        "average_time_latency": "77.302 ms",
        "min_interval": 7730152,
        "max_interval": 7730152,
        "Latency": 7730151
    },
    "HLS": {
        "LUT": 34485,
        "FF": 23801,
        "DSP": 21,
        "BRAM": 64,
        "URAM": 0,
        "CP": 7.15
    },
    "IMPL": {
        "LUT": 24359,
        "FF": 21538,
        "DSP": 30,
        "BRAM": 63,
        "CP": 8.998,
        "PWR": 0.548
    }
}