{
    "LATENCY": {
        "best_latency": 678089,
        "worst_latency": 678089,
        "average_latency": 678089,
        "best_time_latency": "6.781 ms",
        "worst_time_latency": "6.781 ms",
        "average_time_latency": "6.781 ms",
        "min_interval": 678090,
        "max_interval": 678090,
        "Latency": 678089
    },
    "HLS": {
        "LUT": 106310,
        "FF": 58626,
        "DSP": 6,
        "BRAM": 64,
        "URAM": 0,
        "CP": 8.275
    },
    "IMPL": {
        "LUT": 51802,
        "FF": 56401,
        "DSP": 5,
        "BRAM": 60,
        "CP": 10.027,
        "PWR": 0.723
    }
}