{
    "LATENCY": {
        "best_latency": 1112280,
        "worst_latency": 1112291,
        "average_latency": 1112286,
        "best_time_latency": "11.123 ms",
        "worst_time_latency": "11.123 ms",
        "average_time_latency": "11.123 ms",
        "min_interval": 1112281,
        "max_interval": 1112292,
        "Latency": 1112286
    },
    "HLS": {
        "LUT": 17786,
        "FF": 6966,
        "DSP": 9,
        "BRAM": 60,
        "URAM": 0,
        "CP": 7.15
    },
    "IMPL": {
        "LUT": 5735,
        "FF": 5977,
        "DSP": 13,
        "BRAM": 64,
        "CP": 7.485,
        "PWR": 0.394
    }
}