{
    "LATENCY": {
        "best_latency": 686391,
        "worst_latency": 686391,
        "average_latency": 686391,
        "best_time_latency": "6.864 ms",
        "worst_time_latency": "6.864 ms",
        "average_time_latency": "6.864 ms",
        "min_interval": 686392,
        "max_interval": 686392,
        "Latency": 686391
    },
    "HLS": {
        "LUT": 53773,
        "FF": 35576,
        "DSP": 9,
        "BRAM": 64,
        "URAM": 0,
        "CP": 7.866
    },
    "IMPL": {
        "LUT": 45829,
        "FF": 34017,
        "DSP": 12,
        "BRAM": 64,
        "CP": 9.595,
        "PWR": 0.599
    }
}