{
    "LATENCY": {
        "best_latency": 637510,
        "worst_latency": 637531,
        "average_latency": 637521,
        "best_time_latency": "6.375 ms",
        "worst_time_latency": "6.375 ms",
        "average_time_latency": "6.375 ms",
        "min_interval": 637511,
        "max_interval": 637532,
        "Latency": 637521
    },
    "HLS": {
        "LUT": 31575,
        "FF": 30915,
        "DSP": 15,
        "BRAM": 64,
        "URAM": 0,
        "CP": 7.815
    },
    "IMPL": {
        "LUT": 37780,
        "FF": 26992,
        "DSP": 21,
        "BRAM": 64,
        "CP": 8.624,
        "PWR": 0.568
    }
}