{
    "LATENCY": {
        "best_latency": 744408,
        "worst_latency": 744417,
        "average_latency": 744413,
        "best_time_latency": "7.444 ms",
        "worst_time_latency": "7.444 ms",
        "average_time_latency": "7.444 ms",
        "min_interval": 744409,
        "max_interval": 744418,
        "Latency": 744413
    },
    "HLS": {
        "LUT": 52378,
        "FF": 39713,
        "DSP": 3,
        "BRAM": 64,
        "URAM": 0,
        "CP": 8.284
    },
    "IMPL": {
        "LUT": 44575,
        "FF": 35303,
        "DSP": 4,
        "BRAM": 65,
        "CP": 9.506,
        "PWR": 0.659
    }
}