{
    "LATENCY": {
        "best_latency": 706839,
        "worst_latency": 706839,
        "average_latency": 706839,
        "best_time_latency": "7.068 ms",
        "worst_time_latency": "7.068 ms",
        "average_time_latency": "7.068 ms",
        "min_interval": 706840,
        "max_interval": 706840,
        "Latency": 706839
    },
    "HLS": {
        "LUT": 141390,
        "FF": 30253,
        "DSP": 6,
        "BRAM": 60,
        "URAM": 0,
        "CP": 7.15
    },
    "IMPL": {
        "LUT": 28856,
        "FF": 28337,
        "DSP": 11,
        "BRAM": 65,
        "CP": 9.784,
        "PWR": 0.484
    }
}