{
    "LATENCY": {
        "best_latency": 810659,
        "worst_latency": 810659,
        "average_latency": 810659,
        "best_time_latency": "8.107 ms",
        "worst_time_latency": "8.107 ms",
        "average_time_latency": "8.107 ms",
        "min_interval": 810660,
        "max_interval": 810660,
        "Latency": 810659
    },
    "HLS": {
        "LUT": 19140,
        "FF": 11799,
        "DSP": 6,
        "BRAM": 64,
        "URAM": 0,
        "CP": 7.389
    },
    "IMPL": {
        "LUT": 13506,
        "FF": 11391,
        "DSP": 6,
        "BRAM": 64,
        "CP": 9.171,
        "PWR": 0.421
    }
}