{
    "LATENCY": {
        "best_latency": 301216,
        "worst_latency": 301216,
        "average_latency": 301216,
        "best_time_latency": "3.012 ms",
        "worst_time_latency": "3.012 ms",
        "average_time_latency": "3.012 ms",
        "min_interval": 301217,
        "max_interval": 301217,
        "Latency": 301216
    },
    "HLS": {
        "LUT": 209701,
        "FF": 54083,
        "DSP": 12,
        "BRAM": 128,
        "URAM": 0,
        "CP": 7.389
    },
    "IMPL": {
        "LUT": 51107,
        "FF": 52089,
        "DSP": 16,
        "BRAM": 128,
        "CP": 9.756,
        "PWR": 0.615
    }
}