{
    "LATENCY": {
        "best_latency": 629101,
        "worst_latency": 629101,
        "average_latency": 629101,
        "best_time_latency": "6.291 ms",
        "worst_time_latency": "6.291 ms",
        "average_time_latency": "6.291 ms",
        "min_interval": 629102,
        "max_interval": 629102,
        "Latency": 629101
    },
    "HLS": {
        "LUT": 204854,
        "FF": 67237,
        "DSP": 30,
        "BRAM": 64,
        "URAM": 0,
        "CP": 7.423
    },
    "IMPL": {
        "LUT": 59207,
        "FF": 62549,
        "DSP": 44,
        "BRAM": 64,
        "CP": 9.835,
        "PWR": 0.706
    }
}