{
    "LATENCY": {
        "best_latency": 1059173,
        "worst_latency": 1059173,
        "average_latency": 1059173,
        "best_time_latency": "10.592 ms",
        "worst_time_latency": "10.592 ms",
        "average_time_latency": "10.592 ms",
        "min_interval": 1059174,
        "max_interval": 1059174,
        "Latency": 1059173
    },
    "HLS": {
        "LUT": 35065,
        "FF": 30706,
        "DSP": 9,
        "BRAM": 64,
        "URAM": 0,
        "CP": 7.15
    },
    "IMPL": {
        "LUT": 29834,
        "FF": 29325,
        "DSP": 12,
        "BRAM": 64,
        "CP": 9.324,
        "PWR": 0.523
    }
}