{
    "LATENCY": {
        "best_latency": 8003662,
        "worst_latency": 8003662,
        "average_latency": 8003662,
        "best_time_latency": "80.037 ms",
        "worst_time_latency": "80.037 ms",
        "average_time_latency": "80.037 ms",
        "min_interval": 8003663,
        "max_interval": 8003663,
        "Latency": 8003662
    },
    "HLS": {
        "LUT": 16589,
        "FF": 10007,
        "DSP": 3,
        "BRAM": 64,
        "URAM": 0,
        "CP": 7.389
    },
    "IMPL": {
        "LUT": 13286,
        "FF": 9556,
        "DSP": 6,
        "BRAM": 64,
        "CP": 9.017,
        "PWR": 0.448
    }
}