{
    "LATENCY": {
        "best_latency": 830175,
        "worst_latency": 830175,
        "average_latency": 830175,
        "best_time_latency": "8.302 ms",
        "worst_time_latency": "8.302 ms",
        "average_time_latency": "8.302 ms",
        "min_interval": 830176,
        "max_interval": 830176,
        "Latency": 830175
    },
    "HLS": {
        "LUT": 13154,
        "FF": 4490,
        "DSP": 3,
        "BRAM": 64,
        "URAM": 0,
        "CP": 7.15
    },
    "SYN": {
        "LUT": 4525,
        "FF": 3760,
        "DSP": 4,
        "BRAM": 64,
        "URAM": 0,
        "SRL": 10,
        "CP": 5.864
    },
    "IMPL": {
        "LUT": 4460,
        "FF": 3754,
        "DSP": 4,
        "BRAM": 64,
        "URAM": 0,
        "SRL": 9,
        "CP": 7.416,
        "PWR": 0.391
    }
}