{
    "LATENCY": {
        "best_latency": 7064410,
        "worst_latency": 7064410,
        "average_latency": 7064410,
        "best_time_latency": "70.644 ms",
        "worst_time_latency": "70.644 ms",
        "average_time_latency": "70.644 ms",
        "min_interval": 7064411,
        "max_interval": 7064411,
        "Latency": 7064410
    },
    "HLS": {
        "LUT": 7491,
        "FF": 2148,
        "DSP": 3,
        "BRAM": 64,
        "URAM": 0,
        "CP": 6.823
    },
    "SYN": {
        "LUT": 2644,
        "FF": 1997,
        "DSP": 5,
        "BRAM": 64,
        "URAM": 0,
        "SRL": 2,
        "CP": 5.864
    },
    "IMPL": {
        "LUT": 2561,
        "FF": 1993,
        "DSP": 5,
        "BRAM": 64,
        "URAM": 0,
        "SRL": 2,
        "CP": 6.922,
        "PWR": 0.393
    }
}