{
    "LATENCY": {
        "best_latency": 6576224,
        "worst_latency": 6576224,
        "average_latency": 6576224,
        "best_time_latency": "65.762 ms",
        "worst_time_latency": "65.762 ms",
        "average_time_latency": "65.762 ms",
        "min_interval": 6576225,
        "max_interval": 6576225,
        "Latency": 6576224
    },
    "HLS": {
        "LUT": 95008,
        "FF": 22676,
        "DSP": 6,
        "BRAM": 60,
        "URAM": 0,
        "CP": 7.448
    },
    "SYN": {
        "LUT": 25133,
        "FF": 22015,
        "DSP": 10,
        "BRAM": 64,
        "URAM": 0,
        "SRL": 7,
        "CP": 5.864
    },
    "IMPL": {
        "LUT": 24791,
        "FF": 22011,
        "DSP": 10,
        "BRAM": 64,
        "URAM": 0,
        "SRL": 6,
        "CP": 9.485,
        "PWR": 0.784
    }
}