{
    "LATENCY": {
        "best_latency": 867619,
        "worst_latency": 867619,
        "average_latency": 867619,
        "best_time_latency": "8.676 ms",
        "worst_time_latency": "8.676 ms",
        "average_time_latency": "8.676 ms",
        "min_interval": 867620,
        "max_interval": 867620,
        "Latency": 867619
    },
    "HLS": {
        "LUT": 9185,
        "FF": 3305,
        "DSP": 3,
        "BRAM": 64,
        "URAM": 0,
        "CP": 6.539
    },
    "SYN": {
        "LUT": 3700,
        "FF": 2703,
        "DSP": 6,
        "BRAM": 64,
        "URAM": 0,
        "SRL": 12,
        "CP": 5.864
    },
    "IMPL": {
        "LUT": 3594,
        "FF": 2697,
        "DSP": 6,
        "BRAM": 64,
        "URAM": 0,
        "SRL": 10,
        "CP": 7.111,
        "PWR": 0.417
    }
}