{
    "LATENCY": {
        "best_latency": 8125237,
        "worst_latency": 8125237,
        "average_latency": 8125237,
        "best_time_latency": "81.252 ms",
        "worst_time_latency": "81.252 ms",
        "average_time_latency": "81.252 ms",
        "min_interval": 8125238,
        "max_interval": 8125238,
        "Latency": 8125237
    },
    "HLS": {
        "LUT": 10293,
        "FF": 3129,
        "DSP": 3,
        "BRAM": 64,
        "URAM": 0,
        "CP": 6.539
    },
    "SYN": {
        "LUT": 3216,
        "FF": 2715,
        "DSP": 8,
        "BRAM": 64,
        "URAM": 0,
        "SRL": 11,
        "CP": 5.864
    },
    "IMPL": {
        "LUT": 3109,
        "FF": 2711,
        "DSP": 8,
        "BRAM": 64,
        "URAM": 0,
        "SRL": 9,
        "CP": 7.29,
        "PWR": 0.402
    }
}