{
    "LATENCY": {
        "best_latency": 8071905,
        "worst_latency": 8071916,
        "average_latency": 8071911,
        "best_time_latency": "80.719 ms",
        "worst_time_latency": "80.719 ms",
        "average_time_latency": "80.719 ms",
        "min_interval": 8071906,
        "max_interval": 8071917,
        "Latency": 8071911
    },
    "HLS": {
        "LUT": 12237,
        "FF": 3978,
        "DSP": 6,
        "BRAM": 64,
        "URAM": 0,
        "CP": 7.139
    },
    "SYN": {
        "LUT": 3544,
        "FF": 2981,
        "DSP": 11,
        "BRAM": 64,
        "URAM": 0,
        "SRL": 18,
        "CP": 5.864
    },
    "IMPL": {
        "LUT": 3435,
        "FF": 2977,
        "DSP": 11,
        "BRAM": 64,
        "URAM": 0,
        "SRL": 14,
        "CP": 7.016,
        "PWR": 0.394
    }
}