{
    "LATENCY": {
        "best_latency": 307247,
        "worst_latency": 307247,
        "average_latency": 307247,
        "best_time_latency": "3.072 ms",
        "worst_time_latency": "3.072 ms",
        "average_time_latency": "3.072 ms",
        "min_interval": 307248,
        "max_interval": 307248,
        "Latency": 307247
    },
    "HLS": {
        "LUT": 20179,
        "FF": 16152,
        "DSP": 3,
        "BRAM": 64,
        "URAM": 0,
        "CP": 7.355
    },
    "SYN": {
        "LUT": 19347,
        "FF": 15827,
        "DSP": 5,
        "BRAM": 64,
        "URAM": 0,
        "SRL": 9,
        "CP": 5.864
    },
    "IMPL": {
        "LUT": 19154,
        "FF": 15817,
        "DSP": 5,
        "BRAM": 64,
        "URAM": 0,
        "SRL": 7,
        "CP": 9.326,
        "PWR": 0.446
    }
}