{
    "LATENCY": {
        "best_latency": 854723,
        "worst_latency": 854723,
        "average_latency": 854723,
        "best_time_latency": "8.547 ms",
        "worst_time_latency": "8.547 ms",
        "average_time_latency": "8.547 ms",
        "min_interval": 854724,
        "max_interval": 854724,
        "Latency": 854723
    },
    "HLS": {
        "LUT": 6516,
        "FF": 2681,
        "DSP": 3,
        "BRAM": 64,
        "URAM": 0,
        "CP": 6.291
    },
    "SYN": {
        "LUT": 3212,
        "FF": 2518,
        "DSP": 3,
        "BRAM": 64,
        "URAM": 0,
        "SRL": 1,
        "CP": 5.864
    },
    "IMPL": {
        "LUT": 3110,
        "FF": 2512,
        "DSP": 3,
        "BRAM": 64,
        "URAM": 0,
        "SRL": 1,
        "CP": 7.267,
        "PWR": 0.398
    }
}