{
    "LATENCY": {
        "best_latency": 1070729,
        "worst_latency": 1070729,
        "average_latency": 1070729,
        "best_time_latency": "10.707 ms",
        "worst_time_latency": "10.707 ms",
        "average_time_latency": "10.707 ms",
        "min_interval": 1070730,
        "max_interval": 1070730,
        "Latency": 1070729
    },
    "HLS": {
        "LUT": 7004,
        "FF": 3658,
        "DSP": 3,
        "BRAM": 64,
        "URAM": 0,
        "CP": 7.15
    },
    "SYN": {
        "LUT": 3909,
        "FF": 3374,
        "DSP": 3,
        "BRAM": 64,
        "URAM": 0,
        "SRL": 8,
        "CP": 5.864
    },
    "IMPL": {
        "LUT": 3814,
        "FF": 3368,
        "DSP": 3,
        "BRAM": 64,
        "URAM": 0,
        "SRL": 6,
        "CP": 7.156,
        "PWR": 0.406
    }
}