{
    "LATENCY": {
        "best_latency": 6629566,
        "worst_latency": 6629587,
        "average_latency": 6629577,
        "best_time_latency": "66.296 ms",
        "worst_time_latency": "66.296 ms",
        "average_time_latency": "66.296 ms",
        "min_interval": 6629567,
        "max_interval": 6629588,
        "Latency": 6629577
    },
    "HLS": {
        "LUT": 15198,
        "FF": 5069,
        "DSP": 12,
        "BRAM": 64,
        "URAM": 0,
        "CP": 7.139
    },
    "SYN": {
        "LUT": 4882,
        "FF": 4166,
        "DSP": 15,
        "BRAM": 64,
        "URAM": 0,
        "SRL": 0,
        "CP": 5.864
    },
    "IMPL": {
        "LUT": 4796,
        "FF": 4160,
        "DSP": 15,
        "BRAM": 64,
        "URAM": 0,
        "SRL": 0,
        "CP": 7.769,
        "PWR": 0.432
    }
}