{
    "LATENCY": {
        "best_latency": 814243,
        "worst_latency": 814243,
        "average_latency": 814243,
        "best_time_latency": "8.142 ms",
        "worst_time_latency": "8.142 ms",
        "average_time_latency": "8.142 ms",
        "min_interval": 814244,
        "max_interval": 814244,
        "Latency": 814243
    },
    "HLS": {
        "LUT": 8540,
        "FF": 3310,
        "DSP": 6,
        "BRAM": 64,
        "URAM": 0,
        "CP": 6.539
    },
    "SYN": {
        "LUT": 3674,
        "FF": 2904,
        "DSP": 8,
        "BRAM": 64,
        "URAM": 0,
        "SRL": 11,
        "CP": 5.864
    },
    "IMPL": {
        "LUT": 3562,
        "FF": 2898,
        "DSP": 8,
        "BRAM": 64,
        "URAM": 0,
        "SRL": 9,
        "CP": 6.958,
        "PWR": 0.42
    }
}