{
    "LATENCY": {
        "best_latency": 7131007,
        "worst_latency": 7131039,
        "average_latency": 7131024,
        "best_time_latency": "71.310 ms",
        "worst_time_latency": "71.310 ms",
        "average_time_latency": "71.310 ms",
        "min_interval": 7131008,
        "max_interval": 7131040,
        "Latency": 7131024
    },
    "HLS": {
        "LUT": 14753,
        "FF": 4842,
        "DSP": 6,
        "BRAM": 60,
        "URAM": 0,
        "CP": 7.139
    },
    "SYN": {
        "LUT": 4070,
        "FF": 3426,
        "DSP": 18,
        "BRAM": 64,
        "URAM": 0,
        "SRL": 24,
        "CP": 5.864
    },
    "IMPL": {
        "LUT": 3901,
        "FF": 3422,
        "DSP": 18,
        "BRAM": 64,
        "URAM": 0,
        "SRL": 20,
        "CP": 7.338,
        "PWR": 0.416
    }
}