{
    "LATENCY": {
        "best_latency": 751391,
        "worst_latency": 751391,
        "average_latency": 751391,
        "best_time_latency": "7.514 ms",
        "worst_time_latency": "7.514 ms",
        "average_time_latency": "7.514 ms",
        "min_interval": 751392,
        "max_interval": 751392,
        "Latency": 751391
    },
    "HLS": {
        "LUT": 31082,
        "FF": 28813,
        "DSP": 9,
        "BRAM": 64,
        "URAM": 0,
        "CP": 7.841
    },
    "SYN": {
        "LUT": 25868,
        "FF": 26104,
        "DSP": 12,
        "BRAM": 64,
        "URAM": 0,
        "SRL": 11,
        "CP": 5.864
    },
    "IMPL": {
        "LUT": 25668,
        "FF": 26098,
        "DSP": 12,
        "BRAM": 64,
        "URAM": 0,
        "SRL": 8,
        "CP": 9.818,
        "PWR": 0.605
    }
}