{
    "LATENCY": {
        "best_latency": 810531,
        "worst_latency": 810540,
        "average_latency": 810536,
        "best_time_latency": "8.105 ms",
        "worst_time_latency": "8.105 ms",
        "average_time_latency": "8.105 ms",
        "min_interval": 810532,
        "max_interval": 810541,
        "Latency": 810536
    },
    "HLS": {
        "LUT": 9100,
        "FF": 4096,
        "DSP": 3,
        "BRAM": 64,
        "URAM": 0,
        "CP": 6.823
    },
    "SYN": {
        "LUT": 4744,
        "FF": 3566,
        "DSP": 3,
        "BRAM": 64,
        "URAM": 0,
        "SRL": 4,
        "CP": 5.864
    },
    "IMPL": {
        "LUT": 4659,
        "FF": 3558,
        "DSP": 3,
        "BRAM": 64,
        "URAM": 0,
        "SRL": 4,
        "CP": 6.968,
        "PWR": 0.432
    }
}