{
    "LATENCY": {
        "best_latency": 794953,
        "worst_latency": 794953,
        "average_latency": 794953,
        "best_time_latency": "7.950 ms",
        "worst_time_latency": "7.950 ms",
        "average_time_latency": "7.950 ms",
        "min_interval": 794954,
        "max_interval": 794954,
        "Latency": 794953
    },
    "HLS": {
        "LUT": 7913,
        "FF": 2979,
        "DSP": 3,
        "BRAM": 64,
        "URAM": 0,
        "CP": 6.291
    },
    "SYN": {
        "LUT": 3474,
        "FF": 2567,
        "DSP": 3,
        "BRAM": 64,
        "URAM": 0,
        "SRL": 10,
        "CP": 5.864
    },
    "IMPL": {
        "LUT": 3373,
        "FF": 2561,
        "DSP": 3,
        "BRAM": 64,
        "URAM": 0,
        "SRL": 8,
        "CP": 7.149,
        "PWR": 0.389
    }
}