{
    "LATENCY": {
        "best_latency": 50142,
        "worst_latency": 50142,
        "average_latency": 50142,
        "best_time_latency": "0.501 ms",
        "worst_time_latency": "0.501 ms",
        "average_time_latency": "0.501 ms",
        "min_interval": 50143,
        "max_interval": 50143,
        "Latency": 50142
    },
    "HLS": {
        "LUT": 18336,
        "FF": 12930,
        "DSP": 17,
        "BRAM": 0,
        "URAM": 0,
        "CP": 6.709
    },
    "SYN": {
        "LUT": 7224,
        "FF": 5435,
        "DSP": 21,
        "BRAM": 0,
        "URAM": 0,
        "SRL": 99,
        "CP": 5.171
    },
    "IMPL": {
        "LUT": 7103,
        "FF": 5431,
        "DSP": 21,
        "BRAM": 0,
        "URAM": 0,
        "SRL": 96,
        "CP": 8.579,
        "PWR": 0.431
    }
}