{
    "LATENCY": {
        "best_latency": 39521,
        "worst_latency": 39521,
        "average_latency": 39521,
        "best_time_latency": "0.395 ms",
        "worst_time_latency": "0.395 ms",
        "average_time_latency": "0.395 ms",
        "min_interval": 39522,
        "max_interval": 39522,
        "Latency": 39521
    },
    "HLS": {
        "LUT": 7030,
        "FF": 2860,
        "DSP": 5,
        "BRAM": 0,
        "URAM": 0,
        "CP": 6.709
    },
    "SYN": {
        "LUT": 3870,
        "FF": 1693,
        "DSP": 5,
        "BRAM": 0,
        "URAM": 0,
        "SRL": 24,
        "CP": 5.171
    },
    "IMPL": {
        "LUT": 3746,
        "FF": 1689,
        "DSP": 5,
        "BRAM": 0,
        "URAM": 0,
        "SRL": 16,
        "CP": 7.607,
        "PWR": 0.261
    }
}