{
    "LATENCY": {
        "best_latency": 37051,
        "worst_latency": 37051,
        "average_latency": 37051,
        "best_time_latency": "0.371 ms",
        "worst_time_latency": "0.371 ms",
        "average_time_latency": "0.371 ms",
        "min_interval": 37052,
        "max_interval": 37052,
        "Latency": 37051
    },
    "HLS": {
        "LUT": 2126,
        "FF": 2023,
        "DSP": 14,
        "BRAM": 0,
        "URAM": 0,
        "CP": 6.709
    },
    "SYN": {
        "LUT": 1076,
        "FF": 1264,
        "DSP": 14,
        "BRAM": 0,
        "URAM": 0,
        "SRL": 28,
        "CP": 6.496
    },
    "IMPL": {
        "LUT": 1043,
        "FF": 1260,
        "DSP": 14,
        "BRAM": 0,
        "URAM": 0,
        "SRL": 19,
        "CP": 6.776,
        "PWR": 0.287
    }
}