{
    "LATENCY": {
        "best_latency": 39027,
        "worst_latency": 39027,
        "average_latency": 39027,
        "best_time_latency": "0.390 ms",
        "worst_time_latency": "0.390 ms",
        "average_time_latency": "0.390 ms",
        "min_interval": 39028,
        "max_interval": 39028,
        "Latency": 39027
    },
    "HLS": {
        "LUT": 6264,
        "FF": 2710,
        "DSP": 5,
        "BRAM": 0,
        "URAM": 0,
        "CP": 6.709
    },
    "SYN": {
        "LUT": 4004,
        "FF": 1694,
        "DSP": 5,
        "BRAM": 0,
        "URAM": 0,
        "SRL": 24,
        "CP": 5.171
    },
    "IMPL": {
        "LUT": 3882,
        "FF": 1690,
        "DSP": 5,
        "BRAM": 0,
        "URAM": 0,
        "SRL": 16,
        "CP": 7.913,
        "PWR": 0.278
    }
}