{
    "LATENCY": {
        "best_latency": 40015,
        "worst_latency": 40015,
        "average_latency": 40015,
        "best_time_latency": "0.400 ms",
        "worst_time_latency": "0.400 ms",
        "average_time_latency": "0.400 ms",
        "min_interval": 40016,
        "max_interval": 40016,
        "Latency": 40015
    },
    "HLS": {
        "LUT": 6984,
        "FF": 4393,
        "DSP": 4,
        "BRAM": 0,
        "URAM": 0,
        "CP": 7.135
    },
    "SYN": {
        "LUT": 4398,
        "FF": 1722,
        "DSP": 5,
        "BRAM": 0,
        "URAM": 0,
        "SRL": 112,
        "CP": 5.864
    },
    "IMPL": {
        "LUT": 4239,
        "FF": 1718,
        "DSP": 5,
        "BRAM": 0,
        "URAM": 0,
        "SRL": 74,
        "CP": 7.71,
        "PWR": 0.326
    }
}