{
    "LATENCY": {
        "best_latency": 29147,
        "worst_latency": 29147,
        "average_latency": 29147,
        "best_time_latency": "0.291 ms",
        "worst_time_latency": "0.291 ms",
        "average_time_latency": "0.291 ms",
        "min_interval": 29148,
        "max_interval": 29148,
        "Latency": 29147
    },
    "HLS": {
        "LUT": 5143,
        "FF": 3347,
        "DSP": 12,
        "BRAM": 0,
        "URAM": 0,
        "CP": 7.236
    },
    "SYN": {
        "LUT": 1559,
        "FF": 2011,
        "DSP": 12,
        "BRAM": 0,
        "URAM": 0,
        "SRL": 158,
        "CP": 6.496
    },
    "IMPL": {
        "LUT": 1469,
        "FF": 2007,
        "DSP": 12,
        "BRAM": 0,
        "URAM": 0,
        "SRL": 86,
        "CP": 6.835,
        "PWR": 0.277
    }
}