{
    "LATENCY": {
        "best_latency": 45943,
        "worst_latency": 45943,
        "average_latency": 45943,
        "best_time_latency": "0.459 ms",
        "worst_time_latency": "0.459 ms",
        "average_time_latency": "0.459 ms",
        "min_interval": 45944,
        "max_interval": 45944,
        "Latency": 45943
    },
    "HLS": {
        "LUT": 5157,
        "FF": 1901,
        "DSP": 23,
        "BRAM": 0,
        "URAM": 0,
        "CP": 6.974
    },
    "SYN": {
        "LUT": 1351,
        "FF": 1740,
        "DSP": 23,
        "BRAM": 0,
        "URAM": 0,
        "SRL": 0,
        "CP": 6.496
    },
    "IMPL": {
        "LUT": 1326,
        "FF": 1734,
        "DSP": 23,
        "BRAM": 0,
        "URAM": 0,
        "SRL": 0,
        "CP": 7.052,
        "PWR": 0.291
    }
}