{
    "LATENCY": {
        "best_latency": 46931,
        "worst_latency": 46931,
        "average_latency": 46931,
        "best_time_latency": "0.469 ms",
        "worst_time_latency": "0.469 ms",
        "average_time_latency": "0.469 ms",
        "min_interval": 46932,
        "max_interval": 46932,
        "Latency": 46931
    },
    "HLS": {
        "LUT": 7970,
        "FF": 7847,
        "DSP": 18,
        "BRAM": 0,
        "URAM": 0,
        "CP": 7.135
    },
    "SYN": {
        "LUT": 2802,
        "FF": 2965,
        "DSP": 20,
        "BRAM": 0,
        "URAM": 0,
        "SRL": 144,
        "CP": 6.496
    },
    "IMPL": {
        "LUT": 2759,
        "FF": 2961,
        "DSP": 20,
        "BRAM": 0,
        "URAM": 0,
        "SRL": 116,
        "CP": 6.885,
        "PWR": 0.331
    }
}