{
    "LATENCY": {
        "best_latency": 139556,
        "worst_latency": 139556,
        "average_latency": 139556,
        "best_time_latency": "1.396 ms",
        "worst_time_latency": "1.396 ms",
        "average_time_latency": "1.396 ms",
        "min_interval": 139557,
        "max_interval": 139557,
        "Latency": 139556
    },
    "HLS": {
        "LUT": 2582,
        "FF": 1484,
        "DSP": 12,
        "BRAM": 0,
        "URAM": 0,
        "CP": 6.504
    },
    "SYN": {
        "LUT": 1037,
        "FF": 1129,
        "DSP": 12,
        "BRAM": 0,
        "URAM": 0,
        "SRL": 2,
        "CP": 6.496
    },
    "IMPL": {
        "LUT": 1022,
        "FF": 1125,
        "DSP": 12,
        "BRAM": 0,
        "URAM": 0,
        "SRL": 2,
        "CP": 7.253,
        "PWR": 0.287
    }
}