{
    "LATENCY": {
        "best_latency": 2529,
        "worst_latency": 2529,
        "average_latency": 2529,
        "best_time_latency": "25.290 us",
        "worst_time_latency": "25.290 us",
        "average_time_latency": "25.290 us",
        "min_interval": 2530,
        "max_interval": 2530,
        "Latency": 2529
    },
    "HLS": {
        "LUT": 3318,
        "FF": 4096,
        "DSP": 26,
        "BRAM": 0,
        "URAM": 0,
        "CP": 7.036
    },
    "SYN": {
        "LUT": 2882,
        "FF": 3832,
        "DSP": 26,
        "BRAM": 0,
        "URAM": 0,
        "SRL": 458,
        "CP": 6.496
    },
    "IMPL": {
        "LUT": 2598,
        "FF": 3824,
        "DSP": 26,
        "BRAM": 0,
        "URAM": 0,
        "SRL": 230,
        "CP": 7.008,
        "PWR": 0.311
    }
}