{
    "LATENCY": {
        "best_latency": 42113,
        "worst_latency": 42113,
        "average_latency": 42113,
        "best_time_latency": "0.421 ms",
        "worst_time_latency": "0.421 ms",
        "average_time_latency": "0.421 ms",
        "min_interval": 42114,
        "max_interval": 42114,
        "Latency": 42113
    },
    "HLS": {
        "LUT": 18188,
        "FF": 12514,
        "DSP": 30,
        "BRAM": 0,
        "URAM": 0,
        "CP": 7.148
    },
    "IMPL": {
        "LUT": 15216,
        "FF": 14252,
        "DSP": 29,
        "BRAM": 0,
        "CP": 8.892,
        "PWR": 0.511
    }
}