{
    "LATENCY": {
        "best_latency": 39041,
        "worst_latency": 39041,
        "average_latency": 39041,
        "best_time_latency": "0.390 ms",
        "worst_time_latency": "0.390 ms",
        "average_time_latency": "0.390 ms",
        "min_interval": 39042,
        "max_interval": 39042,
        "Latency": 39041
    },
    "HLS": {
        "LUT": 10455,
        "FF": 7850,
        "DSP": 37,
        "BRAM": 0,
        "URAM": 0,
        "CP": 7.148
    },
    "IMPL": {
        "LUT": 11138,
        "FF": 9717,
        "DSP": 36,
        "BRAM": 0,
        "CP": 8.787,
        "PWR": 0.444
    }
}