{
    "LATENCY": {
        "best_latency": 179201,
        "worst_latency": 179201,
        "average_latency": 179201,
        "best_time_latency": "1.792 ms",
        "worst_time_latency": "1.792 ms",
        "average_time_latency": "1.792 ms",
        "min_interval": 179202,
        "max_interval": 179202,
        "Latency": 179201
    },
    "HLS": {
        "LUT": 18775,
        "FF": 5988,
        "DSP": 27,
        "BRAM": 0,
        "URAM": 0,
        "CP": 7.148
    },
    "IMPL": {
        "LUT": 15987,
        "FF": 7491,
        "DSP": 27,
        "BRAM": 0,
        "CP": 8.923,
        "PWR": 0.698
    }
}