{
    "LATENCY": {
        "best_latency": 2464,
        "worst_latency": 2464,
        "average_latency": 2464,
        "best_time_latency": "24.640 us",
        "worst_time_latency": "24.640 us",
        "average_time_latency": "24.640 us",
        "min_interval": 2465,
        "max_interval": 2465,
        "Latency": 2464
    },
    "HLS": {
        "LUT": 59071,
        "FF": 46265,
        "DSP": 205,
        "BRAM": 0,
        "URAM": 0,
        "CP": 7.697
    },
    "IMPL": {
        "LUT": 51041,
        "FF": 49309,
        "DSP": 205,
        "BRAM": 0,
        "CP": 9.416,
        "PWR": 0.911
    }
}