{
    "LATENCY": {
        "best_latency": 345217,
        "worst_latency": 345217,
        "average_latency": 345217,
        "best_time_latency": "3.452 ms",
        "worst_time_latency": "3.452 ms",
        "average_time_latency": "3.452 ms",
        "min_interval": 345218,
        "max_interval": 345218,
        "Latency": 345217
    },
    "HLS": {
        "LUT": 24836,
        "FF": 5755,
        "DSP": 50,
        "BRAM": 0,
        "URAM": 0,
        "CP": 7.148
    },
    "IMPL": {
        "LUT": 11136,
        "FF": 8047,
        "DSP": 50,
        "BRAM": 0,
        "CP": 8.944,
        "PWR": 0.824
    }
}