{
    "LATENCY": {
        "best_latency": 2464,
        "worst_latency": 2464,
        "average_latency": 2464,
        "best_time_latency": "24.640 us",
        "worst_time_latency": "24.640 us",
        "average_time_latency": "24.640 us",
        "min_interval": 2465,
        "max_interval": 2465,
        "Latency": 2464
    },
    "HLS": {
        "LUT": 51804,
        "FF": 46498,
        "DSP": 205,
        "BRAM": 0,
        "URAM": 0,
        "CP": 7.697
    },
    "IMPL": {
        "LUT": 50257,
        "FF": 49334,
        "DSP": 205,
        "BRAM": 0,
        "CP": 9.486,
        "PWR": 0.965
    }
}