{
    "LATENCY": {
        "best_latency": 42241,
        "worst_latency": 42241,
        "average_latency": 42241,
        "best_time_latency": "0.422 ms",
        "worst_time_latency": "0.422 ms",
        "average_time_latency": "0.422 ms",
        "min_interval": 42242,
        "max_interval": 42242,
        "Latency": 42241
    },
    "HLS": {
        "LUT": 12982,
        "FF": 7516,
        "DSP": 27,
        "BRAM": 0,
        "URAM": 0,
        "CP": 7.148
    },
    "IMPL": {
        "LUT": 12929,
        "FF": 9153,
        "DSP": 27,
        "BRAM": 0,
        "CP": 8.724,
        "PWR": 0.586
    }
}