{
    "LATENCY": {
        "best_latency": 2457,
        "worst_latency": 2457,
        "average_latency": 2457,
        "best_time_latency": "24.570 us",
        "worst_time_latency": "24.570 us",
        "average_time_latency": "24.570 us",
        "min_interval": 2458,
        "max_interval": 2458,
        "Latency": 2457
    },
    "HLS": {
        "LUT": 45373,
        "FF": 45057,
        "DSP": 221,
        "BRAM": 0,
        "URAM": 0,
        "CP": 7.697
    },
    "IMPL": {
        "LUT": 44550,
        "FF": 47620,
        "DSP": 221,
        "BRAM": 0,
        "CP": 9.609,
        "PWR": 1.346
    }
}