{
    "LATENCY": {
        "best_latency": 38657,
        "worst_latency": 38657,
        "average_latency": 38657,
        "best_time_latency": "0.387 ms",
        "worst_time_latency": "0.387 ms",
        "average_time_latency": "0.387 ms",
        "min_interval": 38658,
        "max_interval": 38658,
        "Latency": 38657
    },
    "HLS": {
        "LUT": 13855,
        "FF": 5552,
        "DSP": 27,
        "BRAM": 0,
        "URAM": 0,
        "CP": 7.148
    },
    "IMPL": {
        "LUT": 11930,
        "FF": 7271,
        "DSP": 27,
        "BRAM": 0,
        "CP": 8.548,
        "PWR": 0.452
    }
}