{
    "LATENCY": {
        "best_latency": 328449,
        "worst_latency": 328449,
        "average_latency": 328449,
        "best_time_latency": "3.284 ms",
        "worst_time_latency": "3.284 ms",
        "average_time_latency": "3.284 ms",
        "min_interval": 328450,
        "max_interval": 328450,
        "Latency": 328449
    },
    "HLS": {
        "LUT": 17681,
        "FF": 5230,
        "DSP": 37,
        "BRAM": 0,
        "URAM": 0,
        "CP": 7.148
    },
    "IMPL": {
        "LUT": 13044,
        "FF": 6898,
        "DSP": 37,
        "BRAM": 0,
        "CP": 8.644,
        "PWR": 0.707
    }
}