{
    "LATENCY": {
        "best_latency": 2453,
        "worst_latency": 2453,
        "average_latency": 2453,
        "best_time_latency": "24.530 us",
        "worst_time_latency": "24.530 us",
        "average_time_latency": "24.530 us",
        "min_interval": 2454,
        "max_interval": 2454,
        "Latency": 2453
    },
    "HLS": {
        "LUT": 68492,
        "FF": 47532,
        "DSP": 107,
        "BRAM": 0,
        "URAM": 0,
        "CP": 7.697
    },
    "IMPL": {
        "LUT": 77049,
        "FF": 50541,
        "DSP": 107,
        "BRAM": 0,
        "CP": 9.623,
        "PWR": 0.977
    }
}