{
    "LATENCY": {
        "best_latency": 2464,
        "worst_latency": 2464,
        "average_latency": 2464,
        "best_time_latency": "24.640 us",
        "worst_time_latency": "24.640 us",
        "average_time_latency": "24.640 us",
        "min_interval": 2465,
        "max_interval": 2465,
        "Latency": 2464
    },
    "HLS": {
        "LUT": 81944,
        "FF": 48262,
        "DSP": 135,
        "BRAM": 0,
        "URAM": 0,
        "CP": 7.697
    },
    "IMPL": {
        "LUT": 69365,
        "FF": 51044,
        "DSP": 135,
        "BRAM": 0,
        "CP": 9.676,
        "PWR": 1.297
    }
}