{
    "LATENCY": {
        "best_latency": 39041,
        "worst_latency": 39041,
        "average_latency": 39041,
        "best_time_latency": "0.390 ms",
        "worst_time_latency": "0.390 ms",
        "average_time_latency": "0.390 ms",
        "min_interval": 39042,
        "max_interval": 39042,
        "Latency": 39041
    },
    "HLS": {
        "LUT": 11981,
        "FF": 7870,
        "DSP": 40,
        "BRAM": 0,
        "URAM": 0,
        "CP": 7.148
    },
    "IMPL": {
        "LUT": 10209,
        "FF": 9645,
        "DSP": 40,
        "BRAM": 0,
        "CP": 8.558,
        "PWR": 0.439
    }
}