{
    "LATENCY": {
        "best_latency": 20564,
        "worst_latency": 20564,
        "average_latency": 20564,
        "best_time_latency": "0.206 ms",
        "worst_time_latency": "0.206 ms",
        "average_time_latency": "0.206 ms",
        "min_interval": 20565,
        "max_interval": 20565,
        "Latency": 20564
    },
    "HLS": {
        "LUT": 13380,
        "FF": 5717,
        "DSP": 37,
        "BRAM": 0,
        "URAM": 0,
        "CP": 7.148
    },
    "IMPL": {
        "LUT": 10644,
        "FF": 7247,
        "DSP": 37,
        "BRAM": 0,
        "CP": 8.662,
        "PWR": 0.546
    }
}