{
    "LATENCY": {
        "best_latency": 2455,
        "worst_latency": 2455,
        "average_latency": 2455,
        "best_time_latency": "24.550 us",
        "worst_time_latency": "24.550 us",
        "average_time_latency": "24.550 us",
        "min_interval": 2456,
        "max_interval": 2456,
        "Latency": 2455
    },
    "HLS": {
        "LUT": 84546,
        "FF": 48924,
        "DSP": 141,
        "BRAM": 0,
        "URAM": 0,
        "CP": 7.697
    },
    "IMPL": {
        "LUT": 70277,
        "FF": 51819,
        "DSP": 141,
        "BRAM": 0,
        "CP": 9.746,
        "PWR": 1.156
    }
}