{
    "LATENCY": {
        "best_latency": 20563,
        "worst_latency": 20563,
        "average_latency": 20563,
        "best_time_latency": "0.206 ms",
        "worst_time_latency": "0.206 ms",
        "average_time_latency": "0.206 ms",
        "min_interval": 20564,
        "max_interval": 20564,
        "Latency": 20563
    },
    "HLS": {
        "LUT": 11609,
        "FF": 5934,
        "DSP": 37,
        "BRAM": 0,
        "URAM": 0,
        "CP": 7.148
    },
    "IMPL": {
        "LUT": 9777,
        "FF": 7520,
        "DSP": 37,
        "BRAM": 0,
        "CP": 8.727,
        "PWR": 0.523
    }
}