{
    "LATENCY": {
        "best_latency": 2463,
        "worst_latency": 2463,
        "average_latency": 2463,
        "best_time_latency": "24.630 us",
        "worst_time_latency": "24.630 us",
        "average_time_latency": "24.630 us",
        "min_interval": 2464,
        "max_interval": 2464,
        "Latency": 2463
    },
    "HLS": {
        "LUT": 51743,
        "FF": 47287,
        "DSP": 171,
        "BRAM": 0,
        "URAM": 0,
        "CP": 7.697
    },
    "IMPL": {
        "LUT": 61504,
        "FF": 50409,
        "DSP": 171,
        "BRAM": 0,
        "CP": 9.639,
        "PWR": 1.14
    }
}