{
    "LATENCY": {
        "best_latency": 20563,
        "worst_latency": 20563,
        "average_latency": 20563,
        "best_time_latency": "0.206 ms",
        "worst_time_latency": "0.206 ms",
        "average_time_latency": "0.206 ms",
        "min_interval": 20564,
        "max_interval": 20564,
        "Latency": 20563
    },
    "HLS": {
        "LUT": 6868,
        "FF": 5076,
        "DSP": 37,
        "BRAM": 0,
        "URAM": 0,
        "CP": 7.148
    },
    "IMPL": {
        "LUT": 9341,
        "FF": 6533,
        "DSP": 37,
        "BRAM": 0,
        "CP": 8.775,
        "PWR": 0.48
    }
}