{
    "LATENCY": {
        "best_latency": 20564,
        "worst_latency": 20564,
        "average_latency": 20564,
        "best_time_latency": "0.206 ms",
        "worst_time_latency": "0.206 ms",
        "average_time_latency": "0.206 ms",
        "min_interval": 20565,
        "max_interval": 20565,
        "Latency": 20564
    },
    "HLS": {
        "LUT": 6966,
        "FF": 4812,
        "DSP": 37,
        "BRAM": 0,
        "URAM": 0,
        "CP": 7.148
    },
    "IMPL": {
        "LUT": 9018,
        "FF": 6344,
        "DSP": 37,
        "BRAM": 0,
        "CP": 8.468,
        "PWR": 0.491
    }
}