{
    "LATENCY": {
        "best_latency": 344833,
        "worst_latency": 344833,
        "average_latency": 344833,
        "best_time_latency": "3.448 ms",
        "worst_time_latency": "3.448 ms",
        "average_time_latency": "3.448 ms",
        "min_interval": 344834,
        "max_interval": 344834,
        "Latency": 344833
    },
    "HLS": {
        "LUT": 14988,
        "FF": 5439,
        "DSP": 40,
        "BRAM": 0,
        "URAM": 0,
        "CP": 7.148
    },
    "IMPL": {
        "LUT": 14531,
        "FF": 7089,
        "DSP": 40,
        "BRAM": 0,
        "CP": 8.867,
        "PWR": 0.741
    }
}