{
    "LATENCY": {
        "best_latency": 39169,
        "worst_latency": 39169,
        "average_latency": 39169,
        "best_time_latency": "0.392 ms",
        "worst_time_latency": "0.392 ms",
        "average_time_latency": "0.392 ms",
        "min_interval": 39170,
        "max_interval": 39170,
        "Latency": 39169
    },
    "HLS": {
        "LUT": 15496,
        "FF": 5849,
        "DSP": 37,
        "BRAM": 0,
        "URAM": 0,
        "CP": 7.148
    },
    "IMPL": {
        "LUT": 12604,
        "FF": 7503,
        "DSP": 37,
        "BRAM": 0,
        "CP": 8.474,
        "PWR": 0.364
    }
}