{
    "LATENCY": {
        "best_latency": 2464,
        "worst_latency": 2464,
        "average_latency": 2464,
        "best_time_latency": "24.640 us",
        "worst_time_latency": "24.640 us",
        "average_time_latency": "24.640 us",
        "min_interval": 2465,
        "max_interval": 2465,
        "Latency": 2464
    },
    "HLS": {
        "LUT": 63624,
        "FF": 46870,
        "DSP": 197,
        "BRAM": 0,
        "URAM": 0,
        "CP": 7.697
    },
    "IMPL": {
        "LUT": 56461,
        "FF": 49941,
        "DSP": 197,
        "BRAM": 0,
        "CP": 9.522,
        "PWR": 1.317
    }
}