{
    "LATENCY": {
        "best_latency": 39425,
        "worst_latency": 39425,
        "average_latency": 39425,
        "best_time_latency": "0.394 ms",
        "worst_time_latency": "0.394 ms",
        "average_time_latency": "0.394 ms",
        "min_interval": 39426,
        "max_interval": 39426,
        "Latency": 39425
    },
    "HLS": {
        "LUT": 8117,
        "FF": 5160,
        "DSP": 37,
        "BRAM": 0,
        "URAM": 0,
        "CP": 7.148
    },
    "IMPL": {
        "LUT": 8498,
        "FF": 6990,
        "DSP": 37,
        "BRAM": 0,
        "CP": 8.673,
        "PWR": 0.429
    }
}