{
    "LATENCY": {
        "best_latency": 181761,
        "worst_latency": 181761,
        "average_latency": 181761,
        "best_time_latency": "1.818 ms",
        "worst_time_latency": "1.818 ms",
        "average_time_latency": "1.818 ms",
        "min_interval": 181762,
        "max_interval": 181762,
        "Latency": 181761
    },
    "HLS": {
        "LUT": 21364,
        "FF": 6544,
        "DSP": 37,
        "BRAM": 0,
        "URAM": 0,
        "CP": 7.148
    },
    "IMPL": {
        "LUT": 14549,
        "FF": 7979,
        "DSP": 37,
        "BRAM": 0,
        "CP": 8.709,
        "PWR": 0.749
    }
}