{
    "LATENCY": {
        "best_latency": 2460,
        "worst_latency": 2460,
        "average_latency": 2460,
        "best_time_latency": "24.600 us",
        "worst_time_latency": "24.600 us",
        "average_time_latency": "24.600 us",
        "min_interval": 2461,
        "max_interval": 2461,
        "Latency": 2460
    },
    "HLS": {
        "LUT": 74596,
        "FF": 47351,
        "DSP": 141,
        "BRAM": 0,
        "URAM": 0,
        "CP": 7.697
    },
    "IMPL": {
        "LUT": 66953,
        "FF": 50318,
        "DSP": 141,
        "BRAM": 0,
        "CP": 9.575,
        "PWR": 1.268
    }
}