{
    "LATENCY": {
        "best_latency": 2465,
        "worst_latency": 2465,
        "average_latency": 2465,
        "best_time_latency": "24.650 us",
        "worst_time_latency": "24.650 us",
        "average_time_latency": "24.650 us",
        "min_interval": 2466,
        "max_interval": 2466,
        "Latency": 2465
    },
    "HLS": {
        "LUT": 68522,
        "FF": 45896,
        "DSP": 165,
        "BRAM": 0,
        "URAM": 0,
        "CP": 7.148
    },
    "IMPL": {
        "LUT": 60369,
        "FF": 48797,
        "DSP": 165,
        "BRAM": 0,
        "CP": 9.382,
        "PWR": 0.988
    }
}