{
    "LATENCY": {
        "best_latency": 345089,
        "worst_latency": 345089,
        "average_latency": 345089,
        "best_time_latency": "3.451 ms",
        "worst_time_latency": "3.451 ms",
        "average_time_latency": "3.451 ms",
        "min_interval": 345090,
        "max_interval": 345090,
        "Latency": 345089
    },
    "HLS": {
        "LUT": 18146,
        "FF": 5692,
        "DSP": 37,
        "BRAM": 0,
        "URAM": 0,
        "CP": 7.148
    },
    "IMPL": {
        "LUT": 12788,
        "FF": 7120,
        "DSP": 37,
        "BRAM": 0,
        "CP": 8.937,
        "PWR": 0.712
    }
}