{
    "LATENCY": {
        "best_latency": 20565,
        "worst_latency": 20565,
        "average_latency": 20565,
        "best_time_latency": "0.206 ms",
        "worst_time_latency": "0.206 ms",
        "average_time_latency": "0.206 ms",
        "min_interval": 20566,
        "max_interval": 20566,
        "Latency": 20565
    },
    "HLS": {
        "LUT": 10297,
        "FF": 5795,
        "DSP": 37,
        "BRAM": 0,
        "URAM": 0,
        "CP": 7.148
    },
    "IMPL": {
        "LUT": 9014,
        "FF": 7293,
        "DSP": 37,
        "BRAM": 0,
        "CP": 8.518,
        "PWR": 0.475
    }
}