{
    "LATENCY": {
        "best_latency": 2456,
        "worst_latency": 2456,
        "average_latency": 2456,
        "best_time_latency": "24.560 us",
        "worst_time_latency": "24.560 us",
        "average_time_latency": "24.560 us",
        "min_interval": 2457,
        "max_interval": 2457,
        "Latency": 2456
    },
    "HLS": {
        "LUT": 60334,
        "FF": 48538,
        "DSP": 141,
        "BRAM": 0,
        "URAM": 0,
        "CP": 7.148
    },
    "IMPL": {
        "LUT": 65254,
        "FF": 50294,
        "DSP": 141,
        "BRAM": 0,
        "CP": 9.461,
        "PWR": 1.521
    }
}