{
    "LATENCY": {
        "best_latency": 39169,
        "worst_latency": 39169,
        "average_latency": 39169,
        "best_time_latency": "0.392 ms",
        "worst_time_latency": "0.392 ms",
        "average_time_latency": "0.392 ms",
        "min_interval": 39170,
        "max_interval": 39170,
        "Latency": 39169
    },
    "HLS": {
        "LUT": 9161,
        "FF": 5289,
        "DSP": 37,
        "BRAM": 0,
        "URAM": 0,
        "CP": 7.148
    },
    "IMPL": {
        "LUT": 9115,
        "FF": 7095,
        "DSP": 37,
        "BRAM": 0,
        "CP": 8.92,
        "PWR": 0.425
    }
}