{
    "LATENCY": {
        "best_latency": 348929,
        "worst_latency": 348929,
        "average_latency": 348929,
        "best_time_latency": "3.489 ms",
        "worst_time_latency": "3.489 ms",
        "average_time_latency": "3.489 ms",
        "min_interval": 348930,
        "max_interval": 348930,
        "Latency": 348929
    },
    "HLS": {
        "LUT": 12202,
        "FF": 4633,
        "DSP": 37,
        "BRAM": 0,
        "URAM": 0,
        "CP": 7.148
    },
    "IMPL": {
        "LUT": 9827,
        "FF": 6303,
        "DSP": 37,
        "BRAM": 0,
        "CP": 8.8,
        "PWR": 0.508
    }
}