{
    "LATENCY": {
        "best_latency": 332545,
        "worst_latency": 332545,
        "average_latency": 332545,
        "best_time_latency": "3.325 ms",
        "worst_time_latency": "3.325 ms",
        "average_time_latency": "3.325 ms",
        "min_interval": 332546,
        "max_interval": 332546,
        "Latency": 332545
    },
    "HLS": {
        "LUT": 16574,
        "FF": 6557,
        "DSP": 50,
        "BRAM": 0,
        "URAM": 0,
        "CP": 7.148
    },
    "IMPL": {
        "LUT": 16202,
        "FF": 8003,
        "DSP": 50,
        "BRAM": 0,
        "CP": 8.681,
        "PWR": 0.744
    }
}