{
    "LATENCY": {
        "best_latency": 2317,
        "worst_latency": 2317,
        "average_latency": 2317,
        "best_time_latency": "23.170 us",
        "worst_time_latency": "23.170 us",
        "average_time_latency": "23.170 us",
        "min_interval": 2318,
        "max_interval": 2318,
        "Latency": 2317
    },
    "HLS": {
        "LUT": 86872,
        "FF": 68003,
        "DSP": 130,
        "BRAM": 0,
        "URAM": 0,
        "CP": 7.654
    },
    "IMPL": {
        "LUT": 89771,
        "FF": 69763,
        "DSP": 130,
        "BRAM": 0,
        "CP": 9.554,
        "PWR": 1.075
    }
}