{
    "LATENCY": {
        "best_latency": 2461,
        "worst_latency": 2461,
        "average_latency": 2461,
        "best_time_latency": "24.610 us",
        "worst_time_latency": "24.610 us",
        "average_time_latency": "24.610 us",
        "min_interval": 2462,
        "max_interval": 2462,
        "Latency": 2461
    },
    "HLS": {
        "LUT": 55244,
        "FF": 46672,
        "DSP": 145,
        "BRAM": 0,
        "URAM": 0,
        "CP": 7.697
    },
    "IMPL": {
        "LUT": 63027,
        "FF": 49681,
        "DSP": 145,
        "BRAM": 0,
        "CP": 9.672,
        "PWR": 0.937
    }
}