{
    "LATENCY": {
        "best_latency": 344705,
        "worst_latency": 344705,
        "average_latency": 344705,
        "best_time_latency": "3.447 ms",
        "worst_time_latency": "3.447 ms",
        "average_time_latency": "3.447 ms",
        "min_interval": 344706,
        "max_interval": 344706,
        "Latency": 344705
    },
    "HLS": {
        "LUT": 13730,
        "FF": 5685,
        "DSP": 50,
        "BRAM": 0,
        "URAM": 0,
        "CP": 7.148
    },
    "IMPL": {
        "LUT": 12241,
        "FF": 7309,
        "DSP": 50,
        "BRAM": 0,
        "CP": 8.628,
        "PWR": 0.672
    }
}