{
    "LATENCY": {
        "best_latency": 340993,
        "worst_latency": 340993,
        "average_latency": 340993,
        "best_time_latency": "3.410 ms",
        "worst_time_latency": "3.410 ms",
        "average_time_latency": "3.410 ms",
        "min_interval": 340994,
        "max_interval": 340994,
        "Latency": 340993
    },
    "HLS": {
        "LUT": 11176,
        "FF": 4651,
        "DSP": 50,
        "BRAM": 0,
        "URAM": 0,
        "CP": 7.148
    },
    "IMPL": {
        "LUT": 10325,
        "FF": 6261,
        "DSP": 50,
        "BRAM": 0,
        "CP": 8.822,
        "PWR": 0.607
    }
}