{
    "LATENCY": {
        "best_latency": 44545,
        "worst_latency": 44545,
        "average_latency": 44545,
        "best_time_latency": "0.445 ms",
        "worst_time_latency": "0.445 ms",
        "average_time_latency": "0.445 ms",
        "min_interval": 44546,
        "max_interval": 44546,
        "Latency": 44545
    },
    "HLS": {
        "LUT": 10642,
        "FF": 7418,
        "DSP": 37,
        "BRAM": 0,
        "URAM": 0,
        "CP": 7.148
    },
    "IMPL": {
        "LUT": 10890,
        "FF": 9230,
        "DSP": 37,
        "BRAM": 0,
        "CP": 8.644,
        "PWR": 0.366
    }
}