{
    "LATENCY": {
        "best_latency": 1532,
        "worst_latency": 1805,
        "average_latency": 1675,
        "best_time_latency": "15.320 us",
        "worst_time_latency": "18.050 us",
        "average_time_latency": "16.750 us",
        "min_interval": 1533,
        "max_interval": 1806,
        "Latency": 1675
    },
    "HLS": {
        "LUT": 168809,
        "FF": 22704,
        "DSP": 0,
        "BRAM": 3,
        "URAM": 0,
        "CP": 7.189
    },
    "IMPL": {
        "LUT": 10143,
        "FF": 18140,
        "DSP": 0,
        "BRAM": 2,
        "CP": 7.954,
        "PWR": 0.414
    }
}