{
    "LATENCY": {
        "best_latency": 969,
        "worst_latency": 969,
        "average_latency": 969,
        "best_time_latency": "9.690 us",
        "worst_time_latency": "9.690 us",
        "average_time_latency": "9.690 us",
        "min_interval": 970,
        "max_interval": 970,
        "Latency": 969
    },
    "HLS": {
        "LUT": 6445,
        "FF": 1858,
        "DSP": 0,
        "BRAM": 1,
        "URAM": 0,
        "CP": 7.293
    },
    "IMPL": {
        "LUT": 1814,
        "FF": 1781,
        "DSP": 0,
        "BRAM": 1,
        "CP": 5.818,
        "PWR": 0.24
    }
}