{
    "LATENCY": {
        "best_latency": 1714,
        "worst_latency": 2013,
        "average_latency": 1870,
        "best_time_latency": "17.140 us",
        "worst_time_latency": "20.130 us",
        "average_time_latency": "18.700 us",
        "min_interval": 1715,
        "max_interval": 2014,
        "Latency": 1870
    },
    "HLS": {
        "LUT": 647521,
        "FF": 109040,
        "DSP": 0,
        "BRAM": 7,
        "URAM": 0,
        "CP": 7.268
    },
    "IMPL": {
        "LUT": 7142,
        "FF": 9314,
        "DSP": 0,
        "BRAM": 4,
        "CP": 7.315,
        "PWR": 0.339
    }
}