{
    "LATENCY": {
        "best_latency": 1786,
        "worst_latency": 2384,
        "average_latency": 2085,
        "best_time_latency": "17.860 us",
        "worst_time_latency": "23.840 us",
        "average_time_latency": "20.850 us",
        "min_interval": 1787,
        "max_interval": 2385,
        "Latency": 2085
    },
    "HLS": {
        "LUT": 4466,
        "FF": 1081,
        "DSP": 0,
        "BRAM": 1,
        "URAM": 0,
        "CP": 7.293
    },
    "IMPL": {
        "LUT": 1189,
        "FF": 965,
        "DSP": 0,
        "BRAM": 1,
        "CP": 4.578,
        "PWR": 0.251
    }
}