{
    "LATENCY": {
        "best_latency": 950,
        "worst_latency": 950,
        "average_latency": 950,
        "best_time_latency": "9.500 us",
        "worst_time_latency": "9.500 us",
        "average_time_latency": "9.500 us",
        "min_interval": 951,
        "max_interval": 951,
        "Latency": 950
    },
    "HLS": {
        "LUT": 6637,
        "FF": 1826,
        "DSP": 0,
        "BRAM": 1,
        "URAM": 0,
        "CP": 7.293
    },
    "IMPL": {
        "LUT": 1963,
        "FF": 1809,
        "DSP": 0,
        "BRAM": 1,
        "CP": 4.942,
        "PWR": 0.242
    }
}