{
    "LATENCY": {
        "best_latency": 1094,
        "worst_latency": 1094,
        "average_latency": 1094,
        "best_time_latency": "10.940 us",
        "worst_time_latency": "10.940 us",
        "average_time_latency": "10.940 us",
        "min_interval": 1095,
        "max_interval": 1095,
        "Latency": 1094
    },
    "HLS": {
        "LUT": 7587,
        "FF": 2326,
        "DSP": 0,
        "BRAM": 1,
        "URAM": 0,
        "CP": 7.293
    },
    "IMPL": {
        "LUT": 2292,
        "FF": 2210,
        "DSP": 0,
        "BRAM": 1,
        "CP": 6.156,
        "PWR": 0.251
    }
}