{
    "LATENCY": {
        "best_latency": 937,
        "worst_latency": 937,
        "average_latency": 937,
        "best_time_latency": "9.370 us",
        "worst_time_latency": "9.370 us",
        "average_time_latency": "9.370 us",
        "min_interval": 938,
        "max_interval": 938,
        "Latency": 937
    },
    "HLS": {
        "LUT": 6398,
        "FF": 1893,
        "DSP": 0,
        "BRAM": 1,
        "URAM": 0,
        "CP": 7.293
    },
    "IMPL": {
        "LUT": 1891,
        "FF": 1772,
        "DSP": 0,
        "BRAM": 1,
        "CP": 5.796,
        "PWR": 0.241
    }
}