{
    "LATENCY": {
        "best_latency": 969,
        "worst_latency": 969,
        "average_latency": 969,
        "best_time_latency": "9.690 us",
        "worst_time_latency": "9.690 us",
        "average_time_latency": "9.690 us",
        "min_interval": 970,
        "max_interval": 970,
        "Latency": 969
    },
    "HLS": {
        "LUT": 6539,
        "FF": 1691,
        "DSP": 0,
        "BRAM": 1,
        "URAM": 0,
        "CP": 6.6
    },
    "IMPL": {
        "LUT": 1932,
        "FF": 1676,
        "DSP": 0,
        "BRAM": 1,
        "CP": 5.673,
        "PWR": 0.247
    }
}