{
    "LATENCY": {
        "best_latency": 963,
        "worst_latency": 963,
        "average_latency": 963,
        "best_time_latency": "9.630 us",
        "worst_time_latency": "9.630 us",
        "average_time_latency": "9.630 us",
        "min_interval": 964,
        "max_interval": 964,
        "Latency": 963
    },
    "HLS": {
        "LUT": 8605,
        "FF": 2860,
        "DSP": 0,
        "BRAM": 1,
        "URAM": 0,
        "CP": 7.293
    },
    "IMPL": {
        "LUT": 1999,
        "FF": 2029,
        "DSP": 0,
        "BRAM": 0,
        "CP": 5.23,
        "PWR": 0.248
    }
}