{
    "LATENCY": {
        "best_latency": 982,
        "worst_latency": 982,
        "average_latency": 982,
        "best_time_latency": "9.820 us",
        "worst_time_latency": "9.820 us",
        "average_time_latency": "9.820 us",
        "min_interval": 983,
        "max_interval": 983,
        "Latency": 982
    },
    "HLS": {
        "LUT": 6602,
        "FF": 1943,
        "DSP": 0,
        "BRAM": 1,
        "URAM": 0,
        "CP": 7.293
    },
    "IMPL": {
        "LUT": 1846,
        "FF": 1852,
        "DSP": 0,
        "BRAM": 1,
        "CP": 5.257,
        "PWR": 0.246
    }
}