{
    "LATENCY": {
        "best_latency": 965,
        "worst_latency": 965,
        "average_latency": 965,
        "best_time_latency": "9.650 us",
        "worst_time_latency": "9.650 us",
        "average_time_latency": "9.650 us",
        "min_interval": 966,
        "max_interval": 966,
        "Latency": 965
    },
    "HLS": {
        "LUT": 8517,
        "FF": 2708,
        "DSP": 0,
        "BRAM": 1,
        "URAM": 0,
        "CP": 5.482
    },
    "IMPL": {
        "LUT": 2013,
        "FF": 1955,
        "DSP": 0,
        "BRAM": 0,
        "CP": 5.19,
        "PWR": 0.25
    }
}