{
    "LATENCY": {
        "best_latency": 1851,
        "worst_latency": 2449,
        "average_latency": 2150,
        "best_time_latency": "18.510 us",
        "worst_time_latency": "24.490 us",
        "average_time_latency": "21.500 us",
        "min_interval": 1852,
        "max_interval": 2450,
        "Latency": 2150
    },
    "HLS": {
        "LUT": 3703,
        "FF": 855,
        "DSP": 0,
        "BRAM": 1,
        "URAM": 0,
        "CP": 4.364
    },
    "IMPL": {
        "LUT": 996,
        "FF": 747,
        "DSP": 0,
        "BRAM": 1,
        "CP": 3.937,
        "PWR": 0.252
    }
}