{
    "LATENCY": {
        "best_latency": 982,
        "worst_latency": 982,
        "average_latency": 982,
        "best_time_latency": "9.820 us",
        "worst_time_latency": "9.820 us",
        "average_time_latency": "9.820 us",
        "min_interval": 983,
        "max_interval": 983,
        "Latency": 982
    },
    "HLS": {
        "LUT": 6227,
        "FF": 1722,
        "DSP": 0,
        "BRAM": 1,
        "URAM": 0,
        "CP": 5.482
    },
    "IMPL": {
        "LUT": 1824,
        "FF": 1693,
        "DSP": 0,
        "BRAM": 1,
        "CP": 5.519,
        "PWR": 0.242
    }
}