{
    "LATENCY": {
        "best_latency": 963,
        "worst_latency": 963,
        "average_latency": 963,
        "best_time_latency": "9.630 us",
        "worst_time_latency": "9.630 us",
        "average_time_latency": "9.630 us",
        "min_interval": 964,
        "max_interval": 964,
        "Latency": 963
    },
    "HLS": {
        "LUT": 8857,
        "FF": 3009,
        "DSP": 0,
        "BRAM": 1,
        "URAM": 0,
        "CP": 7.293
    },
    "IMPL": {
        "LUT": 1996,
        "FF": 2230,
        "DSP": 0,
        "BRAM": 1,
        "CP": 4.856,
        "PWR": 0.249
    }
}