{
    "LATENCY": {
        "best_latency": 1799,
        "worst_latency": 2397,
        "average_latency": 2098,
        "best_time_latency": "17.990 us",
        "worst_time_latency": "23.970 us",
        "average_time_latency": "20.980 us",
        "min_interval": 1800,
        "max_interval": 2398,
        "Latency": 2098
    },
    "HLS": {
        "LUT": 4605,
        "FF": 988,
        "DSP": 0,
        "BRAM": 1,
        "URAM": 0,
        "CP": 7.293
    },
    "IMPL": {
        "LUT": 1077,
        "FF": 911,
        "DSP": 0,
        "BRAM": 1,
        "CP": 4.219,
        "PWR": 0.251
    }
}