{
    "LATENCY": {
        "best_latency": 965,
        "worst_latency": 965,
        "average_latency": 965,
        "best_time_latency": "9.650 us",
        "worst_time_latency": "9.650 us",
        "average_time_latency": "9.650 us",
        "min_interval": 966,
        "max_interval": 966,
        "Latency": 965
    },
    "HLS": {
        "LUT": 9439,
        "FF": 2876,
        "DSP": 0,
        "BRAM": 1,
        "URAM": 0,
        "CP": 4.334
    },
    "IMPL": {
        "LUT": 2150,
        "FF": 2124,
        "DSP": 0,
        "BRAM": 0,
        "CP": 4.551,
        "PWR": 0.248
    }
}