{
    "Option": {
        "INLINE": {
            "-on": [],
            "-off": [],
            "-recursive": []
        },
        "BALANCE": {
            "-on": [],
            "-off": []
        },
        "FLATTEN": {
            "-on": [],
            "-off": []
        },
        "PIPELINE": {
            "-style": []
        },
        "UNROLL": {
            "-factor": []
        },
        "PARTITION": {
            "-factor": [],
            "-type": []
        },
        "RESHAPE": {
            "-factor": [],
            "-type": []
        },
        "STORAGE": {
            "-type": [],
            "-impl": [],
            "-latency": []
        }
    },
    "Function": {},
    "Loop": {
        "group1": {
            "level": [
                "md_kernel/loop_i",
                "md_kernel/loop_j"
            ],
            "unroll": [
                "md_kernel/loop_i",
                "md_kernel/loop_j"
            ],
            "pipeline": [
                "md_kernel/loop_i",
                "md_kernel/loop_j"
            ],
            "flatten": [
                null
            ],
            "md_kernel/loop_i": {
                "UNROLL": {
                    "-factor": 0
                },
                "PIPELINE": {
                    "-style": "stp",
                    "-state": "-on"
                }
            },
            "md_kernel/loop_j": {}
        }
    },
    "Array": {},
    "Interface": {
        "md_kernel force_x": {
            "PARTITION": {
                "-factor": 0,
                "-type": "cyclic"
            },
            "RESHAPE": {
                "-factor": 0,
                "-type": "block"
            }
        },
        "md_kernel force_y": {
            "PARTITION": {
                "-factor": 0,
                "-type": "block"
            },
            "RESHAPE": {
                "-factor": 2,
                "-type": "cyclic"
            }
        },
        "md_kernel force_z": {
            "PARTITION": {
                "-factor": 0,
                "-type": "block"
            },
            "RESHAPE": {
                "-factor": 0,
                "-type": "cyclic"
            }
        },
        "md_kernel position_x": {
            "PARTITION": {
                "-factor": 0,
                "-type": "cyclic"
            },
            "RESHAPE": {
                "-factor": 2,
                "-type": "cyclic"
            }
        },
        "md_kernel position_y": {
            "PARTITION": {
                "-factor": 2,
                "-type": "cyclic"
            },
            "RESHAPE": {
                "-factor": 2,
                "-type": "block"
            }
        },
        "md_kernel position_z": {
            "PARTITION": {
                "-factor": 0,
                "-type": "cyclic"
            },
            "RESHAPE": {
                "-factor": 0,
                "-type": "block"
            }
        },
        "md_kernel NL": {
            "PARTITION": {
                "-factor": 2,
                "-type": "block"
            },
            "RESHAPE": {
                "-factor": 0,
                "-type": "cyclic"
            }
        }
    },
    "Operation": {
        "md_kernel/loop_j delx": {
            "dsub": {
                "-impl": "fabric",
                "-latency": -1
            }
        },
        "md_kernel/loop_j dely": {
            "dsub": {
                "-impl": "fabric",
                "-latency": -1
            }
        },
        "md_kernel/loop_j delz": {
            "dsub": {
                "-impl": "fulldsp",
                "-latency": -1
            }
        },
        "md_kernel/loop_j r2inv": {
            "dmul": {
                "-impl": "fulldsp",
                "-latency": -1
            }
        },
        "md_kernel/loop_j r6inv": {
            "dmul": {
                "-impl": "fulldsp",
                "-latency": -1
            }
        },
        "md_kernel/loop_j potential": {
            "dmul": {
                "-impl": "fulldsp",
                "-latency": -1
            }
        },
        "md_kernel/loop_j fx": {
            "dmul": {
                "-impl": "fabric",
                "-latency": -1
            }
        },
        "md_kernel/loop_j fy": {
            "dmul": {
                "-impl": "fabric",
                "-latency": -1
            }
        },
        "md_kernel/loop_j fz": {
            "dmul": {
                "-impl": "fabric",
                "-latency": -1
            }
        }
    }
}