{
    "LATENCY": {
        "best_latency": 39937,
        "worst_latency": 39937,
        "average_latency": 39937,
        "best_time_latency": "0.399 ms",
        "worst_time_latency": "0.399 ms",
        "average_time_latency": "0.399 ms",
        "min_interval": 39938,
        "max_interval": 39938,
        "Latency": 39937
    },
    "HLS": {
        "LUT": 16053,
        "FF": 5642,
        "DSP": 47,
        "BRAM": 0,
        "URAM": 0,
        "CP": 7.148
    },
    "IMPL": {
        "LUT": 10124,
        "FF": 7202,
        "DSP": 47,
        "BRAM": 0,
        "CP": 8.632,
        "PWR": 0.426
    }
}