{
    "LATENCY": {
        "best_latency": 43777,
        "worst_latency": 43777,
        "average_latency": 43777,
        "best_time_latency": "0.438 ms",
        "worst_time_latency": "0.438 ms",
        "average_time_latency": "0.438 ms",
        "min_interval": 43778,
        "max_interval": 43778,
        "Latency": 43777
    },
    "HLS": {
        "LUT": 16889,
        "FF": 7732,
        "DSP": 37,
        "BRAM": 0,
        "URAM": 0,
        "CP": 7.148
    },
    "IMPL": {
        "LUT": 11298,
        "FF": 9384,
        "DSP": 37,
        "BRAM": 0,
        "CP": 8.676,
        "PWR": 0.398
    }
}