{
    "LATENCY": {
        "best_latency": 2318,
        "worst_latency": 2318,
        "average_latency": 2318,
        "best_time_latency": "23.180 us",
        "worst_time_latency": "23.180 us",
        "average_time_latency": "23.180 us",
        "min_interval": 2319,
        "max_interval": 2319,
        "Latency": 2318
    },
    "HLS": {
        "LUT": 90231,
        "FF": 66186,
        "DSP": 144,
        "BRAM": 0,
        "URAM": 0,
        "CP": 7.654
    },
    "IMPL": {
        "LUT": 86194,
        "FF": 68670,
        "DSP": 144,
        "BRAM": 0,
        "CP": 9.507,
        "PWR": 1.086
    }
}