{
    "LATENCY": {
        "best_latency": 178817,
        "worst_latency": 178817,
        "average_latency": 178817,
        "best_time_latency": "1.788 ms",
        "worst_time_latency": "1.788 ms",
        "average_time_latency": "1.788 ms",
        "min_interval": 178818,
        "max_interval": 178818,
        "Latency": 178817
    },
    "HLS": {
        "LUT": 19675,
        "FF": 7612,
        "DSP": 50,
        "BRAM": 0,
        "URAM": 0,
        "CP": 7.148
    },
    "IMPL": {
        "LUT": 17829,
        "FF": 8899,
        "DSP": 50,
        "BRAM": 0,
        "CP": 8.793,
        "PWR": 0.801
    }
}