{
    "LATENCY": {
        "best_latency": 2316,
        "worst_latency": 2316,
        "average_latency": 2316,
        "best_time_latency": "23.160 us",
        "worst_time_latency": "23.160 us",
        "average_time_latency": "23.160 us",
        "min_interval": 2317,
        "max_interval": 2317,
        "Latency": 2316
    },
    "HLS": {
        "LUT": 97446,
        "FF": 65884,
        "DSP": 104,
        "BRAM": 0,
        "URAM": 0,
        "CP": 7.654
    },
    "IMPL": {
        "LUT": 94391,
        "FF": 68270,
        "DSP": 104,
        "BRAM": 0,
        "CP": 9.684,
        "PWR": 0.974
    }
}