{
    "LATENCY": {
        "best_latency": 39169,
        "worst_latency": 39169,
        "average_latency": 39169,
        "best_time_latency": "0.392 ms",
        "worst_time_latency": "0.392 ms",
        "average_time_latency": "0.392 ms",
        "min_interval": 39170,
        "max_interval": 39170,
        "Latency": 39169
    },
    "HLS": {
        "LUT": 9586,
        "FF": 5197,
        "DSP": 37,
        "BRAM": 0,
        "URAM": 0,
        "CP": 7.148
    },
    "IMPL": {
        "LUT": 9437,
        "FF": 6999,
        "DSP": 37,
        "BRAM": 0,
        "CP": 8.792,
        "PWR": 0.427
    }
}