{
    "LATENCY": {
        "best_latency": 45057,
        "worst_latency": 45057,
        "average_latency": 45057,
        "best_time_latency": "0.451 ms",
        "worst_time_latency": "0.451 ms",
        "average_time_latency": "0.451 ms",
        "min_interval": 45058,
        "max_interval": 45058,
        "Latency": 45057
    },
    "HLS": {
        "LUT": 17680,
        "FF": 7813,
        "DSP": 40,
        "BRAM": 0,
        "URAM": 0,
        "CP": 7.148
    },
    "IMPL": {
        "LUT": 12809,
        "FF": 9423,
        "DSP": 40,
        "BRAM": 0,
        "CP": 8.692,
        "PWR": 0.385
    }
}