{
    "LATENCY": {
        "best_latency": 39937,
        "worst_latency": 39937,
        "average_latency": 39937,
        "best_time_latency": "0.399 ms",
        "worst_time_latency": "0.399 ms",
        "average_time_latency": "0.399 ms",
        "min_interval": 39938,
        "max_interval": 39938,
        "Latency": 39937
    },
    "HLS": {
        "LUT": 16847,
        "FF": 5445,
        "DSP": 37,
        "BRAM": 0,
        "URAM": 0,
        "CP": 7.148
    },
    "IMPL": {
        "LUT": 10037,
        "FF": 7064,
        "DSP": 37,
        "BRAM": 0,
        "CP": 9.0,
        "PWR": 0.422
    }
}