{
    "LATENCY": {
        "best_latency": 2456,
        "worst_latency": 2456,
        "average_latency": 2456,
        "best_time_latency": "24.560 us",
        "worst_time_latency": "24.560 us",
        "average_time_latency": "24.560 us",
        "min_interval": 2457,
        "max_interval": 2457,
        "Latency": 2456
    },
    "HLS": {
        "LUT": 62711,
        "FF": 46104,
        "DSP": 191,
        "BRAM": 0,
        "URAM": 0,
        "CP": 7.697
    },
    "IMPL": {
        "LUT": 53804,
        "FF": 48938,
        "DSP": 191,
        "BRAM": 0,
        "CP": 9.577,
        "PWR": 1.285
    }
}