{
    "LATENCY": {
        "best_latency": 43777,
        "worst_latency": 43777,
        "average_latency": 43777,
        "best_time_latency": "0.438 ms",
        "worst_time_latency": "0.438 ms",
        "average_time_latency": "0.438 ms",
        "min_interval": 43778,
        "max_interval": 43778,
        "Latency": 43777
    },
    "HLS": {
        "LUT": 16687,
        "FF": 7515,
        "DSP": 27,
        "BRAM": 0,
        "URAM": 0,
        "CP": 7.148
    },
    "IMPL": {
        "LUT": 11009,
        "FF": 9287,
        "DSP": 27,
        "BRAM": 0,
        "CP": 8.798,
        "PWR": 0.416
    }
}