{
    "LATENCY": {
        "best_latency": 178817,
        "worst_latency": 178817,
        "average_latency": 178817,
        "best_time_latency": "1.788 ms",
        "worst_time_latency": "1.788 ms",
        "average_time_latency": "1.788 ms",
        "min_interval": 178818,
        "max_interval": 178818,
        "Latency": 178817
    },
    "HLS": {
        "LUT": 19701,
        "FF": 7541,
        "DSP": 50,
        "BRAM": 0,
        "URAM": 0,
        "CP": 7.148
    },
    "IMPL": {
        "LUT": 18800,
        "FF": 8828,
        "DSP": 50,
        "BRAM": 0,
        "CP": 8.7,
        "PWR": 0.808
    }
}