{
    "LATENCY": {
        "best_latency": 42881,
        "worst_latency": 42881,
        "average_latency": 42881,
        "best_time_latency": "0.429 ms",
        "worst_time_latency": "0.429 ms",
        "average_time_latency": "0.429 ms",
        "min_interval": 42882,
        "max_interval": 42882,
        "Latency": 42881
    },
    "HLS": {
        "LUT": 20857,
        "FF": 12174,
        "DSP": 40,
        "BRAM": 0,
        "URAM": 0,
        "CP": 7.148
    },
    "IMPL": {
        "LUT": 16381,
        "FF": 13787,
        "DSP": 40,
        "BRAM": 0,
        "CP": 8.886,
        "PWR": 0.428
    }
}