{
    "LATENCY": {
        "best_latency": 20567,
        "worst_latency": 20567,
        "average_latency": 20567,
        "best_time_latency": "0.206 ms",
        "worst_time_latency": "0.206 ms",
        "average_time_latency": "0.206 ms",
        "min_interval": 20568,
        "max_interval": 20568,
        "Latency": 20567
    },
    "HLS": {
        "LUT": 15554,
        "FF": 5944,
        "DSP": 37,
        "BRAM": 0,
        "URAM": 0,
        "CP": 7.148
    },
    "IMPL": {
        "LUT": 8710,
        "FF": 7447,
        "DSP": 37,
        "BRAM": 0,
        "CP": 8.46,
        "PWR": 0.588
    }
}