{
    "LATENCY": {
        "best_latency": 345345,
        "worst_latency": 345345,
        "average_latency": 345345,
        "best_time_latency": "3.453 ms",
        "worst_time_latency": "3.453 ms",
        "average_time_latency": "3.453 ms",
        "min_interval": 345346,
        "max_interval": 345346,
        "Latency": 345345
    },
    "HLS": {
        "LUT": 14856,
        "FF": 5128,
        "DSP": 50,
        "BRAM": 0,
        "URAM": 0,
        "CP": 7.148
    },
    "IMPL": {
        "LUT": 11737,
        "FF": 6687,
        "DSP": 50,
        "BRAM": 0,
        "CP": 8.612,
        "PWR": 0.625
    }
}