{
    "LATENCY": {
        "best_latency": 170753,
        "worst_latency": 170753,
        "average_latency": 170753,
        "best_time_latency": "1.708 ms",
        "worst_time_latency": "1.708 ms",
        "average_time_latency": "1.708 ms",
        "min_interval": 170754,
        "max_interval": 170754,
        "Latency": 170753
    },
    "HLS": {
        "LUT": 30967,
        "FF": 9255,
        "DSP": 31,
        "BRAM": 0,
        "URAM": 0,
        "CP": 7.148
    },
    "IMPL": {
        "LUT": 27573,
        "FF": 12293,
        "DSP": 31,
        "BRAM": 0,
        "CP": 8.769,
        "PWR": 1.133
    }
}