{
    "LATENCY": {
        "best_latency": 39681,
        "worst_latency": 39681,
        "average_latency": 39681,
        "best_time_latency": "0.397 ms",
        "worst_time_latency": "0.397 ms",
        "average_time_latency": "0.397 ms",
        "min_interval": 39682,
        "max_interval": 39682,
        "Latency": 39681
    },
    "HLS": {
        "LUT": 15145,
        "FF": 5509,
        "DSP": 37,
        "BRAM": 0,
        "URAM": 0,
        "CP": 7.148
    },
    "IMPL": {
        "LUT": 11835,
        "FF": 7061,
        "DSP": 37,
        "BRAM": 0,
        "CP": 8.838,
        "PWR": 0.524
    }
}