{
    "LATENCY": {
        "best_latency": 336897,
        "worst_latency": 336897,
        "average_latency": 336897,
        "best_time_latency": "3.369 ms",
        "worst_time_latency": "3.369 ms",
        "average_time_latency": "3.369 ms",
        "min_interval": 336898,
        "max_interval": 336898,
        "Latency": 336897
    },
    "HLS": {
        "LUT": 19254,
        "FF": 5412,
        "DSP": 40,
        "BRAM": 0,
        "URAM": 0,
        "CP": 7.148
    },
    "IMPL": {
        "LUT": 15226,
        "FF": 6927,
        "DSP": 40,
        "BRAM": 0,
        "CP": 8.786,
        "PWR": 0.776
    }
}