{
    "LATENCY": {
        "best_latency": 185601,
        "worst_latency": 185601,
        "average_latency": 185601,
        "best_time_latency": "1.856 ms",
        "worst_time_latency": "1.856 ms",
        "average_time_latency": "1.856 ms",
        "min_interval": 185602,
        "max_interval": 185602,
        "Latency": 185601
    },
    "HLS": {
        "LUT": 17579,
        "FF": 5428,
        "DSP": 37,
        "BRAM": 0,
        "URAM": 0,
        "CP": 7.148
    },
    "IMPL": {
        "LUT": 10898,
        "FF": 6790,
        "DSP": 37,
        "BRAM": 0,
        "CP": 8.734,
        "PWR": 0.633
    }
}