{
    "LATENCY": {
        "best_latency": 38529,
        "worst_latency": 38529,
        "average_latency": 38529,
        "best_time_latency": "0.385 ms",
        "worst_time_latency": "0.385 ms",
        "average_time_latency": "0.385 ms",
        "min_interval": 38530,
        "max_interval": 38530,
        "Latency": 38529
    },
    "HLS": {
        "LUT": 13099,
        "FF": 8208,
        "DSP": 37,
        "BRAM": 0,
        "URAM": 0,
        "CP": 7.148
    },
    "IMPL": {
        "LUT": 12769,
        "FF": 9833,
        "DSP": 37,
        "BRAM": 0,
        "CP": 8.983,
        "PWR": 0.409
    }
}