{
    "LATENCY": {
        "best_latency": 39937,
        "worst_latency": 39937,
        "average_latency": 39937,
        "best_time_latency": "0.399 ms",
        "worst_time_latency": "0.399 ms",
        "average_time_latency": "0.399 ms",
        "min_interval": 39938,
        "max_interval": 39938,
        "Latency": 39937
    },
    "HLS": {
        "LUT": 18516,
        "FF": 5644,
        "DSP": 27,
        "BRAM": 0,
        "URAM": 0,
        "CP": 7.148
    },
    "IMPL": {
        "LUT": 12602,
        "FF": 7292,
        "DSP": 27,
        "BRAM": 0,
        "CP": 8.844,
        "PWR": 0.533
    }
}