{
    "LATENCY": {
        "best_latency": 39681,
        "worst_latency": 39681,
        "average_latency": 39681,
        "best_time_latency": "0.397 ms",
        "worst_time_latency": "0.397 ms",
        "average_time_latency": "0.397 ms",
        "min_interval": 39682,
        "max_interval": 39682,
        "Latency": 39681
    },
    "HLS": {
        "LUT": 12477,
        "FF": 5160,
        "DSP": 37,
        "BRAM": 0,
        "URAM": 0,
        "CP": 7.148
    },
    "IMPL": {
        "LUT": 9455,
        "FF": 6954,
        "DSP": 37,
        "BRAM": 0,
        "CP": 8.727,
        "PWR": 0.421
    }
}