{
    "LATENCY": {
        "best_latency": 43521,
        "worst_latency": 43521,
        "average_latency": 43521,
        "best_time_latency": "0.435 ms",
        "worst_time_latency": "0.435 ms",
        "average_time_latency": "0.435 ms",
        "min_interval": 43522,
        "max_interval": 43522,
        "Latency": 43521
    },
    "HLS": {
        "LUT": 16443,
        "FF": 7937,
        "DSP": 40,
        "BRAM": 0,
        "URAM": 0,
        "CP": 7.148
    },
    "IMPL": {
        "LUT": 12182,
        "FF": 9537,
        "DSP": 40,
        "BRAM": 0,
        "CP": 8.588,
        "PWR": 0.404
    }
}