{
    "LATENCY": {
        "Latency": 1000
    },
    "HLS": {
        "LUT": 2165,
        "FF": 542,
        "DSP": 3,
        "BRAM": 0,
        "URAM": 0,
        "CP": 7.043
    },
    "SYN": {
        "LUT": 782,
        "FF": 491,
        "DSP": 3,
        "BRAM": 0,
        "URAM": 0,
        "SRL": 0,
        "CP": 3.749
    },
    "IMPL": {
        "LUT": 771,
        "FF": 491,
        "DSP": 3,
        "BRAM": 0,
        "URAM": 0,
        "SRL": 0,
        "CP": 4.869,
        "PWR": 0.252
    }
}