{
    "LATENCY": {
        "Latency": 1000
    },
    "HLS": {
        "LUT": 1648,
        "FF": 589,
        "DSP": 1,
        "BRAM": 0,
        "URAM": 0,
        "CP": 7.043
    },
    "SYN": {
        "LUT": 658,
        "FF": 509,
        "DSP": 1,
        "BRAM": 0,
        "URAM": 0,
        "SRL": 0,
        "CP": 2.823
    },
    "IMPL": {
        "LUT": 654,
        "FF": 509,
        "DSP": 1,
        "BRAM": 0,
        "URAM": 0,
        "SRL": 0,
        "CP": 3.905,
        "PWR": 0.25
    }
}