{
    "LATENCY": {
        "Latency": 1000
    },
    "HLS": {
        "LUT": 1918,
        "FF": 673,
        "DSP": 3,
        "BRAM": 0,
        "URAM": 0,
        "CP": 7.043
    },
    "SYN": {
        "LUT": 733,
        "FF": 600,
        "DSP": 3,
        "BRAM": 0,
        "URAM": 0,
        "SRL": 0,
        "CP": 3.043
    },
    "IMPL": {
        "LUT": 713,
        "FF": 600,
        "DSP": 3,
        "BRAM": 0,
        "URAM": 0,
        "SRL": 0,
        "CP": 3.591,
        "PWR": 0.255
    }
}