{
    "LATENCY": {
        "Latency": 1000
    },
    "HLS": {
        "LUT": 5802,
        "FF": 4761,
        "DSP": 8,
        "BRAM": 0,
        "URAM": 0,
        "CP": 7.259
    },
    "SYN": {
        "LUT": 1840,
        "FF": 1344,
        "DSP": 10,
        "BRAM": 0,
        "URAM": 0,
        "SRL": 65,
        "CP": 6.785
    },
    "IMPL": {
        "LUT": 1817,
        "FF": 1344,
        "DSP": 10,
        "BRAM": 0,
        "URAM": 0,
        "SRL": 53,
        "CP": 6.969,
        "PWR": 0.267
    }
}