{
    "LATENCY": {
        "Latency": 1000
    },
    "HLS": {
        "LUT": 2759,
        "FF": 611,
        "DSP": 4,
        "BRAM": 0,
        "URAM": 0,
        "CP": 6.526
    },
    "SYN": {
        "LUT": 1100,
        "FF": 570,
        "DSP": 4,
        "BRAM": 0,
        "URAM": 0,
        "SRL": 0,
        "CP": 4.04
    },
    "IMPL": {
        "LUT": 1091,
        "FF": 570,
        "DSP": 4,
        "BRAM": 0,
        "URAM": 0,
        "SRL": 0,
        "CP": 5.249,
        "PWR": 0.256
    }
}