{
    "LATENCY": {
        "Latency": 1000
    },
    "HLS": {
        "LUT": 1989,
        "FF": 649,
        "DSP": 2,
        "BRAM": 0,
        "URAM": 0,
        "CP": 7.043
    },
    "SYN": {
        "LUT": 808,
        "FF": 576,
        "DSP": 2,
        "BRAM": 0,
        "URAM": 0,
        "SRL": 0,
        "CP": 2.78
    },
    "IMPL": {
        "LUT": 787,
        "FF": 576,
        "DSP": 2,
        "BRAM": 0,
        "URAM": 0,
        "SRL": 0,
        "CP": 4.174,
        "PWR": 0.253
    }
}