{
    "LATENCY": {
        "Latency": 1000
    },
    "HLS": {
        "LUT": 10838,
        "FF": 7254,
        "DSP": 15,
        "BRAM": 0,
        "URAM": 0,
        "CP": 7.087
    },
    "SYN": {
        "LUT": 1990,
        "FF": 1875,
        "DSP": 16,
        "BRAM": 0,
        "URAM": 0,
        "SRL": 286,
        "CP": 5.818
    },
    "IMPL": {
        "LUT": 1876,
        "FF": 1875,
        "DSP": 16,
        "BRAM": 0,
        "URAM": 0,
        "SRL": 185,
        "CP": 6.17,
        "PWR": 0.276
    }
}