{
    "LATENCY": {
        "Latency": 1000
    },
    "HLS": {
        "LUT": 20847,
        "FF": 20834,
        "DSP": 26,
        "BRAM": 0,
        "URAM": 0,
        "CP": 7.14
    },
    "SYN": {
        "LUT": 7749,
        "FF": 5735,
        "DSP": 42,
        "BRAM": 0,
        "URAM": 0,
        "SRL": 357,
        "CP": 7.233
    },
    "IMPL": {
        "LUT": 7661,
        "FF": 5735,
        "DSP": 42,
        "BRAM": 0,
        "URAM": 0,
        "SRL": 344,
        "CP": 7.746,
        "PWR": 0.474
    }
}