{
    "LATENCY": {
        "Latency": 1000
    },
    "HLS": {
        "LUT": 2292,
        "FF": 836,
        "DSP": 5,
        "BRAM": 0,
        "URAM": 0,
        "CP": 7.011
    },
    "SYN": {
        "LUT": 1072,
        "FF": 650,
        "DSP": 5,
        "BRAM": 0,
        "URAM": 0,
        "SRL": 0,
        "CP": 3.707
    },
    "IMPL": {
        "LUT": 1051,
        "FF": 650,
        "DSP": 5,
        "BRAM": 0,
        "URAM": 0,
        "SRL": 0,
        "CP": 4.788,
        "PWR": 0.253
    }
}