{
    "LATENCY": {
        "Latency": 1000
    },
    "HLS": {
        "LUT": 20808,
        "FF": 22716,
        "DSP": 22,
        "BRAM": 0,
        "URAM": 0,
        "CP": 7.139
    },
    "SYN": {
        "LUT": 7747,
        "FF": 5695,
        "DSP": 37,
        "BRAM": 0,
        "URAM": 0,
        "SRL": 451,
        "CP": 7.233
    },
    "IMPL": {
        "LUT": 7658,
        "FF": 5695,
        "DSP": 37,
        "BRAM": 0,
        "URAM": 0,
        "SRL": 406,
        "CP": 7.731,
        "PWR": 0.485
    }
}