{
    "LATENCY": {
        "Latency": 1000
    },
    "HLS": {
        "LUT": 2582,
        "FF": 714,
        "DSP": 3,
        "BRAM": 0,
        "URAM": 0,
        "CP": 7.043
    },
    "SYN": {
        "LUT": 869,
        "FF": 619,
        "DSP": 3,
        "BRAM": 0,
        "URAM": 0,
        "SRL": 0,
        "CP": 3.036
    },
    "IMPL": {
        "LUT": 861,
        "FF": 619,
        "DSP": 3,
        "BRAM": 0,
        "URAM": 0,
        "SRL": 0,
        "CP": 3.859,
        "PWR": 0.256
    }
}