{
    "LATENCY": {
        "Latency": 1000
    },
    "HLS": {
        "LUT": 1586,
        "FF": 589,
        "DSP": 2,
        "BRAM": 0,
        "URAM": 0,
        "CP": 7.108
    },
    "SYN": {
        "LUT": 662,
        "FF": 462,
        "DSP": 2,
        "BRAM": 0,
        "URAM": 0,
        "SRL": 0,
        "CP": 4.33
    },
    "IMPL": {
        "LUT": 657,
        "FF": 462,
        "DSP": 2,
        "BRAM": 0,
        "URAM": 0,
        "SRL": 0,
        "CP": 5.68,
        "PWR": 0.249
    }
}