{
    "LATENCY": {
        "Latency": 1000
    },
    "HLS": {
        "LUT": 15133,
        "FF": 9724,
        "DSP": 32,
        "BRAM": 0,
        "URAM": 0,
        "CP": 7.139
    },
    "SYN": {
        "LUT": 3692,
        "FF": 3452,
        "DSP": 50,
        "BRAM": 0,
        "URAM": 0,
        "SRL": 76,
        "CP": 7.223
    },
    "IMPL": {
        "LUT": 3618,
        "FF": 3452,
        "DSP": 50,
        "BRAM": 0,
        "URAM": 0,
        "SRL": 68,
        "CP": 7.531,
        "PWR": 0.348
    }
}