{
    "LATENCY": {
        "Latency": 1000
    },
    "HLS": {
        "LUT": 1952,
        "FF": 675,
        "DSP": 3,
        "BRAM": 0,
        "URAM": 0,
        "CP": 7.043
    },
    "SYN": {
        "LUT": 769,
        "FF": 602,
        "DSP": 3,
        "BRAM": 0,
        "URAM": 0,
        "SRL": 0,
        "CP": 3.243
    },
    "IMPL": {
        "LUT": 748,
        "FF": 602,
        "DSP": 3,
        "BRAM": 0,
        "URAM": 0,
        "SRL": 0,
        "CP": 4.05,
        "PWR": 0.254
    }
}