{
    "LATENCY": {
        "Latency": 1000
    },
    "HLS": {
        "LUT": 2687,
        "FF": 649,
        "DSP": 4,
        "BRAM": 0,
        "URAM": 0,
        "CP": 7.043
    },
    "SYN": {
        "LUT": 990,
        "FF": 593,
        "DSP": 4,
        "BRAM": 0,
        "URAM": 0,
        "SRL": 0,
        "CP": 4.03
    },
    "IMPL": {
        "LUT": 978,
        "FF": 593,
        "DSP": 4,
        "BRAM": 0,
        "URAM": 0,
        "SRL": 0,
        "CP": 4.638,
        "PWR": 0.258
    }
}