{
    "LATENCY": {
        "Latency": 1000
    },
    "HLS": {
        "LUT": 6095,
        "FF": 797,
        "DSP": 2,
        "BRAM": 0,
        "URAM": 0,
        "CP": 6.978
    },
    "SYN": {
        "LUT": 944,
        "FF": 636,
        "DSP": 2,
        "BRAM": 0,
        "URAM": 0,
        "SRL": 0,
        "CP": 4.707
    },
    "IMPL": {
        "LUT": 936,
        "FF": 636,
        "DSP": 2,
        "BRAM": 0,
        "URAM": 0,
        "SRL": 0,
        "CP": 6.296,
        "PWR": 0.259
    }
}