{
    "LATENCY": {
        "Latency": 1000
    },
    "HLS": {
        "LUT": 2402,
        "FF": 689,
        "DSP": 3,
        "BRAM": 0,
        "URAM": 0,
        "CP": 7.043
    },
    "SYN": {
        "LUT": 757,
        "FF": 551,
        "DSP": 3,
        "BRAM": 0,
        "URAM": 0,
        "SRL": 0,
        "CP": 3.108
    },
    "IMPL": {
        "LUT": 750,
        "FF": 551,
        "DSP": 3,
        "BRAM": 0,
        "URAM": 0,
        "SRL": 0,
        "CP": 3.789,
        "PWR": 0.254
    }
}