{
    "LATENCY": {
        "Latency": 1000
    },
    "HLS": {
        "LUT": 6347,
        "FF": 1980,
        "DSP": 11,
        "BRAM": 0,
        "URAM": 0,
        "CP": 7.199
    },
    "SYN": {
        "LUT": 1678,
        "FF": 1201,
        "DSP": 11,
        "BRAM": 0,
        "URAM": 0,
        "SRL": 5,
        "CP": 4.18
    },
    "IMPL": {
        "LUT": 1652,
        "FF": 1201,
        "DSP": 11,
        "BRAM": 0,
        "URAM": 0,
        "SRL": 5,
        "CP": 5.052,
        "PWR": 0.267
    }
}