{
    "LATENCY": {
        "Latency": 1000
    },
    "HLS": {
        "LUT": 2109,
        "FF": 775,
        "DSP": 7,
        "BRAM": 0,
        "URAM": 0,
        "CP": 7.011
    },
    "SYN": {
        "LUT": 917,
        "FF": 578,
        "DSP": 7,
        "BRAM": 0,
        "URAM": 0,
        "SRL": 0,
        "CP": 5.193
    },
    "IMPL": {
        "LUT": 912,
        "FF": 578,
        "DSP": 7,
        "BRAM": 0,
        "URAM": 0,
        "SRL": 0,
        "CP": 6.351,
        "PWR": 0.253
    }
}