{
    "LATENCY": {
        "Latency": 1000
    },
    "HLS": {
        "LUT": 14597,
        "FF": 6142,
        "DSP": 14,
        "BRAM": 0,
        "URAM": 0,
        "CP": 7.017
    },
    "SYN": {
        "LUT": 2868,
        "FF": 2577,
        "DSP": 15,
        "BRAM": 0,
        "URAM": 0,
        "SRL": 64,
        "CP": 5.948
    },
    "IMPL": {
        "LUT": 2820,
        "FF": 2577,
        "DSP": 15,
        "BRAM": 0,
        "URAM": 0,
        "SRL": 50,
        "CP": 6.118,
        "PWR": 0.3
    }
}