{
    "LATENCY": {
        "Latency": 1000
    },
    "HLS": {
        "LUT": 4612,
        "FF": 943,
        "DSP": 4,
        "BRAM": 0,
        "URAM": 0,
        "CP": 7.199
    },
    "SYN": {
        "LUT": 1142,
        "FF": 711,
        "DSP": 4,
        "BRAM": 0,
        "URAM": 0,
        "SRL": 0,
        "CP": 3.716
    },
    "IMPL": {
        "LUT": 1070,
        "FF": 711,
        "DSP": 4,
        "BRAM": 0,
        "URAM": 0,
        "SRL": 0,
        "CP": 4.606,
        "PWR": 0.261
    }
}