{
    "LATENCY": {
        "Latency": 1000
    },
    "HLS": {
        "LUT": 1576,
        "FF": 590,
        "DSP": 2,
        "BRAM": 0,
        "URAM": 0,
        "CP": 7.108
    },
    "SYN": {
        "LUT": 694,
        "FF": 510,
        "DSP": 2,
        "BRAM": 0,
        "URAM": 0,
        "SRL": 0,
        "CP": 3.339
    },
    "IMPL": {
        "LUT": 688,
        "FF": 510,
        "DSP": 2,
        "BRAM": 0,
        "URAM": 0,
        "SRL": 0,
        "CP": 4.076,
        "PWR": 0.25
    }
}