{
    "LATENCY": {
        "Latency": 1000
    },
    "HLS": {
        "LUT": 7903,
        "FF": 4311,
        "DSP": 13,
        "BRAM": 0,
        "URAM": 0,
        "CP": 7.199
    },
    "SYN": {
        "LUT": 1973,
        "FF": 1343,
        "DSP": 13,
        "BRAM": 0,
        "URAM": 0,
        "SRL": 70,
        "CP": 3.796
    },
    "IMPL": {
        "LUT": 1883,
        "FF": 1343,
        "DSP": 13,
        "BRAM": 0,
        "URAM": 0,
        "SRL": 54,
        "CP": 4.813,
        "PWR": 0.271
    }
}