{
    "LATENCY": {
        "Latency": 1000
    },
    "HLS": {
        "LUT": 1879,
        "FF": 777,
        "DSP": 1,
        "BRAM": 0,
        "URAM": 0,
        "CP": 7.011
    },
    "SYN": {
        "LUT": 980,
        "FF": 681,
        "DSP": 1,
        "BRAM": 0,
        "URAM": 0,
        "SRL": 0,
        "CP": 2.842
    },
    "IMPL": {
        "LUT": 969,
        "FF": 681,
        "DSP": 1,
        "BRAM": 0,
        "URAM": 0,
        "SRL": 0,
        "CP": 4.248,
        "PWR": 0.255
    }
}