{
    "LATENCY": {
        "best_latency": 82993,
        "worst_latency": 82993,
        "average_latency": 82993,
        "best_time_latency": "0.830 ms",
        "worst_time_latency": "0.830 ms",
        "average_time_latency": "0.830 ms",
        "min_interval": 82994,
        "max_interval": 82994,
        "Latency": 82993
    },
    "HLS": {
        "LUT": 7995,
        "FF": 2011,
        "DSP": 5,
        "BRAM": 0,
        "URAM": 0,
        "CP": 6.974
    },
    "IMPL": {
        "LUT": 3824,
        "FF": 1666,
        "DSP": 5,
        "BRAM": 0,
        "CP": 7.351,
        "PWR": 0.333
    }
}