{
    "LATENCY": {
        "best_latency": 2558,
        "worst_latency": 2558,
        "average_latency": 2558,
        "best_time_latency": "25.580 us",
        "worst_time_latency": "25.580 us",
        "average_time_latency": "25.580 us",
        "min_interval": 2559,
        "max_interval": 2559,
        "Latency": 2558
    },
    "HLS": {
        "LUT": 13961,
        "FF": 15404,
        "DSP": 66,
        "BRAM": 0,
        "URAM": 0,
        "CP": 7.095
    },
    "IMPL": {
        "LUT": 11609,
        "FF": 10087,
        "DSP": 86,
        "BRAM": 0,
        "CP": 9.21,
        "PWR": 0.39
    }
}