{
    "LATENCY": {
        "best_latency": 2511,
        "worst_latency": 2511,
        "average_latency": 2511,
        "best_time_latency": "25.110 us",
        "worst_time_latency": "25.110 us",
        "average_time_latency": "25.110 us",
        "min_interval": 2512,
        "max_interval": 2512,
        "Latency": 2511
    },
    "HLS": {
        "LUT": 3317,
        "FF": 5722,
        "DSP": 20,
        "BRAM": 0,
        "URAM": 0,
        "CP": 7.01
    },
    "IMPL": {
        "LUT": 3401,
        "FF": 5371,
        "DSP": 20,
        "BRAM": 0,
        "CP": 7.792,
        "PWR": 0.31
    }
}