{
    "LATENCY": {
        "best_latency": 36557,
        "worst_latency": 36557,
        "average_latency": 36557,
        "best_time_latency": "0.366 ms",
        "worst_time_latency": "0.366 ms",
        "average_time_latency": "0.366 ms",
        "min_interval": 36558,
        "max_interval": 36558,
        "Latency": 36557
    },
    "HLS": {
        "LUT": 2034,
        "FF": 2064,
        "DSP": 14,
        "BRAM": 0,
        "URAM": 0,
        "CP": 6.886
    },
    "IMPL": {
        "LUT": 1079,
        "FF": 1203,
        "DSP": 14,
        "BRAM": 0,
        "CP": 6.87,
        "PWR": 0.277
    }
}