{
    "LATENCY": {
        "best_latency": 27171,
        "worst_latency": 27171,
        "average_latency": 27171,
        "best_time_latency": "0.272 ms",
        "worst_time_latency": "0.272 ms",
        "average_time_latency": "0.272 ms",
        "min_interval": 27172,
        "max_interval": 27172,
        "Latency": 27171
    },
    "HLS": {
        "LUT": 1560,
        "FF": 1430,
        "DSP": 13,
        "BRAM": 0,
        "URAM": 0,
        "CP": 6.886
    },
    "IMPL": {
        "LUT": 1041,
        "FF": 1194,
        "DSP": 13,
        "BRAM": 0,
        "CP": 6.647,
        "PWR": 0.277
    }
}