{
    "LATENCY": {
        "best_latency": 26183,
        "worst_latency": 26183,
        "average_latency": 26183,
        "best_time_latency": "0.262 ms",
        "worst_time_latency": "0.262 ms",
        "average_time_latency": "0.262 ms",
        "min_interval": 26184,
        "max_interval": 26184,
        "Latency": 26183
    },
    "HLS": {
        "LUT": 2837,
        "FF": 1473,
        "DSP": 13,
        "BRAM": 0,
        "URAM": 0,
        "CP": 7.223
    },
    "IMPL": {
        "LUT": 1223,
        "FF": 1293,
        "DSP": 13,
        "BRAM": 0,
        "CP": 6.922,
        "PWR": 0.283
    }
}