{
    "LATENCY": {
        "best_latency": 27171,
        "worst_latency": 27171,
        "average_latency": 27171,
        "best_time_latency": "0.272 ms",
        "worst_time_latency": "0.272 ms",
        "average_time_latency": "0.272 ms",
        "min_interval": 27172,
        "max_interval": 27172,
        "Latency": 27171
    },
    "HLS": {
        "LUT": 4239,
        "FF": 1389,
        "DSP": 13,
        "BRAM": 0,
        "URAM": 0,
        "CP": 6.974
    },
    "IMPL": {
        "LUT": 1099,
        "FF": 1378,
        "DSP": 13,
        "BRAM": 0,
        "CP": 7.019,
        "PWR": 0.277
    }
}