{
    "LATENCY": {
        "best_latency": 43473,
        "worst_latency": 43473,
        "average_latency": 43473,
        "best_time_latency": "0.435 ms",
        "worst_time_latency": "0.435 ms",
        "average_time_latency": "0.435 ms",
        "min_interval": 43474,
        "max_interval": 43474,
        "Latency": 43473
    },
    "HLS": {
        "LUT": 5194,
        "FF": 2580,
        "DSP": 15,
        "BRAM": 0,
        "URAM": 0,
        "CP": 6.974
    },
    "IMPL": {
        "LUT": 1232,
        "FF": 1393,
        "DSP": 15,
        "BRAM": 0,
        "CP": 7.142,
        "PWR": 0.295
    }
}