{
    "LATENCY": {
        "best_latency": 2540,
        "worst_latency": 2540,
        "average_latency": 2540,
        "best_time_latency": "25.400 us",
        "worst_time_latency": "25.400 us",
        "average_time_latency": "25.400 us",
        "min_interval": 2541,
        "max_interval": 2541,
        "Latency": 2540
    },
    "HLS": {
        "LUT": 22881,
        "FF": 17045,
        "DSP": 46,
        "BRAM": 0,
        "URAM": 0,
        "CP": 7.01
    },
    "IMPL": {
        "LUT": 6153,
        "FF": 9077,
        "DSP": 46,
        "BRAM": 0,
        "CP": 7.509,
        "PWR": 0.358
    }
}