{
    "LATENCY": {
        "best_latency": 233663,
        "worst_latency": 233663,
        "average_latency": 233663,
        "best_time_latency": "2.337 ms",
        "worst_time_latency": "2.337 ms",
        "average_time_latency": "2.337 ms",
        "min_interval": 233664,
        "max_interval": 233664,
        "Latency": 233663
    },
    "HLS": {
        "LUT": 1829,
        "FF": 1412,
        "DSP": 13,
        "BRAM": 0,
        "URAM": 0,
        "CP": 6.754
    },
    "IMPL": {
        "LUT": 946,
        "FF": 1067,
        "DSP": 15,
        "BRAM": 0,
        "CP": 7.061,
        "PWR": 0.302
    }
}