{
    "LATENCY": {
        "best_latency": 124983,
        "worst_latency": 124983,
        "average_latency": 124983,
        "best_time_latency": "1.250 ms",
        "worst_time_latency": "1.250 ms",
        "average_time_latency": "1.250 ms",
        "min_interval": 124984,
        "max_interval": 124984,
        "Latency": 124983
    },
    "HLS": {
        "LUT": 3833,
        "FF": 2345,
        "DSP": 26,
        "BRAM": 0,
        "URAM": 0,
        "CP": 6.504
    },
    "IMPL": {
        "LUT": 1391,
        "FF": 1486,
        "DSP": 28,
        "BRAM": 0,
        "CP": 7.393,
        "PWR": 0.281
    }
}