{
    "LATENCY": {
        "best_latency": 36804,
        "worst_latency": 36804,
        "average_latency": 36804,
        "best_time_latency": "0.368 ms",
        "worst_time_latency": "0.368 ms",
        "average_time_latency": "0.368 ms",
        "min_interval": 36805,
        "max_interval": 36805,
        "Latency": 36804
    },
    "HLS": {
        "LUT": 6301,
        "FF": 2936,
        "DSP": 17,
        "BRAM": 0,
        "URAM": 0,
        "CP": 6.886
    },
    "IMPL": {
        "LUT": 1408,
        "FF": 1823,
        "DSP": 17,
        "BRAM": 0,
        "CP": 6.751,
        "PWR": 0.294
    }
}