{
    "LATENCY": {
        "best_latency": 22231,
        "worst_latency": 22231,
        "average_latency": 22231,
        "best_time_latency": "0.222 ms",
        "worst_time_latency": "0.222 ms",
        "average_time_latency": "0.222 ms",
        "min_interval": 22232,
        "max_interval": 22232,
        "Latency": 22231
    },
    "HLS": {
        "LUT": 1590,
        "FF": 1311,
        "DSP": 10,
        "BRAM": 0,
        "URAM": 0,
        "CP": 7.135
    },
    "IMPL": {
        "LUT": 999,
        "FF": 1058,
        "DSP": 10,
        "BRAM": 0,
        "CP": 6.812,
        "PWR": 0.277
    }
}