{
    "LATENCY": {
        "best_latency": 27171,
        "worst_latency": 27171,
        "average_latency": 27171,
        "best_time_latency": "0.272 ms",
        "worst_time_latency": "0.272 ms",
        "average_time_latency": "0.272 ms",
        "min_interval": 27172,
        "max_interval": 27172,
        "Latency": 27171
    },
    "HLS": {
        "LUT": 1484,
        "FF": 1134,
        "DSP": 13,
        "BRAM": 0,
        "URAM": 0,
        "CP": 6.886
    },
    "IMPL": {
        "LUT": 838,
        "FF": 1015,
        "DSP": 13,
        "BRAM": 0,
        "CP": 6.829,
        "PWR": 0.275
    }
}