{
    "LATENCY": {
        "best_latency": 45696,
        "worst_latency": 45696,
        "average_latency": 45696,
        "best_time_latency": "0.457 ms",
        "worst_time_latency": "0.457 ms",
        "average_time_latency": "0.457 ms",
        "min_interval": 45697,
        "max_interval": 45697,
        "Latency": 45696
    },
    "HLS": {
        "LUT": 4946,
        "FF": 1560,
        "DSP": 13,
        "BRAM": 0,
        "URAM": 0,
        "CP": 6.504
    },
    "IMPL": {
        "LUT": 1272,
        "FF": 1440,
        "DSP": 13,
        "BRAM": 0,
        "CP": 6.443,
        "PWR": 0.276
    }
}