{
    "LATENCY": {
        "best_latency": 2523,
        "worst_latency": 2523,
        "average_latency": 2523,
        "best_time_latency": "25.230 us",
        "worst_time_latency": "25.230 us",
        "average_time_latency": "25.230 us",
        "min_interval": 2524,
        "max_interval": 2524,
        "Latency": 2523
    },
    "HLS": {
        "LUT": 8830,
        "FF": 6703,
        "DSP": 6,
        "BRAM": 0,
        "URAM": 0,
        "CP": 7.095
    },
    "IMPL": {
        "LUT": 9355,
        "FF": 6327,
        "DSP": 6,
        "BRAM": 0,
        "CP": 8.0,
        "PWR": 0.344
    }
}