{
    "LATENCY": {
        "best_latency": 25202,
        "worst_latency": 25202,
        "average_latency": 25202,
        "best_time_latency": "0.252 ms",
        "worst_time_latency": "0.252 ms",
        "average_time_latency": "0.252 ms",
        "min_interval": 25203,
        "max_interval": 25203,
        "Latency": 25202
    },
    "HLS": {
        "LUT": 6024,
        "FF": 3361,
        "DSP": 3,
        "BRAM": 0,
        "URAM": 0,
        "CP": 7.095
    },
    "IMPL": {
        "LUT": 4924,
        "FF": 2299,
        "DSP": 3,
        "BRAM": 0,
        "CP": 7.676,
        "PWR": 0.272
    }
}