{
    "LATENCY": {
        "best_latency": 21243,
        "worst_latency": 21243,
        "average_latency": 21243,
        "best_time_latency": "0.212 ms",
        "worst_time_latency": "0.212 ms",
        "average_time_latency": "0.212 ms",
        "min_interval": 21244,
        "max_interval": 21244,
        "Latency": 21243
    },
    "HLS": {
        "LUT": 2042,
        "FF": 1479,
        "DSP": 10,
        "BRAM": 0,
        "URAM": 0,
        "CP": 7.223
    },
    "IMPL": {
        "LUT": 1110,
        "FF": 1291,
        "DSP": 10,
        "BRAM": 0,
        "CP": 6.741,
        "PWR": 0.284
    }
}