{
    "LATENCY": {
        "best_latency": 2528,
        "worst_latency": 2528,
        "average_latency": 2528,
        "best_time_latency": "25.280 us",
        "worst_time_latency": "25.280 us",
        "average_time_latency": "25.280 us",
        "min_interval": 2529,
        "max_interval": 2529,
        "Latency": 2528
    },
    "HLS": {
        "LUT": 7933,
        "FF": 5090,
        "DSP": 6,
        "BRAM": 0,
        "URAM": 0,
        "CP": 7.121
    },
    "IMPL": {
        "LUT": 7965,
        "FF": 3591,
        "DSP": 6,
        "BRAM": 0,
        "CP": 7.942,
        "PWR": 0.378
    }
}