{
    "LATENCY": {
        "best_latency": 52859,
        "worst_latency": 52859,
        "average_latency": 52859,
        "best_time_latency": "0.529 ms",
        "worst_time_latency": "0.529 ms",
        "average_time_latency": "0.529 ms",
        "min_interval": 52860,
        "max_interval": 52860,
        "Latency": 52859
    },
    "HLS": {
        "LUT": 7964,
        "FF": 4769,
        "DSP": 7,
        "BRAM": 0,
        "URAM": 0,
        "CP": 6.743
    },
    "IMPL": {
        "LUT": 4030,
        "FF": 2194,
        "DSP": 8,
        "BRAM": 0,
        "CP": 7.269,
        "PWR": 0.327
    }
}