{
    "LATENCY": {
        "best_latency": 2529,
        "worst_latency": 2529,
        "average_latency": 2529,
        "best_time_latency": "25.290 us",
        "worst_time_latency": "25.290 us",
        "average_time_latency": "25.290 us",
        "min_interval": 2530,
        "max_interval": 2530,
        "Latency": 2529
    },
    "HLS": {
        "LUT": 3077,
        "FF": 4700,
        "DSP": 26,
        "BRAM": 0,
        "URAM": 0,
        "CP": 7.036
    },
    "IMPL": {
        "LUT": 2738,
        "FF": 3753,
        "DSP": 26,
        "BRAM": 0,
        "CP": 7.159,
        "PWR": 0.308
    }
}