{
    "LATENCY": {
        "best_latency": 2532,
        "worst_latency": 2532,
        "average_latency": 2532,
        "best_time_latency": "25.320 us",
        "worst_time_latency": "25.320 us",
        "average_time_latency": "25.320 us",
        "min_interval": 2533,
        "max_interval": 2533,
        "Latency": 2532
    },
    "HLS": {
        "LUT": 10749,
        "FF": 10278,
        "DSP": 30,
        "BRAM": 0,
        "URAM": 0,
        "CP": 7.036
    },
    "IMPL": {
        "LUT": 3758,
        "FF": 4628,
        "DSP": 30,
        "BRAM": 0,
        "CP": 7.875,
        "PWR": 0.325
    }
}