{
    "LATENCY": {
        "best_latency": 26677,
        "worst_latency": 26677,
        "average_latency": 26677,
        "best_time_latency": "0.267 ms",
        "worst_time_latency": "0.267 ms",
        "average_time_latency": "0.267 ms",
        "min_interval": 26678,
        "max_interval": 26678,
        "Latency": 26677
    },
    "HLS": {
        "LUT": 3885,
        "FF": 1327,
        "DSP": 3,
        "BRAM": 0,
        "URAM": 0,
        "CP": 6.886
    },
    "IMPL": {
        "LUT": 3344,
        "FF": 1214,
        "DSP": 3,
        "BRAM": 0,
        "CP": 7.279,
        "PWR": 0.294
    }
}