{
    "LATENCY": {
        "best_latency": 44955,
        "worst_latency": 44955,
        "average_latency": 44955,
        "best_time_latency": "0.450 ms",
        "worst_time_latency": "0.450 ms",
        "average_time_latency": "0.450 ms",
        "min_interval": 44956,
        "max_interval": 44956,
        "Latency": 44955
    },
    "HLS": {
        "LUT": 3622,
        "FF": 3806,
        "DSP": 16,
        "BRAM": 0,
        "URAM": 0,
        "CP": 6.709
    },
    "IMPL": {
        "LUT": 1656,
        "FF": 1492,
        "DSP": 17,
        "BRAM": 0,
        "CP": 6.689,
        "PWR": 0.307
    }
}