{
    "LATENCY": {
        "best_latency": 26183,
        "worst_latency": 26183,
        "average_latency": 26183,
        "best_time_latency": "0.262 ms",
        "worst_time_latency": "0.262 ms",
        "average_time_latency": "0.262 ms",
        "min_interval": 26184,
        "max_interval": 26184,
        "Latency": 26183
    },
    "HLS": {
        "LUT": 2020,
        "FF": 1483,
        "DSP": 13,
        "BRAM": 0,
        "URAM": 0,
        "CP": 7.223
    },
    "IMPL": {
        "LUT": 1037,
        "FF": 1326,
        "DSP": 13,
        "BRAM": 0,
        "CP": 6.809,
        "PWR": 0.284
    }
}