{
    "LATENCY": {
        "best_latency": 85216,
        "worst_latency": 85216,
        "average_latency": 85216,
        "best_time_latency": "0.852 ms",
        "worst_time_latency": "0.852 ms",
        "average_time_latency": "0.852 ms",
        "min_interval": 85217,
        "max_interval": 85217,
        "Latency": 85216
    },
    "HLS": {
        "LUT": 4841,
        "FF": 2580,
        "DSP": 27,
        "BRAM": 0,
        "URAM": 0,
        "CP": 6.886
    },
    "IMPL": {
        "LUT": 1453,
        "FF": 2086,
        "DSP": 27,
        "BRAM": 0,
        "CP": 6.707,
        "PWR": 0.308
    }
}