{
    "LATENCY": {
        "best_latency": 2596,
        "worst_latency": 2596,
        "average_latency": 2596,
        "best_time_latency": "25.960 us",
        "worst_time_latency": "25.960 us",
        "average_time_latency": "25.960 us",
        "min_interval": 2597,
        "max_interval": 2597,
        "Latency": 2596
    },
    "HLS": {
        "LUT": 32169,
        "FF": 40164,
        "DSP": 76,
        "BRAM": 0,
        "URAM": 0,
        "CP": 7.036
    },
    "IMPL": {
        "LUT": 11176,
        "FF": 11417,
        "DSP": 87,
        "BRAM": 0,
        "CP": 8.32,
        "PWR": 0.579
    }
}