{
    "LATENCY": {
        "best_latency": 2540,
        "worst_latency": 2540,
        "average_latency": 2540,
        "best_time_latency": "25.400 us",
        "worst_time_latency": "25.400 us",
        "average_time_latency": "25.400 us",
        "min_interval": 2541,
        "max_interval": 2541,
        "Latency": 2540
    },
    "HLS": {
        "LUT": 14376,
        "FF": 15808,
        "DSP": 46,
        "BRAM": 0,
        "URAM": 0,
        "CP": 7.01
    },
    "IMPL": {
        "LUT": 4703,
        "FF": 7732,
        "DSP": 46,
        "BRAM": 0,
        "CP": 7.462,
        "PWR": 0.352
    }
}