{
    "LATENCY": {
        "best_latency": 34334,
        "worst_latency": 34334,
        "average_latency": 34334,
        "best_time_latency": "0.343 ms",
        "worst_time_latency": "0.343 ms",
        "average_time_latency": "0.343 ms",
        "min_interval": 34335,
        "max_interval": 34335,
        "Latency": 34334
    },
    "HLS": {
        "LUT": 6330,
        "FF": 3074,
        "DSP": 15,
        "BRAM": 0,
        "URAM": 0,
        "CP": 6.886
    },
    "IMPL": {
        "LUT": 1562,
        "FF": 2068,
        "DSP": 15,
        "BRAM": 0,
        "CP": 6.425,
        "PWR": 0.278
    }
}