{
    "LATENCY": {
        "best_latency": 12623,
        "worst_latency": 12623,
        "average_latency": 12623,
        "best_time_latency": "0.126 ms",
        "worst_time_latency": "0.126 ms",
        "average_time_latency": "0.126 ms",
        "min_interval": 12624,
        "max_interval": 12624,
        "Latency": 12623
    },
    "HLS": {
        "LUT": 16867,
        "FF": 13516,
        "DSP": 33,
        "BRAM": 0,
        "URAM": 0,
        "CP": 7.534
    },
    "IMPL": {
        "LUT": 4347,
        "FF": 5812,
        "DSP": 33,
        "BRAM": 0,
        "CP": 7.009,
        "PWR": 0.287
    }
}