{
    "LATENCY": {
        "best_latency": 2595,
        "worst_latency": 2595,
        "average_latency": 2595,
        "best_time_latency": "25.950 us",
        "worst_time_latency": "25.950 us",
        "average_time_latency": "25.950 us",
        "min_interval": 2596,
        "max_interval": 2596,
        "Latency": 2595
    },
    "HLS": {
        "LUT": 14935,
        "FF": 17378,
        "DSP": 48,
        "BRAM": 0,
        "URAM": 0,
        "CP": 7.01
    },
    "IMPL": {
        "LUT": 5914,
        "FF": 8870,
        "DSP": 48,
        "BRAM": 0,
        "CP": 7.954,
        "PWR": 0.309
    }
}