{
    "LATENCY": {
        "best_latency": 2539,
        "worst_latency": 2539,
        "average_latency": 2539,
        "best_time_latency": "25.390 us",
        "worst_time_latency": "25.390 us",
        "average_time_latency": "25.390 us",
        "min_interval": 2540,
        "max_interval": 2540,
        "Latency": 2539
    },
    "HLS": {
        "LUT": 10293,
        "FF": 10538,
        "DSP": 36,
        "BRAM": 0,
        "URAM": 0,
        "CP": 7.01
    },
    "IMPL": {
        "LUT": 3502,
        "FF": 5531,
        "DSP": 36,
        "BRAM": 0,
        "CP": 7.47,
        "PWR": 0.311
    }
}