{
    "LATENCY": {
        "best_latency": 332673,
        "worst_latency": 332673,
        "average_latency": 332673,
        "best_time_latency": "3.327 ms",
        "worst_time_latency": "3.327 ms",
        "average_time_latency": "3.327 ms",
        "min_interval": 332674,
        "max_interval": 332674,
        "Latency": 332673
    },
    "HLS": {
        "LUT": 13987,
        "FF": 5950,
        "DSP": 50,
        "BRAM": 0,
        "URAM": 0,
        "CP": 7.148
    },
    "IMPL": {
        "LUT": 12113,
        "FF": 7486,
        "DSP": 50,
        "BRAM": 0,
        "CP": 8.97,
        "PWR": 0.674
    }
}