{
    "LATENCY": {
        "best_latency": 20561,
        "worst_latency": 20561,
        "average_latency": 20561,
        "best_time_latency": "0.206 ms",
        "worst_time_latency": "0.206 ms",
        "average_time_latency": "0.206 ms",
        "min_interval": 20562,
        "max_interval": 20562,
        "Latency": 20561
    },
    "HLS": {
        "LUT": 13182,
        "FF": 5853,
        "DSP": 27,
        "BRAM": 0,
        "URAM": 0,
        "CP": 7.148
    },
    "IMPL": {
        "LUT": 12264,
        "FF": 7333,
        "DSP": 27,
        "BRAM": 0,
        "CP": 8.479,
        "PWR": 0.531
    }
}