{
    "LATENCY": {
        "best_latency": 328321,
        "worst_latency": 328321,
        "average_latency": 328321,
        "best_time_latency": "3.283 ms",
        "worst_time_latency": "3.283 ms",
        "average_time_latency": "3.283 ms",
        "min_interval": 328322,
        "max_interval": 328322,
        "Latency": 328321
    },
    "HLS": {
        "LUT": 14375,
        "FF": 5735,
        "DSP": 37,
        "BRAM": 0,
        "URAM": 0,
        "CP": 7.148
    },
    "IMPL": {
        "LUT": 14085,
        "FF": 7200,
        "DSP": 37,
        "BRAM": 0,
        "CP": 8.619,
        "PWR": 0.617
    }
}