{
    "LATENCY": {
        "best_latency": 2453,
        "worst_latency": 2453,
        "average_latency": 2453,
        "best_time_latency": "24.530 us",
        "worst_time_latency": "24.530 us",
        "average_time_latency": "24.530 us",
        "min_interval": 2454,
        "max_interval": 2454,
        "Latency": 2453
    },
    "HLS": {
        "LUT": 87826,
        "FF": 48058,
        "DSP": 87,
        "BRAM": 0,
        "URAM": 0,
        "CP": 7.697
    },
    "IMPL": {
        "LUT": 78665,
        "FF": 50850,
        "DSP": 87,
        "BRAM": 0,
        "CP": 9.674,
        "PWR": 1.2
    }
}