{
    "LATENCY": {
        "best_latency": 39681,
        "worst_latency": 39681,
        "average_latency": 39681,
        "best_time_latency": "0.397 ms",
        "worst_time_latency": "0.397 ms",
        "average_time_latency": "0.397 ms",
        "min_interval": 39682,
        "max_interval": 39682,
        "Latency": 39681
    },
    "HLS": {
        "LUT": 12242,
        "FF": 5273,
        "DSP": 37,
        "BRAM": 0,
        "URAM": 0,
        "CP": 7.148
    },
    "IMPL": {
        "LUT": 9689,
        "FF": 7019,
        "DSP": 37,
        "BRAM": 0,
        "CP": 8.852,
        "PWR": 0.432
    }
}