{
    "LATENCY": {
        "best_latency": 43649,
        "worst_latency": 43649,
        "average_latency": 43649,
        "best_time_latency": "0.436 ms",
        "worst_time_latency": "0.436 ms",
        "average_time_latency": "0.436 ms",
        "min_interval": 43650,
        "max_interval": 43650,
        "Latency": 43649
    },
    "HLS": {
        "LUT": 18674,
        "FF": 13086,
        "DSP": 37,
        "BRAM": 0,
        "URAM": 0,
        "CP": 7.148
    },
    "IMPL": {
        "LUT": 15192,
        "FF": 14681,
        "DSP": 37,
        "BRAM": 0,
        "CP": 8.922,
        "PWR": 0.399
    }
}