{
    "LATENCY": {
        "best_latency": 333057,
        "worst_latency": 333057,
        "average_latency": 333057,
        "best_time_latency": "3.331 ms",
        "worst_time_latency": "3.331 ms",
        "average_time_latency": "3.331 ms",
        "min_interval": 333058,
        "max_interval": 333058,
        "Latency": 333057
    },
    "HLS": {
        "LUT": 16270,
        "FF": 4804,
        "DSP": 37,
        "BRAM": 0,
        "URAM": 0,
        "CP": 7.148
    },
    "IMPL": {
        "LUT": 12886,
        "FF": 6236,
        "DSP": 37,
        "BRAM": 0,
        "CP": 8.58,
        "PWR": 0.7
    }
}