{
    "LATENCY": {
        "best_latency": 2322,
        "worst_latency": 2322,
        "average_latency": 2322,
        "best_time_latency": "23.220 us",
        "worst_time_latency": "23.220 us",
        "average_time_latency": "23.220 us",
        "min_interval": 2323,
        "max_interval": 2323,
        "Latency": 2322
    },
    "HLS": {
        "LUT": 115919,
        "FF": 66641,
        "DSP": 164,
        "BRAM": 0,
        "URAM": 0,
        "CP": 7.654
    },
    "IMPL": {
        "LUT": 80814,
        "FF": 69465,
        "DSP": 164,
        "BRAM": 0,
        "CP": 9.737,
        "PWR": 0.959
    }
}