{
    "LATENCY": {
        "best_latency": 43009,
        "worst_latency": 43009,
        "average_latency": 43009,
        "best_time_latency": "0.430 ms",
        "worst_time_latency": "0.430 ms",
        "average_time_latency": "0.430 ms",
        "min_interval": 43010,
        "max_interval": 43010,
        "Latency": 43009
    },
    "HLS": {
        "LUT": 16232,
        "FF": 7985,
        "DSP": 40,
        "BRAM": 0,
        "URAM": 0,
        "CP": 7.148
    },
    "IMPL": {
        "LUT": 13404,
        "FF": 9782,
        "DSP": 40,
        "BRAM": 0,
        "CP": 8.84,
        "PWR": 0.429
    }
}