{
    "LATENCY": {
        "best_latency": 38785,
        "worst_latency": 38785,
        "average_latency": 38785,
        "best_time_latency": "0.388 ms",
        "worst_time_latency": "0.388 ms",
        "average_time_latency": "0.388 ms",
        "min_interval": 38786,
        "max_interval": 38786,
        "Latency": 38785
    },
    "HLS": {
        "LUT": 14890,
        "FF": 8746,
        "DSP": 37,
        "BRAM": 0,
        "URAM": 0,
        "CP": 7.148
    },
    "IMPL": {
        "LUT": 12936,
        "FF": 10447,
        "DSP": 37,
        "BRAM": 0,
        "CP": 8.73,
        "PWR": 0.493
    }
}