{
    "LATENCY": {
        "best_latency": 332929,
        "worst_latency": 332929,
        "average_latency": 332929,
        "best_time_latency": "3.329 ms",
        "worst_time_latency": "3.329 ms",
        "average_time_latency": "3.329 ms",
        "min_interval": 332930,
        "max_interval": 332930,
        "Latency": 332929
    },
    "HLS": {
        "LUT": 14162,
        "FF": 5884,
        "DSP": 50,
        "BRAM": 0,
        "URAM": 0,
        "CP": 7.148
    },
    "IMPL": {
        "LUT": 11385,
        "FF": 7380,
        "DSP": 50,
        "BRAM": 0,
        "CP": 8.829,
        "PWR": 0.524
    }
}