{
    "LATENCY": {
        "best_latency": 336513,
        "worst_latency": 336513,
        "average_latency": 336513,
        "best_time_latency": "3.365 ms",
        "worst_time_latency": "3.365 ms",
        "average_time_latency": "3.365 ms",
        "min_interval": 336514,
        "max_interval": 336514,
        "Latency": 336513
    },
    "HLS": {
        "LUT": 17348,
        "FF": 6030,
        "DSP": 37,
        "BRAM": 0,
        "URAM": 0,
        "CP": 7.148
    },
    "IMPL": {
        "LUT": 14951,
        "FF": 7641,
        "DSP": 37,
        "BRAM": 0,
        "CP": 8.531,
        "PWR": 0.686
    }
}