{
    "LATENCY": {
        "best_latency": 38529,
        "worst_latency": 38529,
        "average_latency": 38529,
        "best_time_latency": "0.385 ms",
        "worst_time_latency": "0.385 ms",
        "average_time_latency": "0.385 ms",
        "min_interval": 38530,
        "max_interval": 38530,
        "Latency": 38529
    },
    "HLS": {
        "LUT": 12351,
        "FF": 8396,
        "DSP": 37,
        "BRAM": 0,
        "URAM": 0,
        "CP": 7.148
    },
    "IMPL": {
        "LUT": 10903,
        "FF": 10229,
        "DSP": 37,
        "BRAM": 0,
        "CP": 8.925,
        "PWR": 0.491
    }
}