{
    "LATENCY": {
        "best_latency": 332417,
        "worst_latency": 332417,
        "average_latency": 332417,
        "best_time_latency": "3.324 ms",
        "worst_time_latency": "3.324 ms",
        "average_time_latency": "3.324 ms",
        "min_interval": 332418,
        "max_interval": 332418,
        "Latency": 332417
    },
    "HLS": {
        "LUT": 10977,
        "FF": 4969,
        "DSP": 40,
        "BRAM": 0,
        "URAM": 0,
        "CP": 7.148
    },
    "IMPL": {
        "LUT": 10231,
        "FF": 6565,
        "DSP": 40,
        "BRAM": 0,
        "CP": 8.416,
        "PWR": 0.603
    }
}