{
    "LATENCY": {
        "best_latency": 2469,
        "worst_latency": 2469,
        "average_latency": 2469,
        "best_time_latency": "24.690 us",
        "worst_time_latency": "24.690 us",
        "average_time_latency": "24.690 us",
        "min_interval": 2470,
        "max_interval": 2470,
        "Latency": 2469
    },
    "HLS": {
        "LUT": 50884,
        "FF": 46252,
        "DSP": 230,
        "BRAM": 0,
        "URAM": 0,
        "CP": 7.697
    },
    "IMPL": {
        "LUT": 46047,
        "FF": 49222,
        "DSP": 229,
        "BRAM": 0,
        "CP": 9.516,
        "PWR": 1.024
    }
}