{
    "LATENCY": {
        "best_latency": 177281,
        "worst_latency": 177281,
        "average_latency": 177281,
        "best_time_latency": "1.773 ms",
        "worst_time_latency": "1.773 ms",
        "average_time_latency": "1.773 ms",
        "min_interval": 177282,
        "max_interval": 177282,
        "Latency": 177281
    },
    "HLS": {
        "LUT": 21304,
        "FF": 6972,
        "DSP": 50,
        "BRAM": 0,
        "URAM": 0,
        "CP": 7.148
    },
    "IMPL": {
        "LUT": 12649,
        "FF": 8353,
        "DSP": 50,
        "BRAM": 0,
        "CP": 9.012,
        "PWR": 0.673
    }
}