{
    "LATENCY": {
        "best_latency": 38657,
        "worst_latency": 38657,
        "average_latency": 38657,
        "best_time_latency": "0.387 ms",
        "worst_time_latency": "0.387 ms",
        "average_time_latency": "0.387 ms",
        "min_interval": 38658,
        "max_interval": 38658,
        "Latency": 38657
    },
    "HLS": {
        "LUT": 9624,
        "FF": 5055,
        "DSP": 37,
        "BRAM": 0,
        "URAM": 0,
        "CP": 7.148
    },
    "IMPL": {
        "LUT": 9657,
        "FF": 6736,
        "DSP": 37,
        "BRAM": 0,
        "CP": 8.628,
        "PWR": 0.394
    }
}