{
    "LATENCY": {
        "best_latency": 2458,
        "worst_latency": 2458,
        "average_latency": 2458,
        "best_time_latency": "24.580 us",
        "worst_time_latency": "24.580 us",
        "average_time_latency": "24.580 us",
        "min_interval": 2459,
        "max_interval": 2459,
        "Latency": 2458
    },
    "HLS": {
        "LUT": 29722,
        "FF": 45733,
        "DSP": 221,
        "BRAM": 0,
        "URAM": 0,
        "CP": 7.148
    },
    "IMPL": {
        "LUT": 42559,
        "FF": 48521,
        "DSP": 221,
        "BRAM": 0,
        "CP": 9.551,
        "PWR": 1.084
    }
}