{
    "LATENCY": {
        "best_latency": 38913,
        "worst_latency": 38913,
        "average_latency": 38913,
        "best_time_latency": "0.389 ms",
        "worst_time_latency": "0.389 ms",
        "average_time_latency": "0.389 ms",
        "min_interval": 38914,
        "max_interval": 38914,
        "Latency": 38913
    },
    "HLS": {
        "LUT": 8586,
        "FF": 5338,
        "DSP": 47,
        "BRAM": 0,
        "URAM": 0,
        "CP": 7.148
    },
    "IMPL": {
        "LUT": 9169,
        "FF": 6926,
        "DSP": 47,
        "BRAM": 0,
        "CP": 8.646,
        "PWR": 0.395
    }
}