{
    "LATENCY": {
        "best_latency": 341249,
        "worst_latency": 341249,
        "average_latency": 341249,
        "best_time_latency": "3.412 ms",
        "worst_time_latency": "3.412 ms",
        "average_time_latency": "3.412 ms",
        "min_interval": 341250,
        "max_interval": 341250,
        "Latency": 341249
    },
    "HLS": {
        "LUT": 16813,
        "FF": 5397,
        "DSP": 50,
        "BRAM": 0,
        "URAM": 0,
        "CP": 7.148
    },
    "IMPL": {
        "LUT": 13518,
        "FF": 6944,
        "DSP": 50,
        "BRAM": 0,
        "CP": 8.409,
        "PWR": 0.683
    }
}