{
    "LATENCY": {
        "best_latency": 38657,
        "worst_latency": 38657,
        "average_latency": 38657,
        "best_time_latency": "0.387 ms",
        "worst_time_latency": "0.387 ms",
        "average_time_latency": "0.387 ms",
        "min_interval": 38658,
        "max_interval": 38658,
        "Latency": 38657
    },
    "HLS": {
        "LUT": 13302,
        "FF": 5604,
        "DSP": 37,
        "BRAM": 0,
        "URAM": 0,
        "CP": 7.148
    },
    "IMPL": {
        "LUT": 12484,
        "FF": 7148,
        "DSP": 37,
        "BRAM": 0,
        "CP": 8.75,
        "PWR": 0.603
    }
}