{
    "LATENCY": {
        "best_latency": 38017,
        "worst_latency": 38017,
        "average_latency": 38017,
        "best_time_latency": "0.380 ms",
        "worst_time_latency": "0.380 ms",
        "average_time_latency": "0.380 ms",
        "min_interval": 38018,
        "max_interval": 38018,
        "Latency": 38017
    },
    "HLS": {
        "LUT": 17782,
        "FF": 8145,
        "DSP": 17,
        "BRAM": 0,
        "URAM": 0,
        "CP": 7.148
    },
    "IMPL": {
        "LUT": 14128,
        "FF": 9857,
        "DSP": 17,
        "BRAM": 0,
        "CP": 8.795,
        "PWR": 0.461
    }
}