{
    "LATENCY": {
        "best_latency": 38913,
        "worst_latency": 38913,
        "average_latency": 38913,
        "best_time_latency": "0.389 ms",
        "worst_time_latency": "0.389 ms",
        "average_time_latency": "0.389 ms",
        "min_interval": 38914,
        "max_interval": 38914,
        "Latency": 38913
    },
    "HLS": {
        "LUT": 10871,
        "FF": 5125,
        "DSP": 37,
        "BRAM": 0,
        "URAM": 0,
        "CP": 7.148
    },
    "IMPL": {
        "LUT": 9684,
        "FF": 6779,
        "DSP": 37,
        "BRAM": 0,
        "CP": 8.673,
        "PWR": 0.372
    }
}