{
    "LATENCY": {
        "best_latency": 42369,
        "worst_latency": 42369,
        "average_latency": 42369,
        "best_time_latency": "0.424 ms",
        "worst_time_latency": "0.424 ms",
        "average_time_latency": "0.424 ms",
        "min_interval": 42370,
        "max_interval": 42370,
        "Latency": 42369
    },
    "HLS": {
        "LUT": 14956,
        "FF": 11409,
        "DSP": 40,
        "BRAM": 0,
        "URAM": 0,
        "CP": 7.148
    },
    "IMPL": {
        "LUT": 13558,
        "FF": 13331,
        "DSP": 40,
        "BRAM": 0,
        "CP": 8.9,
        "PWR": 0.464
    }
}