{
    "LATENCY": {
        "best_latency": 218322,
        "worst_latency": 218322,
        "average_latency": 218322,
        "best_time_latency": "2.183 ms",
        "worst_time_latency": "2.183 ms",
        "average_time_latency": "2.183 ms",
        "min_interval": 218323,
        "max_interval": 218323,
        "Latency": 218322
    },
    "HLS": {
        "LUT": 57795,
        "FF": 54175,
        "DSP": 27,
        "BRAM": 128,
        "URAM": 0,
        "CP": 7.15
    },
    "IMPL": {
        "LUT": 72823,
        "FF": 51459,
        "DSP": 29,
        "BRAM": 128,
        "CP": 8.727,
        "PWR": 0.785
    }
}