{
    "LATENCY": {
        "best_latency": 354928,
        "worst_latency": 354928,
        "average_latency": 354928,
        "best_time_latency": "3.549 ms",
        "worst_time_latency": "3.549 ms",
        "average_time_latency": "3.549 ms",
        "min_interval": 354929,
        "max_interval": 354929,
        "Latency": 354928
    },
    "HLS": {
        "LUT": 55495,
        "FF": 31723,
        "DSP": 12,
        "BRAM": 64,
        "URAM": 0,
        "CP": 7.15
    },
    "IMPL": {
        "LUT": 46191,
        "FF": 28915,
        "DSP": 13,
        "BRAM": 64,
        "CP": 8.984,
        "PWR": 0.546
    }
}