{
    "LATENCY": {
        "best_latency": 366654,
        "worst_latency": 366676,
        "average_latency": 366666,
        "best_time_latency": "3.667 ms",
        "worst_time_latency": "3.667 ms",
        "average_time_latency": "3.667 ms",
        "min_interval": 366655,
        "max_interval": 366677,
        "Latency": 366666
    },
    "HLS": {
        "LUT": 28141,
        "FF": 20007,
        "DSP": 18,
        "BRAM": 64,
        "URAM": 0,
        "CP": 7.15
    },
    "IMPL": {
        "LUT": 27295,
        "FF": 19046,
        "DSP": 22,
        "BRAM": 64,
        "CP": 8.939,
        "PWR": 0.486
    }
}