{
    "LATENCY": {
        "best_latency": 420529,
        "worst_latency": 420559,
        "average_latency": 420545,
        "best_time_latency": "4.205 ms",
        "worst_time_latency": "4.206 ms",
        "average_time_latency": "4.205 ms",
        "min_interval": 420530,
        "max_interval": 420560,
        "Latency": 420545
    },
    "HLS": {
        "LUT": 36077,
        "FF": 24249,
        "DSP": 18,
        "BRAM": 64,
        "URAM": 0,
        "CP": 7.15
    },
    "IMPL": {
        "LUT": 26973,
        "FF": 22082,
        "DSP": 21,
        "BRAM": 64,
        "CP": 8.999,
        "PWR": 0.447
    }
}