{
    "LATENCY": {
        "best_latency": 219690,
        "worst_latency": 219720,
        "average_latency": 219706,
        "best_time_latency": "2.197 ms",
        "worst_time_latency": "2.197 ms",
        "average_time_latency": "2.197 ms",
        "min_interval": 219691,
        "max_interval": 219721,
        "Latency": 219706
    },
    "HLS": {
        "LUT": 41724,
        "FF": 31779,
        "DSP": 33,
        "BRAM": 64,
        "URAM": 0,
        "CP": 7.15
    },
    "IMPL": {
        "LUT": 40583,
        "FF": 30726,
        "DSP": 36,
        "BRAM": 64,
        "CP": 8.745,
        "PWR": 0.569
    }
}