{
    "LATENCY": {
        "best_latency": 365456,
        "worst_latency": 365465,
        "average_latency": 365461,
        "best_time_latency": "3.655 ms",
        "worst_time_latency": "3.655 ms",
        "average_time_latency": "3.655 ms",
        "min_interval": 365457,
        "max_interval": 365466,
        "Latency": 365461
    },
    "HLS": {
        "LUT": 30354,
        "FF": 16131,
        "DSP": 15,
        "BRAM": 64,
        "URAM": 0,
        "CP": 7.15
    },
    "IMPL": {
        "LUT": 25316,
        "FF": 15837,
        "DSP": 15,
        "BRAM": 64,
        "CP": 8.768,
        "PWR": 0.458
    }
}