{
    "LATENCY": {
        "best_latency": 360982,
        "worst_latency": 360999,
        "average_latency": 360991,
        "best_time_latency": "3.610 ms",
        "worst_time_latency": "3.610 ms",
        "average_time_latency": "3.610 ms",
        "min_interval": 360983,
        "max_interval": 361000,
        "Latency": 360991
    },
    "HLS": {
        "LUT": 31619,
        "FF": 17400,
        "DSP": 12,
        "BRAM": 64,
        "URAM": 0,
        "CP": 7.15
    },
    "IMPL": {
        "LUT": 26063,
        "FF": 17000,
        "DSP": 13,
        "BRAM": 64,
        "CP": 8.826,
        "PWR": 0.472
    }
}