{
    "LATENCY": {
        "best_latency": 236160,
        "worst_latency": 236169,
        "average_latency": 236165,
        "best_time_latency": "2.362 ms",
        "worst_time_latency": "2.362 ms",
        "average_time_latency": "2.362 ms",
        "min_interval": 236161,
        "max_interval": 236170,
        "Latency": 236165
    },
    "HLS": {
        "LUT": 60308,
        "FF": 47654,
        "DSP": 24,
        "BRAM": 64,
        "URAM": 0,
        "CP": 7.15
    },
    "IMPL": {
        "LUT": 57709,
        "FF": 44722,
        "DSP": 24,
        "BRAM": 64,
        "CP": 9.17,
        "PWR": 0.723
    }
}