{
    "LATENCY": {
        "best_latency": 766820,
        "worst_latency": 766841,
        "average_latency": 766831,
        "best_time_latency": "7.668 ms",
        "worst_time_latency": "7.668 ms",
        "average_time_latency": "7.668 ms",
        "min_interval": 766821,
        "max_interval": 766842,
        "Latency": 766831
    },
    "HLS": {
        "LUT": 88147,
        "FF": 30151,
        "DSP": 12,
        "BRAM": 64,
        "URAM": 0,
        "CP": 7.15
    },
    "IMPL": {
        "LUT": 28680,
        "FF": 28806,
        "DSP": 16,
        "BRAM": 64,
        "CP": 9.393,
        "PWR": 0.581
    }
}