{
    "LATENCY": {
        "best_latency": 220075,
        "worst_latency": 220075,
        "average_latency": 220075,
        "best_time_latency": "2.201 ms",
        "worst_time_latency": "2.201 ms",
        "average_time_latency": "2.201 ms",
        "min_interval": 220076,
        "max_interval": 220076,
        "Latency": 220075
    },
    "HLS": {
        "LUT": 34113,
        "FF": 28144,
        "DSP": 30,
        "BRAM": 128,
        "URAM": 0,
        "CP": 7.15
    },
    "IMPL": {
        "LUT": 39218,
        "FF": 27375,
        "DSP": 33,
        "BRAM": 128,
        "CP": 8.707,
        "PWR": 0.546
    }
}