{
    "LATENCY": {
        "best_latency": 223160,
        "worst_latency": 223177,
        "average_latency": 223169,
        "best_time_latency": "2.232 ms",
        "worst_time_latency": "2.232 ms",
        "average_time_latency": "2.232 ms",
        "min_interval": 223161,
        "max_interval": 223178,
        "Latency": 223169
    },
    "HLS": {
        "LUT": 36958,
        "FF": 26310,
        "DSP": 27,
        "BRAM": 64,
        "URAM": 0,
        "CP": 7.15
    },
    "IMPL": {
        "LUT": 35747,
        "FF": 25566,
        "DSP": 27,
        "BRAM": 64,
        "CP": 8.86,
        "PWR": 0.518
    }
}