{
    "LATENCY": {
        "best_latency": 419092,
        "worst_latency": 419092,
        "average_latency": 419092,
        "best_time_latency": "4.191 ms",
        "worst_time_latency": "4.191 ms",
        "average_time_latency": "4.191 ms",
        "min_interval": 419093,
        "max_interval": 419093,
        "Latency": 419092
    },
    "HLS": {
        "LUT": 30446,
        "FF": 15278,
        "DSP": 12,
        "BRAM": 64,
        "URAM": 0,
        "CP": 7.15
    },
    "IMPL": {
        "LUT": 22826,
        "FF": 13908,
        "DSP": 13,
        "BRAM": 64,
        "CP": 9.076,
        "PWR": 0.427
    }
}