{
    "LATENCY": {
        "best_latency": 758000,
        "worst_latency": 758021,
        "average_latency": 758011,
        "best_time_latency": "7.580 ms",
        "worst_time_latency": "7.580 ms",
        "average_time_latency": "7.580 ms",
        "min_interval": 758001,
        "max_interval": 758022,
        "Latency": 758011
    },
    "HLS": {
        "LUT": 87052,
        "FF": 29510,
        "DSP": 12,
        "BRAM": 64,
        "URAM": 0,
        "CP": 7.15
    },
    "IMPL": {
        "LUT": 28118,
        "FF": 28153,
        "DSP": 16,
        "BRAM": 64,
        "CP": 9.524,
        "PWR": 0.578
    }
}