{
    "LATENCY": {
        "best_latency": 360982,
        "worst_latency": 360999,
        "average_latency": 360991,
        "best_time_latency": "3.610 ms",
        "worst_time_latency": "3.610 ms",
        "average_time_latency": "3.610 ms",
        "min_interval": 360983,
        "max_interval": 361000,
        "Latency": 360991
    },
    "HLS": {
        "LUT": 31342,
        "FF": 17645,
        "DSP": 15,
        "BRAM": 64,
        "URAM": 0,
        "CP": 7.15
    },
    "IMPL": {
        "LUT": 26101,
        "FF": 17225,
        "DSP": 16,
        "BRAM": 64,
        "CP": 8.751,
        "PWR": 0.48
    }
}