{
    "LATENCY": {
        "best_latency": 356263,
        "worst_latency": 356263,
        "average_latency": 356263,
        "best_time_latency": "3.563 ms",
        "worst_time_latency": "3.563 ms",
        "average_time_latency": "3.563 ms",
        "min_interval": 356264,
        "max_interval": 356264,
        "Latency": 356263
    },
    "HLS": {
        "LUT": 31699,
        "FF": 16335,
        "DSP": 15,
        "BRAM": 64,
        "URAM": 0,
        "CP": 7.15
    },
    "IMPL": {
        "LUT": 24434,
        "FF": 16183,
        "DSP": 15,
        "BRAM": 64,
        "CP": 8.744,
        "PWR": 0.472
    }
}