{
    "LATENCY": {
        "best_latency": 758140,
        "worst_latency": 758162,
        "average_latency": 758152,
        "best_time_latency": "7.581 ms",
        "worst_time_latency": "7.582 ms",
        "average_time_latency": "7.582 ms",
        "min_interval": 758141,
        "max_interval": 758163,
        "Latency": 758152
    },
    "HLS": {
        "LUT": 87060,
        "FF": 29512,
        "DSP": 12,
        "BRAM": 64,
        "URAM": 0,
        "CP": 7.15
    },
    "IMPL": {
        "LUT": 27958,
        "FF": 28138,
        "DSP": 16,
        "BRAM": 64,
        "CP": 9.539,
        "PWR": 0.578
    }
}