{
    "LATENCY": {
        "best_latency": 414644,
        "worst_latency": 414644,
        "average_latency": 414644,
        "best_time_latency": "4.146 ms",
        "worst_time_latency": "4.146 ms",
        "average_time_latency": "4.146 ms",
        "min_interval": 414645,
        "max_interval": 414645,
        "Latency": 414644
    },
    "HLS": {
        "LUT": 29071,
        "FF": 20708,
        "DSP": 12,
        "BRAM": 64,
        "URAM": 0,
        "CP": 7.15
    },
    "IMPL": {
        "LUT": 26767,
        "FF": 19425,
        "DSP": 12,
        "BRAM": 64,
        "CP": 9.325,
        "PWR": 0.428
    }
}