{
    "LATENCY": {
        "best_latency": 749206,
        "worst_latency": 749234,
        "average_latency": 749221,
        "best_time_latency": "7.492 ms",
        "worst_time_latency": "7.492 ms",
        "average_time_latency": "7.492 ms",
        "min_interval": 749207,
        "max_interval": 749235,
        "Latency": 749221
    },
    "HLS": {
        "LUT": 167135,
        "FF": 56698,
        "DSP": 12,
        "BRAM": 64,
        "URAM": 0,
        "CP": 7.15
    },
    "IMPL": {
        "LUT": 53105,
        "FF": 53144,
        "DSP": 16,
        "BRAM": 64,
        "CP": 9.195,
        "PWR": 0.673
    }
}