{
    "LATENCY": {
        "best_latency": 414765,
        "worst_latency": 414765,
        "average_latency": 414765,
        "best_time_latency": "4.148 ms",
        "worst_time_latency": "4.148 ms",
        "average_time_latency": "4.148 ms",
        "min_interval": 414766,
        "max_interval": 414766,
        "Latency": 414765
    },
    "HLS": {
        "LUT": 31610,
        "FF": 21084,
        "DSP": 12,
        "BRAM": 64,
        "URAM": 0,
        "CP": 7.15
    },
    "IMPL": {
        "LUT": 24871,
        "FF": 19319,
        "DSP": 12,
        "BRAM": 64,
        "CP": 9.289,
        "PWR": 0.429
    }
}