{
    "LATENCY": {
        "best_latency": 362027,
        "worst_latency": 362057,
        "average_latency": 362043,
        "best_time_latency": "3.620 ms",
        "worst_time_latency": "3.621 ms",
        "average_time_latency": "3.620 ms",
        "min_interval": 362028,
        "max_interval": 362058,
        "Latency": 362043
    },
    "HLS": {
        "LUT": 32629,
        "FF": 17195,
        "DSP": 21,
        "BRAM": 64,
        "URAM": 0,
        "CP": 7.15
    },
    "IMPL": {
        "LUT": 24965,
        "FF": 16081,
        "DSP": 24,
        "BRAM": 64,
        "CP": 8.822,
        "PWR": 0.479
    }
}