{
    "LATENCY": {
        "best_latency": 223120,
        "worst_latency": 223137,
        "average_latency": 223129,
        "best_time_latency": "2.231 ms",
        "worst_time_latency": "2.231 ms",
        "average_time_latency": "2.231 ms",
        "min_interval": 223121,
        "max_interval": 223138,
        "Latency": 223129
    },
    "HLS": {
        "LUT": 35068,
        "FF": 25406,
        "DSP": 27,
        "BRAM": 64,
        "URAM": 0,
        "CP": 7.15
    },
    "IMPL": {
        "LUT": 34458,
        "FF": 24940,
        "DSP": 27,
        "BRAM": 64,
        "CP": 9.002,
        "PWR": 0.508
    }
}