{
    "LATENCY": {
        "best_latency": 224176,
        "worst_latency": 224206,
        "average_latency": 224192,
        "best_time_latency": "2.242 ms",
        "worst_time_latency": "2.242 ms",
        "average_time_latency": "2.242 ms",
        "min_interval": 224177,
        "max_interval": 224207,
        "Latency": 224192
    },
    "HLS": {
        "LUT": 42248,
        "FF": 31579,
        "DSP": 36,
        "BRAM": 64,
        "URAM": 0,
        "CP": 7.15
    },
    "IMPL": {
        "LUT": 38756,
        "FF": 30151,
        "DSP": 39,
        "BRAM": 64,
        "CP": 8.76,
        "PWR": 0.532
    }
}