{
    "LATENCY": {
        "best_latency": 416157,
        "worst_latency": 416186,
        "average_latency": 416172,
        "best_time_latency": "4.162 ms",
        "worst_time_latency": "4.162 ms",
        "average_time_latency": "4.162 ms",
        "min_interval": 416158,
        "max_interval": 416187,
        "Latency": 416172
    },
    "HLS": {
        "LUT": 35457,
        "FF": 23017,
        "DSP": 18,
        "BRAM": 64,
        "URAM": 0,
        "CP": 7.15
    },
    "IMPL": {
        "LUT": 25995,
        "FF": 20570,
        "DSP": 21,
        "BRAM": 64,
        "CP": 9.086,
        "PWR": 0.433
    }
}