{
    "LATENCY": {
        "best_latency": 232660,
        "worst_latency": 232690,
        "average_latency": 232676,
        "best_time_latency": "2.327 ms",
        "worst_time_latency": "2.327 ms",
        "average_time_latency": "2.327 ms",
        "min_interval": 232661,
        "max_interval": 232691,
        "Latency": 232676
    },
    "HLS": {
        "LUT": 58091,
        "FF": 51718,
        "DSP": 30,
        "BRAM": 64,
        "URAM": 0,
        "CP": 7.15
    },
    "IMPL": {
        "LUT": 68215,
        "FF": 48528,
        "DSP": 33,
        "BRAM": 64,
        "CP": 8.901,
        "PWR": 0.723
    }
}