{
    "LATENCY": {
        "best_latency": 211285,
        "worst_latency": 211285,
        "average_latency": 211285,
        "best_time_latency": "2.113 ms",
        "worst_time_latency": "2.113 ms",
        "average_time_latency": "2.113 ms",
        "min_interval": 211286,
        "max_interval": 211286,
        "Latency": 211285
    },
    "HLS": {
        "LUT": 34669,
        "FF": 29883,
        "DSP": 30,
        "BRAM": 64,
        "URAM": 0,
        "CP": 7.15
    },
    "IMPL": {
        "LUT": 36592,
        "FF": 29040,
        "DSP": 33,
        "BRAM": 64,
        "CP": 8.685,
        "PWR": 0.526
    }
}