{
    "LATENCY": {
        "best_latency": 365427,
        "worst_latency": 365436,
        "average_latency": 365432,
        "best_time_latency": "3.654 ms",
        "worst_time_latency": "3.654 ms",
        "average_time_latency": "3.654 ms",
        "min_interval": 365428,
        "max_interval": 365437,
        "Latency": 365432
    },
    "HLS": {
        "LUT": 30415,
        "FF": 17614,
        "DSP": 12,
        "BRAM": 64,
        "URAM": 0,
        "CP": 7.15
    },
    "IMPL": {
        "LUT": 26492,
        "FF": 17632,
        "DSP": 12,
        "BRAM": 64,
        "CP": 8.979,
        "PWR": 0.469
    }
}