{
    "LATENCY": {
        "best_latency": 365535,
        "worst_latency": 365544,
        "average_latency": 365540,
        "best_time_latency": "3.655 ms",
        "worst_time_latency": "3.655 ms",
        "average_time_latency": "3.655 ms",
        "min_interval": 365536,
        "max_interval": 365545,
        "Latency": 365540
    },
    "HLS": {
        "LUT": 30515,
        "FF": 20349,
        "DSP": 12,
        "BRAM": 64,
        "URAM": 0,
        "CP": 7.15
    },
    "IMPL": {
        "LUT": 28711,
        "FF": 19999,
        "DSP": 13,
        "BRAM": 64,
        "CP": 8.782,
        "PWR": 0.476
    }
}