{
    "LATENCY": {
        "best_latency": 224171,
        "worst_latency": 224201,
        "average_latency": 224187,
        "best_time_latency": "2.242 ms",
        "worst_time_latency": "2.242 ms",
        "average_time_latency": "2.242 ms",
        "min_interval": 224172,
        "max_interval": 224202,
        "Latency": 224187
    },
    "HLS": {
        "LUT": 36012,
        "FF": 26241,
        "DSP": 33,
        "BRAM": 64,
        "URAM": 0,
        "CP": 7.15
    },
    "IMPL": {
        "LUT": 33945,
        "FF": 24805,
        "DSP": 36,
        "BRAM": 64,
        "CP": 9.132,
        "PWR": 0.503
    }
}