{
    "LATENCY": {
        "best_latency": 35892,
        "worst_latency": 35892,
        "average_latency": 35892,
        "best_time_latency": "0.359 ms",
        "worst_time_latency": "0.359 ms",
        "average_time_latency": "0.359 ms",
        "min_interval": 35893,
        "max_interval": 35893,
        "Latency": 35892
    },
    "HLS": {
        "LUT": 19216,
        "FF": 1356,
        "DSP": 18,
        "BRAM": 0,
        "URAM": 0,
        "CP": 7.259
    },
    "IMPL": {
        "LUT": 13918,
        "FF": 1247,
        "DSP": 0,
        "BRAM": 0,
        "CP": 8.374,
        "PWR": 0.287
    }
}