{
    "LATENCY": {
        "best_latency": 42239,
        "worst_latency": 42239,
        "average_latency": 42239,
        "best_time_latency": "0.422 ms",
        "worst_time_latency": "0.422 ms",
        "average_time_latency": "0.422 ms",
        "min_interval": 42240,
        "max_interval": 42240,
        "Latency": 42239
    },
    "HLS": {
        "LUT": 8952,
        "FF": 2657,
        "DSP": 24,
        "BRAM": 0,
        "URAM": 0,
        "CP": 7.259
    },
    "IMPL": {
        "LUT": 2729,
        "FF": 1951,
        "DSP": 23,
        "BRAM": 0,
        "CP": 6.401,
        "PWR": 0.292
    }
}