{
    "LATENCY": {
        "best_latency": 93046,
        "worst_latency": 93046,
        "average_latency": 93046,
        "best_time_latency": "0.930 ms",
        "worst_time_latency": "0.930 ms",
        "average_time_latency": "0.930 ms",
        "min_interval": 93047,
        "max_interval": 93047,
        "Latency": 93046
    },
    "HLS": {
        "LUT": 1391,
        "FF": 561,
        "DSP": 11,
        "BRAM": 0,
        "URAM": 0,
        "CP": 7.259
    },
    "IMPL": {
        "LUT": 373,
        "FF": 285,
        "DSP": 11,
        "BRAM": 0,
        "CP": 5.438,
        "PWR": 0.259
    }
}