{
    "LATENCY": {
        "best_latency": 40752,
        "worst_latency": 40752,
        "average_latency": 40752,
        "best_time_latency": "0.408 ms",
        "worst_time_latency": "0.408 ms",
        "average_time_latency": "0.408 ms",
        "min_interval": 40753,
        "max_interval": 40753,
        "Latency": 40752
    },
    "HLS": {
        "LUT": 4010,
        "FF": 1003,
        "DSP": 8,
        "BRAM": 0,
        "URAM": 0,
        "CP": 7.259
    },
    "IMPL": {
        "LUT": 912,
        "FF": 467,
        "DSP": 4,
        "BRAM": 0,
        "CP": 6.416,
        "PWR": 0.268
    }
}