{
    "LATENCY": {
        "best_latency": 40085,
        "worst_latency": 40085,
        "average_latency": 40085,
        "best_time_latency": "0.401 ms",
        "worst_time_latency": "0.401 ms",
        "average_time_latency": "0.401 ms",
        "min_interval": 40086,
        "max_interval": 40086,
        "Latency": 40085
    },
    "HLS": {
        "LUT": 5275,
        "FF": 1524,
        "DSP": 32,
        "BRAM": 0,
        "URAM": 0,
        "CP": 7.259
    },
    "IMPL": {
        "LUT": 4394,
        "FF": 822,
        "DSP": 26,
        "BRAM": 0,
        "CP": 7.227,
        "PWR": 0.313
    }
}