{
    "LATENCY": {
        "best_latency": 35771,
        "worst_latency": 35771,
        "average_latency": 35771,
        "best_time_latency": "0.358 ms",
        "worst_time_latency": "0.358 ms",
        "average_time_latency": "0.358 ms",
        "min_interval": 35772,
        "max_interval": 35772,
        "Latency": 35771
    },
    "HLS": {
        "LUT": 6576,
        "FF": 2804,
        "DSP": 54,
        "BRAM": 0,
        "URAM": 0,
        "CP": 7.259
    },
    "IMPL": {
        "LUT": 2190,
        "FF": 1732,
        "DSP": 54,
        "BRAM": 0,
        "CP": 7.385,
        "PWR": 0.312
    }
}