{
    "LATENCY": {
        "best_latency": 47322,
        "worst_latency": 47322,
        "average_latency": 47322,
        "best_time_latency": "0.473 ms",
        "worst_time_latency": "0.473 ms",
        "average_time_latency": "0.473 ms",
        "min_interval": 47323,
        "max_interval": 47323,
        "Latency": 47322
    },
    "HLS": {
        "LUT": 6580,
        "FF": 1244,
        "DSP": 13,
        "BRAM": 0,
        "URAM": 0,
        "CP": 6.282
    },
    "IMPL": {
        "LUT": 871,
        "FF": 840,
        "DSP": 18,
        "BRAM": 0,
        "CP": 5.473,
        "PWR": 0.287
    }
}