{
    "LATENCY": {
        "best_latency": 54254,
        "worst_latency": 54254,
        "average_latency": 54254,
        "best_time_latency": "0.543 ms",
        "worst_time_latency": "0.543 ms",
        "average_time_latency": "0.543 ms",
        "min_interval": 54255,
        "max_interval": 54255,
        "Latency": 54254
    },
    "HLS": {
        "LUT": 4223,
        "FF": 841,
        "DSP": 6,
        "BRAM": 0,
        "URAM": 0,
        "CP": 7.259
    },
    "IMPL": {
        "LUT": 2987,
        "FF": 750,
        "DSP": 1,
        "BRAM": 0,
        "CP": 6.919,
        "PWR": 0.274
    }
}