{
    "LATENCY": {
        "best_latency": 58637,
        "worst_latency": 58637,
        "average_latency": 58637,
        "best_time_latency": "0.586 ms",
        "worst_time_latency": "0.586 ms",
        "average_time_latency": "0.586 ms",
        "min_interval": 58638,
        "max_interval": 58638,
        "Latency": 58637
    },
    "HLS": {
        "LUT": 7563,
        "FF": 2208,
        "DSP": 12,
        "BRAM": 0,
        "URAM": 0,
        "CP": 7.259
    },
    "IMPL": {
        "LUT": 6074,
        "FF": 1893,
        "DSP": 4,
        "BRAM": 0,
        "CP": 7.596,
        "PWR": 0.285
    }
}