{
    "LATENCY": {
        "best_latency": 59054,
        "worst_latency": 59054,
        "average_latency": 59054,
        "best_time_latency": "0.591 ms",
        "worst_time_latency": "0.591 ms",
        "average_time_latency": "0.591 ms",
        "min_interval": 59055,
        "max_interval": 59055,
        "Latency": 59054
    },
    "HLS": {
        "LUT": 4221,
        "FF": 875,
        "DSP": 6,
        "BRAM": 0,
        "URAM": 0,
        "CP": 6.282
    },
    "IMPL": {
        "LUT": 1037,
        "FF": 602,
        "DSP": 11,
        "BRAM": 0,
        "CP": 5.214,
        "PWR": 0.274
    }
}