{
    "LATENCY": {
        "best_latency": 47735,
        "worst_latency": 47735,
        "average_latency": 47735,
        "best_time_latency": "0.477 ms",
        "worst_time_latency": "0.477 ms",
        "average_time_latency": "0.477 ms",
        "min_interval": 47736,
        "max_interval": 47736,
        "Latency": 47735
    },
    "HLS": {
        "LUT": 10126,
        "FF": 1330,
        "DSP": 12,
        "BRAM": 0,
        "URAM": 0,
        "CP": 7.259
    },
    "IMPL": {
        "LUT": 1737,
        "FF": 917,
        "DSP": 12,
        "BRAM": 0,
        "CP": 5.899,
        "PWR": 0.269
    }
}