{
    "LATENCY": {
        "best_latency": 45596,
        "worst_latency": 45596,
        "average_latency": 45596,
        "best_time_latency": "0.456 ms",
        "worst_time_latency": "0.456 ms",
        "average_time_latency": "0.456 ms",
        "min_interval": 45597,
        "max_interval": 45597,
        "Latency": 45596
    },
    "HLS": {
        "LUT": 6477,
        "FF": 1787,
        "DSP": 12,
        "BRAM": 0,
        "URAM": 0,
        "CP": 7.259
    },
    "IMPL": {
        "LUT": 2106,
        "FF": 1182,
        "DSP": 12,
        "BRAM": 0,
        "CP": 6.334,
        "PWR": 0.263
    }
}