{
    "LATENCY": {
        "best_latency": 53009,
        "worst_latency": 53009,
        "average_latency": 53009,
        "best_time_latency": "0.530 ms",
        "worst_time_latency": "0.530 ms",
        "average_time_latency": "0.530 ms",
        "min_interval": 53010,
        "max_interval": 53010,
        "Latency": 53009
    },
    "HLS": {
        "LUT": 4706,
        "FF": 1102,
        "DSP": 6,
        "BRAM": 0,
        "URAM": 0,
        "CP": 6.615
    },
    "IMPL": {
        "LUT": 1932,
        "FF": 803,
        "DSP": 11,
        "BRAM": 0,
        "CP": 5.76,
        "PWR": 0.27
    }
}