{
    "LATENCY": {
        "best_latency": 80516,
        "worst_latency": 80516,
        "average_latency": 80516,
        "best_time_latency": "0.805 ms",
        "worst_time_latency": "0.805 ms",
        "average_time_latency": "0.805 ms",
        "min_interval": 80517,
        "max_interval": 80517,
        "Latency": 80516
    },
    "HLS": {
        "LUT": 8388,
        "FF": 1891,
        "DSP": 18,
        "BRAM": 0,
        "URAM": 0,
        "CP": 7.259
    },
    "IMPL": {
        "LUT": 2068,
        "FF": 1435,
        "DSP": 17,
        "BRAM": 0,
        "CP": 7.194,
        "PWR": 0.291
    }
}