{
    "LATENCY": {
        "best_latency": 28448,
        "worst_latency": 28448,
        "average_latency": 28448,
        "best_time_latency": "0.284 ms",
        "worst_time_latency": "0.284 ms",
        "average_time_latency": "0.284 ms",
        "min_interval": 28449,
        "max_interval": 28449,
        "Latency": 28448
    },
    "HLS": {
        "LUT": 10930,
        "FF": 2982,
        "DSP": 10,
        "BRAM": 0,
        "URAM": 0,
        "CP": 6.886
    },
    "IMPL": {
        "LUT": 5367,
        "FF": 2745,
        "DSP": 7,
        "BRAM": 0,
        "CP": 6.222,
        "PWR": 0.292
    }
}