{
    "LATENCY": {
        "best_latency": 34973,
        "worst_latency": 34973,
        "average_latency": 34973,
        "best_time_latency": "0.350 ms",
        "worst_time_latency": "0.350 ms",
        "average_time_latency": "0.350 ms",
        "min_interval": 34974,
        "max_interval": 34974,
        "Latency": 34973
    },
    "HLS": {
        "LUT": 19878,
        "FF": 5469,
        "DSP": 54,
        "BRAM": 0,
        "URAM": 0,
        "CP": 7.259
    },
    "IMPL": {
        "LUT": 5533,
        "FF": 3807,
        "DSP": 54,
        "BRAM": 0,
        "CP": 7.456,
        "PWR": 0.329
    }
}