{
    "LATENCY": {
        "best_latency": 36937,
        "worst_latency": 36937,
        "average_latency": 36937,
        "best_time_latency": "0.369 ms",
        "worst_time_latency": "0.369 ms",
        "average_time_latency": "0.369 ms",
        "min_interval": 36938,
        "max_interval": 36938,
        "Latency": 36937
    },
    "HLS": {
        "LUT": 6741,
        "FF": 2729,
        "DSP": 54,
        "BRAM": 0,
        "URAM": 0,
        "CP": 7.259
    },
    "IMPL": {
        "LUT": 2389,
        "FF": 1798,
        "DSP": 54,
        "BRAM": 0,
        "CP": 7.513,
        "PWR": 0.311
    }
}