{
    "LATENCY": {
        "best_latency": 43338,
        "worst_latency": 43338,
        "average_latency": 43338,
        "best_time_latency": "0.433 ms",
        "worst_time_latency": "0.433 ms",
        "average_time_latency": "0.433 ms",
        "min_interval": 43339,
        "max_interval": 43339,
        "Latency": 43338
    },
    "HLS": {
        "LUT": 8747,
        "FF": 2014,
        "DSP": 32,
        "BRAM": 0,
        "URAM": 0,
        "CP": 6.615
    },
    "IMPL": {
        "LUT": 1397,
        "FF": 1132,
        "DSP": 42,
        "BRAM": 0,
        "CP": 6.586,
        "PWR": 0.302
    }
}