{
    "LATENCY": {
        "best_latency": 40440,
        "worst_latency": 40440,
        "average_latency": 40440,
        "best_time_latency": "0.404 ms",
        "worst_time_latency": "0.404 ms",
        "average_time_latency": "0.404 ms",
        "min_interval": 40441,
        "max_interval": 40441,
        "Latency": 40440
    },
    "HLS": {
        "LUT": 10027,
        "FF": 1724,
        "DSP": 38,
        "BRAM": 0,
        "URAM": 0,
        "CP": 7.259
    },
    "IMPL": {
        "LUT": 1804,
        "FF": 873,
        "DSP": 38,
        "BRAM": 0,
        "CP": 7.068,
        "PWR": 0.292
    }
}