{
    "LATENCY": {
        "best_latency": 43458,
        "worst_latency": 43458,
        "average_latency": 43458,
        "best_time_latency": "0.435 ms",
        "worst_time_latency": "0.435 ms",
        "average_time_latency": "0.435 ms",
        "min_interval": 43459,
        "max_interval": 43459,
        "Latency": 43458
    },
    "HLS": {
        "LUT": 15680,
        "FF": 2420,
        "DSP": 26,
        "BRAM": 0,
        "URAM": 0,
        "CP": 6.615
    },
    "IMPL": {
        "LUT": 1544,
        "FF": 1328,
        "DSP": 32,
        "BRAM": 0,
        "CP": 6.072,
        "PWR": 0.293
    }
}