{
    "LATENCY": {
        "best_latency": 20972,
        "worst_latency": 20972,
        "average_latency": 20972,
        "best_time_latency": "0.210 ms",
        "worst_time_latency": "0.210 ms",
        "average_time_latency": "0.210 ms",
        "min_interval": 20973,
        "max_interval": 20973,
        "Latency": 20972
    },
    "HLS": {
        "LUT": 6521,
        "FF": 1655,
        "DSP": 32,
        "BRAM": 0,
        "URAM": 0,
        "CP": 6.615
    },
    "IMPL": {
        "LUT": 893,
        "FF": 915,
        "DSP": 42,
        "BRAM": 0,
        "CP": 6.603,
        "PWR": 0.308
    }
}