{
    "LATENCY": {
        "best_latency": 47456,
        "worst_latency": 47456,
        "average_latency": 47456,
        "best_time_latency": "0.475 ms",
        "worst_time_latency": "0.475 ms",
        "average_time_latency": "0.475 ms",
        "min_interval": 47457,
        "max_interval": 47457,
        "Latency": 47456
    },
    "HLS": {
        "LUT": 4266,
        "FF": 1565,
        "DSP": 19,
        "BRAM": 0,
        "URAM": 0,
        "CP": 7.259
    },
    "IMPL": {
        "LUT": 1093,
        "FF": 786,
        "DSP": 19,
        "BRAM": 0,
        "CP": 6.099,
        "PWR": 0.266
    }
}