{
    "LATENCY": {
        "best_latency": 48689,
        "worst_latency": 48689,
        "average_latency": 48689,
        "best_time_latency": "0.487 ms",
        "worst_time_latency": "0.487 ms",
        "average_time_latency": "0.487 ms",
        "min_interval": 48690,
        "max_interval": 48690,
        "Latency": 48689
    },
    "HLS": {
        "LUT": 10429,
        "FF": 1434,
        "DSP": 12,
        "BRAM": 0,
        "URAM": 0,
        "CP": 6.808
    },
    "IMPL": {
        "LUT": 1846,
        "FF": 1002,
        "DSP": 22,
        "BRAM": 0,
        "CP": 5.763,
        "PWR": 0.272
    }
}