{
    "LATENCY": {
        "best_latency": 43305,
        "worst_latency": 43305,
        "average_latency": 43305,
        "best_time_latency": "0.433 ms",
        "worst_time_latency": "0.433 ms",
        "average_time_latency": "0.433 ms",
        "min_interval": 43306,
        "max_interval": 43306,
        "Latency": 43305
    },
    "HLS": {
        "LUT": 6006,
        "FF": 1850,
        "DSP": 24,
        "BRAM": 0,
        "URAM": 0,
        "CP": 7.259
    },
    "IMPL": {
        "LUT": 1688,
        "FF": 1333,
        "DSP": 22,
        "BRAM": 0,
        "CP": 6.931,
        "PWR": 0.285
    }
}