{
    "LATENCY": {
        "best_latency": 40988,
        "worst_latency": 40988,
        "average_latency": 40988,
        "best_time_latency": "0.410 ms",
        "worst_time_latency": "0.410 ms",
        "average_time_latency": "0.410 ms",
        "min_interval": 40989,
        "max_interval": 40989,
        "Latency": 40988
    },
    "HLS": {
        "LUT": 7214,
        "FF": 1311,
        "DSP": 12,
        "BRAM": 0,
        "URAM": 0,
        "CP": 6.808
    },
    "IMPL": {
        "LUT": 1826,
        "FF": 882,
        "DSP": 21,
        "BRAM": 0,
        "CP": 5.944,
        "PWR": 0.283
    }
}