{
    "LATENCY": {
        "best_latency": 59731,
        "worst_latency": 59731,
        "average_latency": 59731,
        "best_time_latency": "0.597 ms",
        "worst_time_latency": "0.597 ms",
        "average_time_latency": "0.597 ms",
        "min_interval": 59732,
        "max_interval": 59732,
        "Latency": 59731
    },
    "HLS": {
        "LUT": 2242,
        "FF": 862,
        "DSP": 18,
        "BRAM": 0,
        "URAM": 0,
        "CP": 7.259
    },
    "IMPL": {
        "LUT": 1060,
        "FF": 584,
        "DSP": 18,
        "BRAM": 0,
        "CP": 6.955,
        "PWR": 0.278
    }
}