{
    "LATENCY": {
        "best_latency": 48792,
        "worst_latency": 48792,
        "average_latency": 48792,
        "best_time_latency": "0.488 ms",
        "worst_time_latency": "0.488 ms",
        "average_time_latency": "0.488 ms",
        "min_interval": 48793,
        "max_interval": 48793,
        "Latency": 48792
    },
    "HLS": {
        "LUT": 7628,
        "FF": 979,
        "DSP": 6,
        "BRAM": 0,
        "URAM": 0,
        "CP": 7.259
    },
    "IMPL": {
        "LUT": 3163,
        "FF": 882,
        "DSP": 0,
        "BRAM": 0,
        "CP": 6.752,
        "PWR": 0.275
    }
}