{
    "LATENCY": {
        "best_latency": 90194,
        "worst_latency": 90194,
        "average_latency": 90194,
        "best_time_latency": "0.902 ms",
        "worst_time_latency": "0.902 ms",
        "average_time_latency": "0.902 ms",
        "min_interval": 90195,
        "max_interval": 90195,
        "Latency": 90194
    },
    "HLS": {
        "LUT": 10873,
        "FF": 10844,
        "DSP": 0,
        "BRAM": 0,
        "URAM": 0,
        "CP": 6.808
    },
    "IMPL": {
        "LUT": 6036,
        "FF": 9620,
        "DSP": 0,
        "BRAM": 0,
        "CP": 7.837,
        "PWR": 0.283
    }
}