{
    "LATENCY": {
        "best_latency": 45519,
        "worst_latency": 45519,
        "average_latency": 45519,
        "best_time_latency": "0.455 ms",
        "worst_time_latency": "0.455 ms",
        "average_time_latency": "0.455 ms",
        "min_interval": 45520,
        "max_interval": 45520,
        "Latency": 45519
    },
    "HLS": {
        "LUT": 5486,
        "FF": 914,
        "DSP": 6,
        "BRAM": 0,
        "URAM": 0,
        "CP": 6.808
    },
    "IMPL": {
        "LUT": 1310,
        "FF": 605,
        "DSP": 11,
        "BRAM": 0,
        "CP": 4.893,
        "PWR": 0.276
    }
}