{
    "LATENCY": {
        "best_latency": 59139,
        "worst_latency": 59139,
        "average_latency": 59139,
        "best_time_latency": "0.591 ms",
        "worst_time_latency": "0.591 ms",
        "average_time_latency": "0.591 ms",
        "min_interval": 59140,
        "max_interval": 59140,
        "Latency": 59139
    },
    "HLS": {
        "LUT": 7055,
        "FF": 741,
        "DSP": 6,
        "BRAM": 0,
        "URAM": 0,
        "CP": 7.259
    },
    "IMPL": {
        "LUT": 985,
        "FF": 593,
        "DSP": 5,
        "BRAM": 0,
        "CP": 6.304,
        "PWR": 0.263
    }
}