{
    "LATENCY": {
        "best_latency": 55125,
        "worst_latency": 55125,
        "average_latency": 55125,
        "best_time_latency": "0.551 ms",
        "worst_time_latency": "0.551 ms",
        "average_time_latency": "0.551 ms",
        "min_interval": 55126,
        "max_interval": 55126,
        "Latency": 55125
    },
    "HLS": {
        "LUT": 2518,
        "FF": 624,
        "DSP": 8,
        "BRAM": 0,
        "URAM": 0,
        "CP": 6.282
    },
    "IMPL": {
        "LUT": 511,
        "FF": 373,
        "DSP": 10,
        "BRAM": 0,
        "CP": 4.973,
        "PWR": 0.263
    }
}