{
    "LATENCY": {
        "best_latency": 22661,
        "worst_latency": 22661,
        "average_latency": 22661,
        "best_time_latency": "0.227 ms",
        "worst_time_latency": "0.227 ms",
        "average_time_latency": "0.227 ms",
        "min_interval": 22662,
        "max_interval": 22662,
        "Latency": 22661
    },
    "HLS": {
        "LUT": 8527,
        "FF": 6554,
        "DSP": 271,
        "BRAM": 0,
        "URAM": 0,
        "CP": 7.259
    },
    "IMPL": {
        "LUT": 3561,
        "FF": 2050,
        "DSP": 239,
        "BRAM": 0,
        "CP": 9.098,
        "PWR": 0.504
    }
}