{
    "LATENCY": {
        "best_latency": 38555,
        "worst_latency": 38555,
        "average_latency": 38555,
        "best_time_latency": "0.386 ms",
        "worst_time_latency": "0.386 ms",
        "average_time_latency": "0.386 ms",
        "min_interval": 38556,
        "max_interval": 38556,
        "Latency": 38555
    },
    "HLS": {
        "LUT": 67047,
        "FF": 6771,
        "DSP": 0,
        "BRAM": 0,
        "URAM": 0,
        "CP": 6.808
    },
    "IMPL": {
        "LUT": 29463,
        "FF": 6618,
        "DSP": 0,
        "BRAM": 0,
        "CP": 8.639,
        "PWR": 0.491
    }
}