{
    "LATENCY": {
        "best_latency": 91389,
        "worst_latency": 91389,
        "average_latency": 91389,
        "best_time_latency": "0.914 ms",
        "worst_time_latency": "0.914 ms",
        "average_time_latency": "0.914 ms",
        "min_interval": 91390,
        "max_interval": 91390,
        "Latency": 91389
    },
    "HLS": {
        "LUT": 11153,
        "FF": 1208,
        "DSP": 22,
        "BRAM": 0,
        "URAM": 0,
        "CP": 7.259
    },
    "IMPL": {
        "LUT": 1563,
        "FF": 623,
        "DSP": 22,
        "BRAM": 0,
        "CP": 6.571,
        "PWR": 0.291
    }
}