{
    "LATENCY": {
        "best_latency": 21892,
        "worst_latency": 21892,
        "average_latency": 21892,
        "best_time_latency": "0.219 ms",
        "worst_time_latency": "0.219 ms",
        "average_time_latency": "0.219 ms",
        "min_interval": 21893,
        "max_interval": 21893,
        "Latency": 21892
    },
    "HLS": {
        "LUT": 6084,
        "FF": 1234,
        "DSP": 22,
        "BRAM": 0,
        "URAM": 0,
        "CP": 7.259
    },
    "IMPL": {
        "LUT": 1068,
        "FF": 653,
        "DSP": 21,
        "BRAM": 0,
        "CP": 6.149,
        "PWR": 0.288
    }
}