{
    "LATENCY": {
        "best_latency": 36491,
        "worst_latency": 36491,
        "average_latency": 36491,
        "best_time_latency": "0.365 ms",
        "worst_time_latency": "0.365 ms",
        "average_time_latency": "0.365 ms",
        "min_interval": 36492,
        "max_interval": 36492,
        "Latency": 36491
    },
    "HLS": {
        "LUT": 49678,
        "FF": 3470,
        "DSP": 0,
        "BRAM": 0,
        "URAM": 0,
        "CP": 6.974
    },
    "IMPL": {
        "LUT": 19144,
        "FF": 3103,
        "DSP": 0,
        "BRAM": 0,
        "CP": 8.393,
        "PWR": 0.391
    }
}