{
    "LATENCY": {
        "best_latency": 75120,
        "worst_latency": 75120,
        "average_latency": 75120,
        "best_time_latency": "0.751 ms",
        "worst_time_latency": "0.751 ms",
        "average_time_latency": "0.751 ms",
        "min_interval": 75121,
        "max_interval": 75121,
        "Latency": 75120
    },
    "HLS": {
        "LUT": 12845,
        "FF": 2051,
        "DSP": 44,
        "BRAM": 0,
        "URAM": 0,
        "CP": 7.259
    },
    "IMPL": {
        "LUT": 2172,
        "FF": 1092,
        "DSP": 43,
        "BRAM": 0,
        "CP": 7.544,
        "PWR": 0.308
    }
}