{
    "LATENCY": {
        "best_latency": 55783,
        "worst_latency": 55783,
        "average_latency": 55783,
        "best_time_latency": "0.558 ms",
        "worst_time_latency": "0.558 ms",
        "average_time_latency": "0.558 ms",
        "min_interval": 55784,
        "max_interval": 55784,
        "Latency": 55783
    },
    "HLS": {
        "LUT": 1787,
        "FF": 915,
        "DSP": 22,
        "BRAM": 0,
        "URAM": 0,
        "CP": 7.259
    },
    "IMPL": {
        "LUT": 540,
        "FF": 492,
        "DSP": 20,
        "BRAM": 0,
        "CP": 6.914,
        "PWR": 0.277
    }
}