{
    "LATENCY": {
        "best_latency": 94245,
        "worst_latency": 94245,
        "average_latency": 94245,
        "best_time_latency": "0.942 ms",
        "worst_time_latency": "0.942 ms",
        "average_time_latency": "0.942 ms",
        "min_interval": 94246,
        "max_interval": 94246,
        "Latency": 94245
    },
    "HLS": {
        "LUT": 8198,
        "FF": 1098,
        "DSP": 0,
        "BRAM": 0,
        "URAM": 0,
        "CP": 6.465
    },
    "IMPL": {
        "LUT": 3254,
        "FF": 984,
        "DSP": 0,
        "BRAM": 0,
        "CP": 5.918,
        "PWR": 0.271
    }
}