{
    "LATENCY": {
        "best_latency": 53936,
        "worst_latency": 53936,
        "average_latency": 53936,
        "best_time_latency": "0.539 ms",
        "worst_time_latency": "0.539 ms",
        "average_time_latency": "0.539 ms",
        "min_interval": 53937,
        "max_interval": 53937,
        "Latency": 53936
    },
    "HLS": {
        "LUT": 4169,
        "FF": 964,
        "DSP": 16,
        "BRAM": 0,
        "URAM": 0,
        "CP": 7.259
    },
    "IMPL": {
        "LUT": 3070,
        "FF": 567,
        "DSP": 12,
        "BRAM": 0,
        "CP": 7.608,
        "PWR": 0.289
    }
}