{
    "LATENCY": {
        "best_latency": 55538,
        "worst_latency": 55538,
        "average_latency": 55538,
        "best_time_latency": "0.555 ms",
        "worst_time_latency": "0.555 ms",
        "average_time_latency": "0.555 ms",
        "min_interval": 55539,
        "max_interval": 55539,
        "Latency": 55538
    },
    "HLS": {
        "LUT": 5648,
        "FF": 926,
        "DSP": 22,
        "BRAM": 0,
        "URAM": 0,
        "CP": 7.259
    },
    "IMPL": {
        "LUT": 721,
        "FF": 485,
        "DSP": 21,
        "BRAM": 0,
        "CP": 6.229,
        "PWR": 0.281
    }
}