{
    "LATENCY": {
        "best_latency": 27537,
        "worst_latency": 27537,
        "average_latency": 27537,
        "best_time_latency": "0.275 ms",
        "worst_time_latency": "0.275 ms",
        "average_time_latency": "0.275 ms",
        "min_interval": 27538,
        "max_interval": 27538,
        "Latency": 27537
    },
    "HLS": {
        "LUT": 11139,
        "FF": 1495,
        "DSP": 0,
        "BRAM": 0,
        "URAM": 0,
        "CP": 6.974
    },
    "IMPL": {
        "LUT": 4067,
        "FF": 1306,
        "DSP": 0,
        "BRAM": 0,
        "CP": 6.112,
        "PWR": 0.282
    }
}