{
    "LATENCY": {
        "best_latency": 51366,
        "worst_latency": 51366,
        "average_latency": 51366,
        "best_time_latency": "0.514 ms",
        "worst_time_latency": "0.514 ms",
        "average_time_latency": "0.514 ms",
        "min_interval": 51367,
        "max_interval": 51367,
        "Latency": 51366
    },
    "HLS": {
        "LUT": 40812,
        "FF": 1831,
        "DSP": 22,
        "BRAM": 0,
        "URAM": 0,
        "CP": 7.259
    },
    "IMPL": {
        "LUT": 5388,
        "FF": 1574,
        "DSP": 5,
        "BRAM": 0,
        "CP": 6.361,
        "PWR": 0.31
    }
}