{
    "LATENCY": {
        "best_latency": 49475,
        "worst_latency": 49475,
        "average_latency": 49475,
        "best_time_latency": "0.495 ms",
        "worst_time_latency": "0.495 ms",
        "average_time_latency": "0.495 ms",
        "min_interval": 49476,
        "max_interval": 49476,
        "Latency": 49475
    },
    "HLS": {
        "LUT": 8928,
        "FF": 1961,
        "DSP": 22,
        "BRAM": 0,
        "URAM": 0,
        "CP": 7.259
    },
    "IMPL": {
        "LUT": 1388,
        "FF": 1275,
        "DSP": 21,
        "BRAM": 0,
        "CP": 6.323,
        "PWR": 0.285
    }
}