{
    "LATENCY": {
        "best_latency": 41577,
        "worst_latency": 41577,
        "average_latency": 41577,
        "best_time_latency": "0.416 ms",
        "worst_time_latency": "0.416 ms",
        "average_time_latency": "0.416 ms",
        "min_interval": 41578,
        "max_interval": 41578,
        "Latency": 41577
    },
    "HLS": {
        "LUT": 6131,
        "FF": 829,
        "DSP": 0,
        "BRAM": 0,
        "URAM": 0,
        "CP": 6.886
    },
    "IMPL": {
        "LUT": 3321,
        "FF": 816,
        "DSP": 0,
        "BRAM": 0,
        "CP": 6.912,
        "PWR": 0.267
    }
}