{
    "LATENCY": {
        "best_latency": 42333,
        "worst_latency": 42333,
        "average_latency": 42333,
        "best_time_latency": "0.423 ms",
        "worst_time_latency": "0.423 ms",
        "average_time_latency": "0.423 ms",
        "min_interval": 42334,
        "max_interval": 42334,
        "Latency": 42333
    },
    "HLS": {
        "LUT": 12961,
        "FF": 1619,
        "DSP": 0,
        "BRAM": 0,
        "URAM": 0,
        "CP": 7.152
    },
    "IMPL": {
        "LUT": 6909,
        "FF": 1385,
        "DSP": 0,
        "BRAM": 0,
        "CP": 7.137,
        "PWR": 0.28
    }
}