{
    "LATENCY": {
        "best_latency": 14152,
        "worst_latency": 14152,
        "average_latency": 14152,
        "best_time_latency": "0.142 ms",
        "worst_time_latency": "0.142 ms",
        "average_time_latency": "0.142 ms",
        "min_interval": 14153,
        "max_interval": 14153,
        "Latency": 14152
    },
    "HLS": {
        "LUT": 21156,
        "FF": 3294,
        "DSP": 36,
        "BRAM": 0,
        "URAM": 0,
        "CP": 6.886
    },
    "IMPL": {
        "LUT": 2554,
        "FF": 2788,
        "DSP": 67,
        "BRAM": 0,
        "CP": 7.566,
        "PWR": 0.312
    }
}