{
    "LATENCY": {
        "best_latency": 76469,
        "worst_latency": 76469,
        "average_latency": 76469,
        "best_time_latency": "0.765 ms",
        "worst_time_latency": "0.765 ms",
        "average_time_latency": "0.765 ms",
        "min_interval": 76470,
        "max_interval": 76470,
        "Latency": 76469
    },
    "HLS": {
        "LUT": 8327,
        "FF": 1284,
        "DSP": 22,
        "BRAM": 0,
        "URAM": 0,
        "CP": 7.259
    },
    "IMPL": {
        "LUT": 1017,
        "FF": 778,
        "DSP": 22,
        "BRAM": 0,
        "CP": 6.497,
        "PWR": 0.287
    }
}