{
    "LATENCY": {
        "best_latency": 13967,
        "worst_latency": 13967,
        "average_latency": 13967,
        "best_time_latency": "0.140 ms",
        "worst_time_latency": "0.140 ms",
        "average_time_latency": "0.140 ms",
        "min_interval": 13968,
        "max_interval": 13968,
        "Latency": 13967
    },
    "HLS": {
        "LUT": 8021,
        "FF": 8795,
        "DSP": 278,
        "BRAM": 0,
        "URAM": 0,
        "CP": 7.259
    },
    "IMPL": {
        "LUT": 3601,
        "FF": 3064,
        "DSP": 238,
        "BRAM": 0,
        "CP": 7.777,
        "PWR": 0.543
    }
}