{
    "LATENCY": {
        "best_latency": 76059,
        "worst_latency": 76059,
        "average_latency": 76059,
        "best_time_latency": "0.761 ms",
        "worst_time_latency": "0.761 ms",
        "average_time_latency": "0.761 ms",
        "min_interval": 76060,
        "max_interval": 76060,
        "Latency": 76059
    },
    "HLS": {
        "LUT": 9722,
        "FF": 2271,
        "DSP": 22,
        "BRAM": 0,
        "URAM": 0,
        "CP": 7.259
    },
    "IMPL": {
        "LUT": 1493,
        "FF": 1329,
        "DSP": 21,
        "BRAM": 0,
        "CP": 6.798,
        "PWR": 0.278
    }
}