{
    "LATENCY": {
        "best_latency": 54764,
        "worst_latency": 54764,
        "average_latency": 54764,
        "best_time_latency": "0.548 ms",
        "worst_time_latency": "0.548 ms",
        "average_time_latency": "0.548 ms",
        "min_interval": 54765,
        "max_interval": 54765,
        "Latency": 54764
    },
    "HLS": {
        "LUT": 5083,
        "FF": 1769,
        "DSP": 22,
        "BRAM": 0,
        "URAM": 0,
        "CP": 7.259
    },
    "IMPL": {
        "LUT": 1243,
        "FF": 1467,
        "DSP": 21,
        "BRAM": 0,
        "CP": 6.456,
        "PWR": 0.279
    }
}