{
    "LATENCY": {
        "best_latency": 52923,
        "worst_latency": 52923,
        "average_latency": 52923,
        "best_time_latency": "0.529 ms",
        "worst_time_latency": "0.529 ms",
        "average_time_latency": "0.529 ms",
        "min_interval": 52924,
        "max_interval": 52924,
        "Latency": 52923
    },
    "HLS": {
        "LUT": 10824,
        "FF": 918,
        "DSP": 22,
        "BRAM": 0,
        "URAM": 0,
        "CP": 7.259
    },
    "IMPL": {
        "LUT": 1258,
        "FF": 549,
        "DSP": 23,
        "BRAM": 0,
        "CP": 6.48,
        "PWR": 0.287
    }
}