{
    "LATENCY": {
        "best_latency": 51893,
        "worst_latency": 51893,
        "average_latency": 51893,
        "best_time_latency": "0.519 ms",
        "worst_time_latency": "0.519 ms",
        "average_time_latency": "0.519 ms",
        "min_interval": 51894,
        "max_interval": 51894,
        "Latency": 51893
    },
    "HLS": {
        "LUT": 21744,
        "FF": 2808,
        "DSP": 22,
        "BRAM": 0,
        "URAM": 0,
        "CP": 7.259
    },
    "IMPL": {
        "LUT": 3909,
        "FF": 2360,
        "DSP": 22,
        "BRAM": 0,
        "CP": 6.768,
        "PWR": 0.27
    }
}