{
    "LATENCY": {
        "best_latency": 107411,
        "worst_latency": 107411,
        "average_latency": 107411,
        "best_time_latency": "1.074 ms",
        "worst_time_latency": "1.074 ms",
        "average_time_latency": "1.074 ms",
        "min_interval": 107412,
        "max_interval": 107412,
        "Latency": 107411
    },
    "HLS": {
        "LUT": 96816,
        "FF": 9363,
        "DSP": 0,
        "BRAM": 0,
        "URAM": 0,
        "CP": 6.974
    },
    "IMPL": {
        "LUT": 19126,
        "FF": 9200,
        "DSP": 0,
        "BRAM": 0,
        "CP": 8.258,
        "PWR": 0.31
    }
}