{
    "LATENCY": {
        "best_latency": 74891,
        "worst_latency": 74891,
        "average_latency": 74891,
        "best_time_latency": "0.749 ms",
        "worst_time_latency": "0.749 ms",
        "average_time_latency": "0.749 ms",
        "min_interval": 74892,
        "max_interval": 74892,
        "Latency": 74891
    },
    "HLS": {
        "LUT": 6438,
        "FF": 1153,
        "DSP": 22,
        "BRAM": 0,
        "URAM": 0,
        "CP": 7.259
    },
    "IMPL": {
        "LUT": 965,
        "FF": 464,
        "DSP": 20,
        "BRAM": 0,
        "CP": 6.805,
        "PWR": 0.283
    }
}