{
    "LATENCY": {
        "best_latency": 60044,
        "worst_latency": 60044,
        "average_latency": 60044,
        "best_time_latency": "0.600 ms",
        "worst_time_latency": "0.600 ms",
        "average_time_latency": "0.600 ms",
        "min_interval": 60045,
        "max_interval": 60045,
        "Latency": 60044
    },
    "HLS": {
        "LUT": 12258,
        "FF": 1647,
        "DSP": 22,
        "BRAM": 0,
        "URAM": 0,
        "CP": 7.259
    },
    "IMPL": {
        "LUT": 1654,
        "FF": 1043,
        "DSP": 22,
        "BRAM": 0,
        "CP": 6.915,
        "PWR": 0.285
    }
}