{
    "LATENCY": {
        "best_latency": 34812,
        "worst_latency": 34812,
        "average_latency": 34812,
        "best_time_latency": "0.348 ms",
        "worst_time_latency": "0.348 ms",
        "average_time_latency": "0.348 ms",
        "min_interval": 34813,
        "max_interval": 34813,
        "Latency": 34812
    },
    "HLS": {
        "LUT": 4854,
        "FF": 2945,
        "DSP": 103,
        "BRAM": 0,
        "URAM": 0,
        "CP": 7.259
    },
    "IMPL": {
        "LUT": 1874,
        "FF": 1166,
        "DSP": 94,
        "BRAM": 0,
        "CP": 8.974,
        "PWR": 0.342
    }
}