{
    "LATENCY": {
        "best_latency": 59144,
        "worst_latency": 59144,
        "average_latency": 59144,
        "best_time_latency": "0.591 ms",
        "worst_time_latency": "0.591 ms",
        "average_time_latency": "0.591 ms",
        "min_interval": 59145,
        "max_interval": 59145,
        "Latency": 59144
    },
    "HLS": {
        "LUT": 15152,
        "FF": 1705,
        "DSP": 6,
        "BRAM": 0,
        "URAM": 0,
        "CP": 7.259
    },
    "IMPL": {
        "LUT": 4470,
        "FF": 1346,
        "DSP": 0,
        "BRAM": 0,
        "CP": 6.65,
        "PWR": 0.276
    }
}