{
    "LATENCY": {
        "best_latency": 37873,
        "worst_latency": 37873,
        "average_latency": 37873,
        "best_time_latency": "0.379 ms",
        "worst_time_latency": "0.379 ms",
        "average_time_latency": "0.379 ms",
        "min_interval": 37874,
        "max_interval": 37874,
        "Latency": 37873
    },
    "HLS": {
        "LUT": 65410,
        "FF": 10387,
        "DSP": 308,
        "BRAM": 0,
        "URAM": 0,
        "CP": 7.259
    },
    "IMPL": {
        "LUT": 6629,
        "FF": 3314,
        "DSP": 307,
        "BRAM": 0,
        "CP": 8.816,
        "PWR": 0.65
    }
}