{
    "LATENCY": {
        "best_latency": 61638,
        "worst_latency": 61638,
        "average_latency": 61638,
        "best_time_latency": "0.616 ms",
        "worst_time_latency": "0.616 ms",
        "average_time_latency": "0.616 ms",
        "min_interval": 61639,
        "max_interval": 61639,
        "Latency": 61638
    },
    "HLS": {
        "LUT": 13754,
        "FF": 1485,
        "DSP": 0,
        "BRAM": 0,
        "URAM": 0,
        "CP": 6.974
    },
    "IMPL": {
        "LUT": 3354,
        "FF": 1247,
        "DSP": 0,
        "BRAM": 0,
        "CP": 6.763,
        "PWR": 0.276
    }
}