{
    "LATENCY": {
        "best_latency": 27086,
        "worst_latency": 27086,
        "average_latency": 27086,
        "best_time_latency": "0.271 ms",
        "worst_time_latency": "0.271 ms",
        "average_time_latency": "0.271 ms",
        "min_interval": 27087,
        "max_interval": 27087,
        "Latency": 27086
    },
    "HLS": {
        "LUT": 2486,
        "FF": 1605,
        "DSP": 44,
        "BRAM": 0,
        "URAM": 0,
        "CP": 7.259
    },
    "IMPL": {
        "LUT": 992,
        "FF": 778,
        "DSP": 40,
        "BRAM": 0,
        "CP": 6.679,
        "PWR": 0.298
    }
}