{
    "LATENCY": {
        "best_latency": 39945,
        "worst_latency": 39945,
        "average_latency": 39945,
        "best_time_latency": "0.399 ms",
        "worst_time_latency": "0.399 ms",
        "average_time_latency": "0.399 ms",
        "min_interval": 39946,
        "max_interval": 39946,
        "Latency": 39945
    },
    "HLS": {
        "LUT": 12095,
        "FF": 1681,
        "DSP": 0,
        "BRAM": 0,
        "URAM": 0,
        "CP": 7.152
    },
    "IMPL": {
        "LUT": 7741,
        "FF": 1552,
        "DSP": 0,
        "BRAM": 0,
        "CP": 6.648,
        "PWR": 0.28
    }
}