{
    "LATENCY": {
        "best_latency": 2457,
        "worst_latency": 2457,
        "average_latency": 2457,
        "best_time_latency": "24.570 us",
        "worst_time_latency": "24.570 us",
        "average_time_latency": "24.570 us",
        "min_interval": 2458,
        "max_interval": 2458,
        "Latency": 2457
    },
    "HLS": {
        "LUT": 83757,
        "FF": 48550,
        "DSP": 147,
        "BRAM": 0,
        "URAM": 0,
        "CP": 7.148
    },
    "IMPL": {
        "LUT": 68880,
        "FF": 51325,
        "DSP": 147,
        "BRAM": 0,
        "CP": 9.563,
        "PWR": 0.917
    }
}