{
    "LATENCY": {
        "best_latency": 2465,
        "worst_latency": 2465,
        "average_latency": 2465,
        "best_time_latency": "24.650 us",
        "worst_time_latency": "24.650 us",
        "average_time_latency": "24.650 us",
        "min_interval": 2466,
        "max_interval": 2466,
        "Latency": 2465
    },
    "HLS": {
        "LUT": 76881,
        "FF": 49514,
        "DSP": 127,
        "BRAM": 0,
        "URAM": 0,
        "CP": 7.697
    },
    "IMPL": {
        "LUT": 73516,
        "FF": 52184,
        "DSP": 127,
        "BRAM": 0,
        "CP": 9.713,
        "PWR": 1.217
    }
}