{
    "LATENCY": {
        "best_latency": 2475,
        "worst_latency": 2475,
        "average_latency": 2475,
        "best_time_latency": "24.750 us",
        "worst_time_latency": "24.750 us",
        "average_time_latency": "24.750 us",
        "min_interval": 2476,
        "max_interval": 2476,
        "Latency": 2475
    },
    "HLS": {
        "LUT": 90392,
        "FF": 49083,
        "DSP": 130,
        "BRAM": 0,
        "URAM": 0,
        "CP": 7.697
    },
    "IMPL": {
        "LUT": 73526,
        "FF": 51706,
        "DSP": 130,
        "BRAM": 0,
        "CP": 9.749,
        "PWR": 1.25
    }
}