{
    "LATENCY": {
        "best_latency": 2466,
        "worst_latency": 2466,
        "average_latency": 2466,
        "best_time_latency": "24.660 us",
        "worst_time_latency": "24.660 us",
        "average_time_latency": "24.660 us",
        "min_interval": 2467,
        "max_interval": 2467,
        "Latency": 2466
    },
    "HLS": {
        "LUT": 85512,
        "FF": 48660,
        "DSP": 150,
        "BRAM": 0,
        "URAM": 0,
        "CP": 7.697
    },
    "IMPL": {
        "LUT": 67374,
        "FF": 51618,
        "DSP": 150,
        "BRAM": 0,
        "CP": 9.624,
        "PWR": 0.915
    }
}