{
    "LATENCY": {
        "best_latency": 2465,
        "worst_latency": 2465,
        "average_latency": 2465,
        "best_time_latency": "24.650 us",
        "worst_time_latency": "24.650 us",
        "average_time_latency": "24.650 us",
        "min_interval": 2466,
        "max_interval": 2466,
        "Latency": 2465
    },
    "HLS": {
        "LUT": 75133,
        "FF": 48852,
        "DSP": 127,
        "BRAM": 0,
        "URAM": 0,
        "CP": 7.697
    },
    "IMPL": {
        "LUT": 72254,
        "FF": 51644,
        "DSP": 127,
        "BRAM": 0,
        "CP": 9.617,
        "PWR": 1.202
    }
}