{
    "LATENCY": {
        "best_latency": 2475,
        "worst_latency": 2475,
        "average_latency": 2475,
        "best_time_latency": "24.750 us",
        "worst_time_latency": "24.750 us",
        "average_time_latency": "24.750 us",
        "min_interval": 2476,
        "max_interval": 2476,
        "Latency": 2475
    },
    "HLS": {
        "LUT": 77545,
        "FF": 48271,
        "DSP": 160,
        "BRAM": 0,
        "URAM": 0,
        "CP": 7.697
    },
    "IMPL": {
        "LUT": 61214,
        "FF": 51020,
        "DSP": 160,
        "BRAM": 0,
        "CP": 9.604,
        "PWR": 1.253
    }
}