{
    "LATENCY": {
        "best_latency": 2475,
        "worst_latency": 2475,
        "average_latency": 2475,
        "best_time_latency": "24.750 us",
        "worst_time_latency": "24.750 us",
        "average_time_latency": "24.750 us",
        "min_interval": 2476,
        "max_interval": 2476,
        "Latency": 2475
    },
    "HLS": {
        "LUT": 87394,
        "FF": 48183,
        "DSP": 160,
        "BRAM": 0,
        "URAM": 0,
        "CP": 7.697
    },
    "IMPL": {
        "LUT": 63089,
        "FF": 50809,
        "DSP": 160,
        "BRAM": 0,
        "CP": 9.664,
        "PWR": 0.922
    }
}