{
    "LATENCY": {
        "best_latency": 2466,
        "worst_latency": 2466,
        "average_latency": 2466,
        "best_time_latency": "24.660 us",
        "worst_time_latency": "24.660 us",
        "average_time_latency": "24.660 us",
        "min_interval": 2467,
        "max_interval": 2467,
        "Latency": 2466
    },
    "HLS": {
        "LUT": 89384,
        "FF": 48522,
        "DSP": 150,
        "BRAM": 0,
        "URAM": 0,
        "CP": 7.697
    },
    "IMPL": {
        "LUT": 67559,
        "FF": 50893,
        "DSP": 150,
        "BRAM": 0,
        "CP": 9.519,
        "PWR": 0.893
    }
}