{
    "LATENCY": {
        "best_latency": 2476,
        "worst_latency": 2476,
        "average_latency": 2476,
        "best_time_latency": "24.760 us",
        "worst_time_latency": "24.760 us",
        "average_time_latency": "24.760 us",
        "min_interval": 2477,
        "max_interval": 2477,
        "Latency": 2476
    },
    "HLS": {
        "LUT": 73469,
        "FF": 49099,
        "DSP": 150,
        "BRAM": 0,
        "URAM": 0,
        "CP": 7.697
    },
    "IMPL": {
        "LUT": 68102,
        "FF": 51917,
        "DSP": 150,
        "BRAM": 0,
        "CP": 9.7,
        "PWR": 1.255
    }
}