{
    "LATENCY": {
        "best_latency": 348353,
        "worst_latency": 348353,
        "average_latency": 348353,
        "best_time_latency": "3.484 ms",
        "worst_time_latency": "3.484 ms",
        "average_time_latency": "3.484 ms",
        "min_interval": 348354,
        "max_interval": 348354,
        "Latency": 348353
    },
    "HLS": {
        "LUT": 17464,
        "FF": 3303,
        "DSP": 0,
        "BRAM": 0,
        "URAM": 0,
        "CP": 6.51
    },
    "IMPL": {
        "LUT": 3445,
        "FF": 2943,
        "DSP": 0,
        "BRAM": 0,
        "CP": 4.364,
        "PWR": 0.259
    }
}