{
    "LATENCY": {
        "best_latency": 396673,
        "worst_latency": 396673,
        "average_latency": 396673,
        "best_time_latency": "3.967 ms",
        "worst_time_latency": "3.967 ms",
        "average_time_latency": "3.967 ms",
        "min_interval": 396674,
        "max_interval": 396674,
        "Latency": 396673
    },
    "HLS": {
        "LUT": 38225,
        "FF": 3273,
        "DSP": 0,
        "BRAM": 0,
        "URAM": 0,
        "CP": 6.886
    },
    "IMPL": {
        "LUT": 4076,
        "FF": 2913,
        "DSP": 0,
        "BRAM": 0,
        "CP": 5.381,
        "PWR": 0.271
    }
}