{
    "LATENCY": {
        "best_latency": 368913,
        "worst_latency": 368913,
        "average_latency": 368913,
        "best_time_latency": "3.689 ms",
        "worst_time_latency": "3.689 ms",
        "average_time_latency": "3.689 ms",
        "min_interval": 368914,
        "max_interval": 368914,
        "Latency": 368913
    },
    "HLS": {
        "LUT": 16291,
        "FF": 2170,
        "DSP": 0,
        "BRAM": 0,
        "URAM": 0,
        "CP": 7.266
    },
    "IMPL": {
        "LUT": 2511,
        "FF": 1803,
        "DSP": 0,
        "BRAM": 0,
        "CP": 4.789,
        "PWR": 0.259
    }
}