{
    "LATENCY": {
        "best_latency": 250129,
        "worst_latency": 250129,
        "average_latency": 250129,
        "best_time_latency": "2.501 ms",
        "worst_time_latency": "2.501 ms",
        "average_time_latency": "2.501 ms",
        "min_interval": 250130,
        "max_interval": 250130,
        "Latency": 250129
    },
    "HLS": {
        "LUT": 8152,
        "FF": 1559,
        "DSP": 0,
        "BRAM": 0,
        "URAM": 0,
        "CP": 6.89
    },
    "IMPL": {
        "LUT": 1728,
        "FF": 1445,
        "DSP": 0,
        "BRAM": 0,
        "CP": 4.314,
        "PWR": 0.254
    }
}