{
    "LATENCY": {
        "best_latency": 298305,
        "worst_latency": 298305,
        "average_latency": 298305,
        "best_time_latency": "2.983 ms",
        "worst_time_latency": "2.983 ms",
        "average_time_latency": "2.983 ms",
        "min_interval": 298306,
        "max_interval": 298306,
        "Latency": 298305
    },
    "HLS": {
        "LUT": 9441,
        "FF": 2741,
        "DSP": 0,
        "BRAM": 0,
        "URAM": 0,
        "CP": 6.89
    },
    "IMPL": {
        "LUT": 2375,
        "FF": 2130,
        "DSP": 0,
        "BRAM": 0,
        "CP": 5.773,
        "PWR": 0.261
    }
}