{
    "LATENCY": {
        "best_latency": 251169,
        "worst_latency": 251185,
        "average_latency": 251185,
        "best_time_latency": "2.512 ms",
        "worst_time_latency": "2.512 ms",
        "average_time_latency": "2.512 ms",
        "min_interval": 251170,
        "max_interval": 251186,
        "Latency": 251185
    },
    "HLS": {
        "LUT": 8575,
        "FF": 1742,
        "DSP": 0,
        "BRAM": 0,
        "URAM": 0,
        "CP": 6.465
    },
    "IMPL": {
        "LUT": 2065,
        "FF": 1558,
        "DSP": 0,
        "BRAM": 0,
        "CP": 4.221,
        "PWR": 0.257
    }
}