{
    "LATENCY": {
        "best_latency": 498033,
        "worst_latency": 506225,
        "average_latency": 502129,
        "best_time_latency": "4.980 ms",
        "worst_time_latency": "5.062 ms",
        "average_time_latency": "5.021 ms",
        "min_interval": 498034,
        "max_interval": 506226,
        "Latency": 502129
    },
    "HLS": {
        "LUT": 22290,
        "FF": 3253,
        "DSP": 0,
        "BRAM": 0,
        "URAM": 0,
        "CP": 7.266
    },
    "IMPL": {
        "LUT": 2885,
        "FF": 2374,
        "DSP": 0,
        "BRAM": 0,
        "CP": 4.958,
        "PWR": 0.271
    }
}