{
    "LATENCY": {
        "best_latency": 431409,
        "worst_latency": 472369,
        "average_latency": 451889,
        "best_time_latency": "4.314 ms",
        "worst_time_latency": "4.724 ms",
        "average_time_latency": "4.519 ms",
        "min_interval": 431410,
        "max_interval": 472370,
        "Latency": 451889
    },
    "HLS": {
        "LUT": 20402,
        "FF": 2049,
        "DSP": 0,
        "BRAM": 0,
        "URAM": 0,
        "CP": 6.886
    },
    "IMPL": {
        "LUT": 2493,
        "FF": 1740,
        "DSP": 0,
        "BRAM": 0,
        "CP": 4.296,
        "PWR": 0.258
    }
}