{
    "LATENCY": {
        "best_latency": 397681,
        "worst_latency": 397681,
        "average_latency": 397681,
        "best_time_latency": "3.977 ms",
        "worst_time_latency": "3.977 ms",
        "average_time_latency": "3.977 ms",
        "min_interval": 397682,
        "max_interval": 397682,
        "Latency": 397681
    },
    "HLS": {
        "LUT": 16763,
        "FF": 2724,
        "DSP": 0,
        "BRAM": 0,
        "URAM": 0,
        "CP": 7.266
    },
    "IMPL": {
        "LUT": 2678,
        "FF": 2346,
        "DSP": 0,
        "BRAM": 0,
        "CP": 4.772,
        "PWR": 0.266
    }
}