{
    "LATENCY": {
        "best_latency": 489761,
        "worst_latency": 489761,
        "average_latency": 489761,
        "best_time_latency": "4.898 ms",
        "worst_time_latency": "4.898 ms",
        "average_time_latency": "4.898 ms",
        "min_interval": 489762,
        "max_interval": 489762,
        "Latency": 489761
    },
    "HLS": {
        "LUT": 14330,
        "FF": 1632,
        "DSP": 0,
        "BRAM": 0,
        "URAM": 0,
        "CP": 6.89
    },
    "IMPL": {
        "LUT": 1959,
        "FF": 1492,
        "DSP": 0,
        "BRAM": 0,
        "CP": 3.928,
        "PWR": 0.252
    }
}