{
    "LATENCY": {
        "best_latency": 352609,
        "worst_latency": 385377,
        "average_latency": 368993,
        "best_time_latency": "3.526 ms",
        "worst_time_latency": "3.854 ms",
        "average_time_latency": "3.690 ms",
        "min_interval": 352610,
        "max_interval": 385378,
        "Latency": 368993
    },
    "HLS": {
        "LUT": 8107,
        "FF": 1577,
        "DSP": 0,
        "BRAM": 0,
        "URAM": 0,
        "CP": 7.266
    },
    "IMPL": {
        "LUT": 1628,
        "FF": 1324,
        "DSP": 0,
        "BRAM": 0,
        "CP": 3.889,
        "PWR": 0.262
    }
}