{
    "LATENCY": {
        "best_latency": 407841,
        "worst_latency": 407841,
        "average_latency": 407841,
        "best_time_latency": "4.078 ms",
        "worst_time_latency": "4.078 ms",
        "average_time_latency": "4.078 ms",
        "min_interval": 407842,
        "max_interval": 407842,
        "Latency": 407841
    },
    "HLS": {
        "LUT": 30309,
        "FF": 3978,
        "DSP": 0,
        "BRAM": 0,
        "URAM": 0,
        "CP": 7.266
    },
    "IMPL": {
        "LUT": 3547,
        "FF": 3020,
        "DSP": 0,
        "BRAM": 0,
        "CP": 5.024,
        "PWR": 0.279
    }
}