{
    "LATENCY": {
        "best_latency": 381201,
        "worst_latency": 381201,
        "average_latency": 381201,
        "best_time_latency": "3.812 ms",
        "worst_time_latency": "3.812 ms",
        "average_time_latency": "3.812 ms",
        "min_interval": 381202,
        "max_interval": 381202,
        "Latency": 381201
    },
    "HLS": {
        "LUT": 6372,
        "FF": 1218,
        "DSP": 0,
        "BRAM": 0,
        "URAM": 0,
        "CP": 7.266
    },
    "IMPL": {
        "LUT": 1174,
        "FF": 982,
        "DSP": 0,
        "BRAM": 0,
        "CP": 3.77,
        "PWR": 0.258
    }
}