{
    "LATENCY": {
        "best_latency": 213297,
        "worst_latency": 213297,
        "average_latency": 213297,
        "best_time_latency": "2.133 ms",
        "worst_time_latency": "2.133 ms",
        "average_time_latency": "2.133 ms",
        "min_interval": 213298,
        "max_interval": 213298,
        "Latency": 213297
    },
    "HLS": {
        "LUT": 9157,
        "FF": 1640,
        "DSP": 0,
        "BRAM": 0,
        "URAM": 0,
        "CP": 7.266
    },
    "IMPL": {
        "LUT": 1839,
        "FF": 1405,
        "DSP": 0,
        "BRAM": 0,
        "CP": 3.813,
        "PWR": 0.257
    }
}