{
    "LATENCY": {
        "best_latency": 369945,
        "worst_latency": 369945,
        "average_latency": 369945,
        "best_time_latency": "3.699 ms",
        "worst_time_latency": "3.699 ms",
        "average_time_latency": "3.699 ms",
        "min_interval": 369946,
        "max_interval": 369946,
        "Latency": 369945
    },
    "HLS": {
        "LUT": 27575,
        "FF": 4474,
        "DSP": 0,
        "BRAM": 0,
        "URAM": 0,
        "CP": 7.266
    },
    "IMPL": {
        "LUT": 4348,
        "FF": 3878,
        "DSP": 0,
        "BRAM": 0,
        "CP": 4.855,
        "PWR": 0.277
    }
}