{
    "LATENCY": {
        "best_latency": 395457,
        "worst_latency": 395457,
        "average_latency": 395457,
        "best_time_latency": "3.955 ms",
        "worst_time_latency": "3.955 ms",
        "average_time_latency": "3.955 ms",
        "min_interval": 395458,
        "max_interval": 395458,
        "Latency": 395457
    },
    "HLS": {
        "LUT": 50020,
        "FF": 6268,
        "DSP": 0,
        "BRAM": 0,
        "URAM": 0,
        "CP": 6.978
    },
    "IMPL": {
        "LUT": 5663,
        "FF": 5180,
        "DSP": 0,
        "BRAM": 0,
        "CP": 5.043,
        "PWR": 0.278
    }
}