{
    "LATENCY": {
        "best_latency": 236849,
        "worst_latency": 236865,
        "average_latency": 236865,
        "best_time_latency": "2.368 ms",
        "worst_time_latency": "2.369 ms",
        "average_time_latency": "2.369 ms",
        "min_interval": 236850,
        "max_interval": 236866,
        "Latency": 236865
    },
    "HLS": {
        "LUT": 6325,
        "FF": 1697,
        "DSP": 0,
        "BRAM": 0,
        "URAM": 0,
        "CP": 6.89
    },
    "IMPL": {
        "LUT": 1494,
        "FF": 1462,
        "DSP": 0,
        "BRAM": 0,
        "CP": 3.841,
        "PWR": 0.259
    }
}