{
    "LATENCY": {
        "best_latency": 232753,
        "worst_latency": 232769,
        "average_latency": 232769,
        "best_time_latency": "2.328 ms",
        "worst_time_latency": "2.328 ms",
        "average_time_latency": "2.328 ms",
        "min_interval": 232754,
        "max_interval": 232770,
        "Latency": 232769
    },
    "HLS": {
        "LUT": 10233,
        "FF": 2358,
        "DSP": 0,
        "BRAM": 0,
        "URAM": 0,
        "CP": 7.266
    },
    "IMPL": {
        "LUT": 3094,
        "FF": 2082,
        "DSP": 0,
        "BRAM": 0,
        "CP": 4.431,
        "PWR": 0.257
    }
}