{
    "LATENCY": {
        "best_latency": 309537,
        "worst_latency": 309537,
        "average_latency": 309537,
        "best_time_latency": "3.095 ms",
        "worst_time_latency": "3.095 ms",
        "average_time_latency": "3.095 ms",
        "min_interval": 309538,
        "max_interval": 309538,
        "Latency": 309537
    },
    "HLS": {
        "LUT": 6363,
        "FF": 2661,
        "DSP": 0,
        "BRAM": 0,
        "URAM": 0,
        "CP": 6.89
    },
    "IMPL": {
        "LUT": 2026,
        "FF": 2285,
        "DSP": 0,
        "BRAM": 0,
        "CP": 4.209,
        "PWR": 0.259
    }
}