{
    "LATENCY": {
        "best_latency": 330897,
        "worst_latency": 330897,
        "average_latency": 330897,
        "best_time_latency": "3.309 ms",
        "worst_time_latency": "3.309 ms",
        "average_time_latency": "3.309 ms",
        "min_interval": 330898,
        "max_interval": 330898,
        "Latency": 330897
    },
    "HLS": {
        "LUT": 4297,
        "FF": 982,
        "DSP": 0,
        "BRAM": 0,
        "URAM": 0,
        "CP": 7.266
    },
    "IMPL": {
        "LUT": 1043,
        "FF": 774,
        "DSP": 0,
        "BRAM": 0,
        "CP": 3.328,
        "PWR": 0.254
    }
}