{
    "LATENCY": {
        "best_latency": 256337,
        "worst_latency": 256337,
        "average_latency": 256337,
        "best_time_latency": "2.563 ms",
        "worst_time_latency": "2.563 ms",
        "average_time_latency": "2.563 ms",
        "min_interval": 256338,
        "max_interval": 256338,
        "Latency": 256337
    },
    "HLS": {
        "LUT": 6723,
        "FF": 1282,
        "DSP": 0,
        "BRAM": 0,
        "URAM": 0,
        "CP": 6.89
    },
    "IMPL": {
        "LUT": 1366,
        "FF": 1038,
        "DSP": 0,
        "BRAM": 0,
        "CP": 4.446,
        "PWR": 0.258
    }
}