{
    "LATENCY": {
        "best_latency": 465137,
        "worst_latency": 465137,
        "average_latency": 465137,
        "best_time_latency": "4.651 ms",
        "worst_time_latency": "4.651 ms",
        "average_time_latency": "4.651 ms",
        "min_interval": 465138,
        "max_interval": 465138,
        "Latency": 465137
    },
    "HLS": {
        "LUT": 13885,
        "FF": 1656,
        "DSP": 0,
        "BRAM": 0,
        "URAM": 0,
        "CP": 7.266
    },
    "IMPL": {
        "LUT": 2079,
        "FF": 1517,
        "DSP": 0,
        "BRAM": 0,
        "CP": 4.494,
        "PWR": 0.264
    }
}