{
    "LATENCY": {
        "best_latency": 379153,
        "worst_latency": 379153,
        "average_latency": 379153,
        "best_time_latency": "3.792 ms",
        "worst_time_latency": "3.792 ms",
        "average_time_latency": "3.792 ms",
        "min_interval": 379154,
        "max_interval": 379154,
        "Latency": 379153
    },
    "HLS": {
        "LUT": 9702,
        "FF": 1802,
        "DSP": 0,
        "BRAM": 0,
        "URAM": 0,
        "CP": 7.266
    },
    "IMPL": {
        "LUT": 1944,
        "FF": 1516,
        "DSP": 0,
        "BRAM": 0,
        "CP": 4.079,
        "PWR": 0.263
    }
}