{
    "LATENCY": {
        "best_latency": 267745,
        "worst_latency": 267745,
        "average_latency": 267745,
        "best_time_latency": "2.677 ms",
        "worst_time_latency": "2.677 ms",
        "average_time_latency": "2.677 ms",
        "min_interval": 267746,
        "max_interval": 267746,
        "Latency": 267745
    },
    "HLS": {
        "LUT": 100301,
        "FF": 11758,
        "DSP": 0,
        "BRAM": 0,
        "URAM": 0,
        "CP": 6.886
    },
    "IMPL": {
        "LUT": 11455,
        "FF": 10974,
        "DSP": 0,
        "BRAM": 0,
        "CP": 5.698,
        "PWR": 0.288
    }
}