{
    "LATENCY": {
        "best_latency": 377121,
        "worst_latency": 377121,
        "average_latency": 377121,
        "best_time_latency": "3.771 ms",
        "worst_time_latency": "3.771 ms",
        "average_time_latency": "3.771 ms",
        "min_interval": 377122,
        "max_interval": 377122,
        "Latency": 377121
    },
    "HLS": {
        "LUT": 23778,
        "FF": 3638,
        "DSP": 0,
        "BRAM": 0,
        "URAM": 0,
        "CP": 7.266
    },
    "IMPL": {
        "LUT": 3061,
        "FF": 3167,
        "DSP": 0,
        "BRAM": 0,
        "CP": 5.502,
        "PWR": 0.276
    }
}