{
    "LATENCY": {
        "best_latency": 400785,
        "worst_latency": 400785,
        "average_latency": 400785,
        "best_time_latency": "4.008 ms",
        "worst_time_latency": "4.008 ms",
        "average_time_latency": "4.008 ms",
        "min_interval": 400786,
        "max_interval": 400786,
        "Latency": 400785
    },
    "HLS": {
        "LUT": 83350,
        "FF": 11740,
        "DSP": 0,
        "BRAM": 0,
        "URAM": 0,
        "CP": 7.266
    },
    "IMPL": {
        "LUT": 10272,
        "FF": 10635,
        "DSP": 0,
        "BRAM": 0,
        "CP": 6.346,
        "PWR": 0.287
    }
}