{
    "LATENCY": {
        "best_latency": 263489,
        "worst_latency": 263489,
        "average_latency": 263489,
        "best_time_latency": "2.635 ms",
        "worst_time_latency": "2.635 ms",
        "average_time_latency": "2.635 ms",
        "min_interval": 263490,
        "max_interval": 263490,
        "Latency": 263489
    },
    "HLS": {
        "LUT": 4397,
        "FF": 1818,
        "DSP": 0,
        "BRAM": 0,
        "URAM": 0,
        "CP": 7.266
    },
    "IMPL": {
        "LUT": 2191,
        "FF": 1518,
        "DSP": 0,
        "BRAM": 0,
        "CP": 4.286,
        "PWR": 0.253
    }
}