{
    "LATENCY": {
        "best_latency": 386321,
        "worst_latency": 386321,
        "average_latency": 386321,
        "best_time_latency": "3.863 ms",
        "worst_time_latency": "3.863 ms",
        "average_time_latency": "3.863 ms",
        "min_interval": 386322,
        "max_interval": 386322,
        "Latency": 386321
    },
    "HLS": {
        "LUT": 20426,
        "FF": 3826,
        "DSP": 0,
        "BRAM": 0,
        "URAM": 0,
        "CP": 7.266
    },
    "IMPL": {
        "LUT": 3407,
        "FF": 3227,
        "DSP": 0,
        "BRAM": 0,
        "CP": 5.133,
        "PWR": 0.267
    }
}