{
    "LATENCY": {
        "best_latency": 207089,
        "worst_latency": 207105,
        "average_latency": 207105,
        "best_time_latency": "2.071 ms",
        "worst_time_latency": "2.071 ms",
        "average_time_latency": "2.071 ms",
        "min_interval": 207090,
        "max_interval": 207106,
        "Latency": 207105
    },
    "HLS": {
        "LUT": 9818,
        "FF": 3328,
        "DSP": 0,
        "BRAM": 0,
        "URAM": 0,
        "CP": 7.266
    },
    "IMPL": {
        "LUT": 2799,
        "FF": 2948,
        "DSP": 0,
        "BRAM": 0,
        "CP": 4.708,
        "PWR": 0.263
    }
}