{
    "LATENCY": {
        "best_latency": 222561,
        "worst_latency": 222577,
        "average_latency": 222577,
        "best_time_latency": "2.226 ms",
        "worst_time_latency": "2.226 ms",
        "average_time_latency": "2.226 ms",
        "min_interval": 222562,
        "max_interval": 222578,
        "Latency": 222577
    },
    "HLS": {
        "LUT": 13912,
        "FF": 3523,
        "DSP": 0,
        "BRAM": 0,
        "URAM": 0,
        "CP": 6.808
    },
    "IMPL": {
        "LUT": 3420,
        "FF": 3119,
        "DSP": 0,
        "BRAM": 0,
        "CP": 4.905,
        "PWR": 0.255
    }
}