{
    "LATENCY": {
        "best_latency": 515289,
        "worst_latency": 531673,
        "average_latency": 523481,
        "best_time_latency": "5.153 ms",
        "worst_time_latency": "5.317 ms",
        "average_time_latency": "5.235 ms",
        "min_interval": 515290,
        "max_interval": 531674,
        "Latency": 523481
    },
    "HLS": {
        "LUT": 33236,
        "FF": 4058,
        "DSP": 0,
        "BRAM": 0,
        "URAM": 0,
        "CP": 6.978
    },
    "IMPL": {
        "LUT": 4395,
        "FF": 3036,
        "DSP": 0,
        "BRAM": 0,
        "CP": 5.611,
        "PWR": 0.283
    }
}