{
    "LATENCY": {
        "best_latency": 199009,
        "worst_latency": 199009,
        "average_latency": 199009,
        "best_time_latency": "1.990 ms",
        "worst_time_latency": "1.990 ms",
        "average_time_latency": "1.990 ms",
        "min_interval": 199010,
        "max_interval": 199010,
        "Latency": 199009
    },
    "HLS": {
        "LUT": 9097,
        "FF": 2610,
        "DSP": 0,
        "BRAM": 0,
        "URAM": 0,
        "CP": 6.89
    },
    "IMPL": {
        "LUT": 2773,
        "FF": 2234,
        "DSP": 0,
        "BRAM": 0,
        "CP": 4.451,
        "PWR": 0.256
    }
}