{
    "LATENCY": {
        "best_latency": 209329,
        "worst_latency": 242033,
        "average_latency": 225681,
        "best_time_latency": "2.093 ms",
        "worst_time_latency": "2.420 ms",
        "average_time_latency": "2.257 ms",
        "min_interval": 209330,
        "max_interval": 242034,
        "Latency": 225681
    },
    "HLS": {
        "LUT": 21525,
        "FF": 3065,
        "DSP": 0,
        "BRAM": 0,
        "URAM": 0,
        "CP": 7.266
    },
    "IMPL": {
        "LUT": 2991,
        "FF": 2814,
        "DSP": 0,
        "BRAM": 0,
        "CP": 4.858,
        "PWR": 0.268
    }
}