{
    "LATENCY": {
        "best_latency": 295281,
        "worst_latency": 295281,
        "average_latency": 295281,
        "best_time_latency": "2.953 ms",
        "worst_time_latency": "2.953 ms",
        "average_time_latency": "2.953 ms",
        "min_interval": 295282,
        "max_interval": 295282,
        "Latency": 295281
    },
    "HLS": {
        "LUT": 32394,
        "FF": 4421,
        "DSP": 0,
        "BRAM": 0,
        "URAM": 0,
        "CP": 6.886
    },
    "IMPL": {
        "LUT": 4009,
        "FF": 4221,
        "DSP": 0,
        "BRAM": 0,
        "CP": 4.794,
        "PWR": 0.271
    }
}