{
    "LATENCY": {
        "best_latency": 278849,
        "worst_latency": 278849,
        "average_latency": 278849,
        "best_time_latency": "2.788 ms",
        "worst_time_latency": "2.788 ms",
        "average_time_latency": "2.788 ms",
        "min_interval": 278850,
        "max_interval": 278850,
        "Latency": 278849
    },
    "HLS": {
        "LUT": 5584,
        "FF": 2275,
        "DSP": 0,
        "BRAM": 0,
        "URAM": 0,
        "CP": 7.266
    },
    "IMPL": {
        "LUT": 1838,
        "FF": 1850,
        "DSP": 0,
        "BRAM": 0,
        "CP": 3.859,
        "PWR": 0.258
    }
}