{
    "LATENCY": {
        "best_latency": 477505,
        "worst_latency": 477505,
        "average_latency": 477505,
        "best_time_latency": "4.775 ms",
        "worst_time_latency": "4.775 ms",
        "average_time_latency": "4.775 ms",
        "min_interval": 477506,
        "max_interval": 477506,
        "Latency": 477505
    },
    "HLS": {
        "LUT": 29208,
        "FF": 3493,
        "DSP": 0,
        "BRAM": 0,
        "URAM": 0,
        "CP": 7.266
    },
    "IMPL": {
        "LUT": 3374,
        "FF": 3028,
        "DSP": 0,
        "BRAM": 0,
        "CP": 5.538,
        "PWR": 0.268
    }
}