{
    "LATENCY": {
        "best_latency": 370865,
        "worst_latency": 403633,
        "average_latency": 387249,
        "best_time_latency": "3.709 ms",
        "worst_time_latency": "4.036 ms",
        "average_time_latency": "3.872 ms",
        "min_interval": 370866,
        "max_interval": 403634,
        "Latency": 387249
    },
    "HLS": {
        "LUT": 6573,
        "FF": 806,
        "DSP": 0,
        "BRAM": 0,
        "URAM": 0,
        "CP": 6.465
    },
    "IMPL": {
        "LUT": 954,
        "FF": 715,
        "DSP": 0,
        "BRAM": 0,
        "CP": 4.06,
        "PWR": 0.256
    }
}