{
    "LATENCY": {
        "best_latency": 250225,
        "worst_latency": 250225,
        "average_latency": 250225,
        "best_time_latency": "2.502 ms",
        "worst_time_latency": "2.502 ms",
        "average_time_latency": "2.502 ms",
        "min_interval": 250226,
        "max_interval": 250226,
        "Latency": 250225
    },
    "HLS": {
        "LUT": 7042,
        "FF": 2210,
        "DSP": 0,
        "BRAM": 0,
        "URAM": 0,
        "CP": 6.886
    },
    "IMPL": {
        "LUT": 2283,
        "FF": 2022,
        "DSP": 0,
        "BRAM": 0,
        "CP": 5.46,
        "PWR": 0.248
    }
}