{
    "LATENCY": {
        "best_latency": 277697,
        "worst_latency": 277713,
        "average_latency": 277713,
        "best_time_latency": "2.777 ms",
        "worst_time_latency": "2.777 ms",
        "average_time_latency": "2.777 ms",
        "min_interval": 277698,
        "max_interval": 277714,
        "Latency": 277713
    },
    "HLS": {
        "LUT": 8887,
        "FF": 1360,
        "DSP": 0,
        "BRAM": 0,
        "URAM": 0,
        "CP": 6.89
    },
    "IMPL": {
        "LUT": 1676,
        "FF": 1138,
        "DSP": 0,
        "BRAM": 0,
        "CP": 3.883,
        "PWR": 0.256
    }
}