{
    "LATENCY": {
        "best_latency": 366961,
        "worst_latency": 399745,
        "average_latency": 383361,
        "best_time_latency": "3.670 ms",
        "worst_time_latency": "3.997 ms",
        "average_time_latency": "3.834 ms",
        "min_interval": 366962,
        "max_interval": 399746,
        "Latency": 383361
    },
    "HLS": {
        "LUT": 11867,
        "FF": 1764,
        "DSP": 0,
        "BRAM": 0,
        "URAM": 0,
        "CP": 7.266
    },
    "IMPL": {
        "LUT": 1800,
        "FF": 1589,
        "DSP": 0,
        "BRAM": 0,
        "CP": 4.13,
        "PWR": 0.261
    }
}