{
    "LATENCY": {
        "best_latency": 227545,
        "worst_latency": 227561,
        "average_latency": 227561,
        "best_time_latency": "2.275 ms",
        "worst_time_latency": "2.276 ms",
        "average_time_latency": "2.276 ms",
        "min_interval": 227546,
        "max_interval": 227562,
        "Latency": 227561
    },
    "HLS": {
        "LUT": 6165,
        "FF": 2208,
        "DSP": 0,
        "BRAM": 0,
        "URAM": 0,
        "CP": 6.422
    },
    "IMPL": {
        "LUT": 2385,
        "FF": 2003,
        "DSP": 0,
        "BRAM": 0,
        "CP": 4.436,
        "PWR": 0.256
    }
}