{
    "LATENCY": {
        "best_latency": 289073,
        "worst_latency": 289073,
        "average_latency": 289073,
        "best_time_latency": "2.891 ms",
        "worst_time_latency": "2.891 ms",
        "average_time_latency": "2.891 ms",
        "min_interval": 289074,
        "max_interval": 289074,
        "Latency": 289073
    },
    "HLS": {
        "LUT": 3071,
        "FF": 941,
        "DSP": 0,
        "BRAM": 0,
        "URAM": 0,
        "CP": 6.916
    },
    "IMPL": {
        "LUT": 819,
        "FF": 710,
        "DSP": 0,
        "BRAM": 0,
        "CP": 3.943,
        "PWR": 0.254
    }
}