{
    "LATENCY": {
        "best_latency": 2018,
        "worst_latency": 2434,
        "average_latency": 2226,
        "best_time_latency": "20.180 us",
        "worst_time_latency": "24.340 us",
        "average_time_latency": "22.260 us",
        "min_interval": 2019,
        "max_interval": 2435,
        "Latency": 2226
    },
    "HLS": {
        "LUT": 4670,
        "FF": 1683,
        "DSP": 0,
        "BRAM": 3,
        "URAM": 0,
        "CP": 4.334
    },
    "IMPL": {
        "LUT": 1183,
        "FF": 1159,
        "DSP": 0,
        "BRAM": 2,
        "CP": 4.501,
        "PWR": 0.254
    }
}