{
    "LATENCY": {
        "best_latency": 900,
        "worst_latency": 900,
        "average_latency": 900,
        "best_time_latency": "9.000 us",
        "worst_time_latency": "9.000 us",
        "average_time_latency": "9.000 us",
        "min_interval": 901,
        "max_interval": 901,
        "Latency": 900
    },
    "HLS": {
        "LUT": 6508,
        "FF": 1866,
        "DSP": 0,
        "BRAM": 1,
        "URAM": 0,
        "CP": 7.293
    },
    "IMPL": {
        "LUT": 1908,
        "FF": 1838,
        "DSP": 0,
        "BRAM": 1,
        "CP": 4.543,
        "PWR": 0.248
    }
}