{
    "LATENCY": {
        "best_latency": 496,
        "worst_latency": 501,
        "average_latency": 499,
        "best_time_latency": "4.960 us",
        "worst_time_latency": "5.010 us",
        "average_time_latency": "4.990 us",
        "min_interval": 497,
        "max_interval": 502,
        "Latency": 499
    },
    "HLS": {
        "LUT": 276215,
        "FF": 25470,
        "DSP": 0,
        "BRAM": 5,
        "URAM": 0,
        "CP": 7.293
    },
    "IMPL": {
        "LUT": 13674,
        "FF": 21857,
        "DSP": 0,
        "BRAM": 2,
        "CP": 8.118,
        "PWR": 0.457
    }
}