{
    "LATENCY": {
        "best_latency": 2123,
        "worst_latency": 2734,
        "average_latency": 2435,
        "best_time_latency": "21.230 us",
        "worst_time_latency": "27.340 us",
        "average_time_latency": "24.350 us",
        "min_interval": 2124,
        "max_interval": 2735,
        "Latency": 2435
    },
    "HLS": {
        "LUT": 3024,
        "FF": 634,
        "DSP": 0,
        "BRAM": 1,
        "URAM": 0,
        "CP": 3.847
    },
    "IMPL": {
        "LUT": 748,
        "FF": 636,
        "DSP": 0,
        "BRAM": 1,
        "CP": 3.141,
        "PWR": 0.251
    }
}