{
    "LATENCY": {
        "best_latency": 1936,
        "worst_latency": 2534,
        "average_latency": 2235,
        "best_time_latency": "19.360 us",
        "worst_time_latency": "25.340 us",
        "average_time_latency": "22.350 us",
        "min_interval": 1937,
        "max_interval": 2535,
        "Latency": 2235
    },
    "HLS": {
        "LUT": 4721,
        "FF": 1045,
        "DSP": 0,
        "BRAM": 1,
        "URAM": 0,
        "CP": 6.978
    },
    "IMPL": {
        "LUT": 1078,
        "FF": 975,
        "DSP": 0,
        "BRAM": 1,
        "CP": 4.378,
        "PWR": 0.251
    }
}