{
    "LATENCY": {
        "best_latency": 1030,
        "worst_latency": 1030,
        "average_latency": 1030,
        "best_time_latency": "10.300 us",
        "worst_time_latency": "10.300 us",
        "average_time_latency": "10.300 us",
        "min_interval": 1031,
        "max_interval": 1031,
        "Latency": 1030
    },
    "HLS": {
        "LUT": 7360,
        "FF": 2237,
        "DSP": 0,
        "BRAM": 1,
        "URAM": 0,
        "CP": 5.482
    },
    "IMPL": {
        "LUT": 1748,
        "FF": 1676,
        "DSP": 0,
        "BRAM": 1,
        "CP": 5.637,
        "PWR": 0.249
    }
}