{
    "LATENCY": {
        "best_latency": 1830,
        "worst_latency": 2441,
        "average_latency": 2142,
        "best_time_latency": "18.300 us",
        "worst_time_latency": "24.410 us",
        "average_time_latency": "21.420 us",
        "min_interval": 1831,
        "max_interval": 2442,
        "Latency": 2142
    },
    "HLS": {
        "LUT": 4697,
        "FF": 928,
        "DSP": 0,
        "BRAM": 1,
        "URAM": 0,
        "CP": 7.293
    },
    "IMPL": {
        "LUT": 1066,
        "FF": 837,
        "DSP": 0,
        "BRAM": 1,
        "CP": 3.907,
        "PWR": 0.246
    }
}