{
    "LATENCY": {
        "best_latency": 761,
        "worst_latency": 787,
        "average_latency": 775,
        "best_time_latency": "7.610 us",
        "worst_time_latency": "7.870 us",
        "average_time_latency": "7.750 us",
        "min_interval": 762,
        "max_interval": 788,
        "Latency": 775
    },
    "HLS": {
        "LUT": 342140,
        "FF": 58791,
        "DSP": 0,
        "BRAM": 9,
        "URAM": 0,
        "CP": 7.293
    },
    "IMPL": {
        "LUT": 7575,
        "FF": 8600,
        "DSP": 0,
        "BRAM": 6,
        "CP": 7.936,
        "PWR": 0.342
    }
}