{
    "LATENCY": {
        "best_latency": 981,
        "worst_latency": 981,
        "average_latency": 981,
        "best_time_latency": "9.810 us",
        "worst_time_latency": "9.810 us",
        "average_time_latency": "9.810 us",
        "min_interval": 982,
        "max_interval": 982,
        "Latency": 981
    },
    "HLS": {
        "LUT": 7174,
        "FF": 2259,
        "DSP": 0,
        "BRAM": 1,
        "URAM": 0,
        "CP": 7.293
    },
    "IMPL": {
        "LUT": 2247,
        "FF": 2186,
        "DSP": 0,
        "BRAM": 1,
        "CP": 5.428,
        "PWR": 0.246
    }
}