{
    "LATENCY": {
        "best_latency": 1809,
        "worst_latency": 2407,
        "average_latency": 2108,
        "best_time_latency": "18.090 us",
        "worst_time_latency": "24.070 us",
        "average_time_latency": "21.080 us",
        "min_interval": 1810,
        "max_interval": 2408,
        "Latency": 2108
    },
    "HLS": {
        "LUT": 5159,
        "FF": 981,
        "DSP": 0,
        "BRAM": 1,
        "URAM": 0,
        "CP": 7.293
    },
    "IMPL": {
        "LUT": 1102,
        "FF": 883,
        "DSP": 0,
        "BRAM": 1,
        "CP": 4.221,
        "PWR": 0.249
    }
}