{
    "LATENCY": {
        "best_latency": 2030,
        "worst_latency": 2641,
        "average_latency": 2342,
        "best_time_latency": "20.300 us",
        "worst_time_latency": "26.410 us",
        "average_time_latency": "23.420 us",
        "min_interval": 2031,
        "max_interval": 2642,
        "Latency": 2342
    },
    "HLS": {
        "LUT": 4336,
        "FF": 684,
        "DSP": 0,
        "BRAM": 1,
        "URAM": 0,
        "CP": 7.293
    },
    "IMPL": {
        "LUT": 863,
        "FF": 603,
        "DSP": 0,
        "BRAM": 1,
        "CP": 3.552,
        "PWR": 0.25
    }
}