{
    "LATENCY": {
        "best_latency": 1101,
        "worst_latency": 1101,
        "average_latency": 1101,
        "best_time_latency": "11.010 us",
        "worst_time_latency": "11.010 us",
        "average_time_latency": "11.010 us",
        "min_interval": 1102,
        "max_interval": 1102,
        "Latency": 1101
    },
    "HLS": {
        "LUT": 5649,
        "FF": 1592,
        "DSP": 0,
        "BRAM": 1,
        "URAM": 0,
        "CP": 4.364
    },
    "IMPL": {
        "LUT": 1651,
        "FF": 1560,
        "DSP": 0,
        "BRAM": 1,
        "CP": 4.339,
        "PWR": 0.249
    }
}