{
    "LATENCY": {
        "best_latency": 931,
        "worst_latency": 931,
        "average_latency": 931,
        "best_time_latency": "9.310 us",
        "worst_time_latency": "9.310 us",
        "average_time_latency": "9.310 us",
        "min_interval": 932,
        "max_interval": 932,
        "Latency": 931
    },
    "HLS": {
        "LUT": 6065,
        "FF": 1962,
        "DSP": 0,
        "BRAM": 1,
        "URAM": 0,
        "CP": 4.334
    },
    "IMPL": {
        "LUT": 1781,
        "FF": 1914,
        "DSP": 0,
        "BRAM": 1,
        "CP": 4.858,
        "PWR": 0.249
    }
}