{
    "LATENCY": {
        "best_latency": 1031,
        "worst_latency": 1031,
        "average_latency": 1031,
        "best_time_latency": "10.310 us",
        "worst_time_latency": "10.310 us",
        "average_time_latency": "10.310 us",
        "min_interval": 1032,
        "max_interval": 1032,
        "Latency": 1031
    },
    "HLS": {
        "LUT": 8028,
        "FF": 2669,
        "DSP": 0,
        "BRAM": 1,
        "URAM": 0,
        "CP": 5.482
    },
    "IMPL": {
        "LUT": 2535,
        "FF": 2453,
        "DSP": 0,
        "BRAM": 1,
        "CP": 6.504,
        "PWR": 0.254
    }
}