{
    "LATENCY": {
        "best_latency": 931,
        "worst_latency": 931,
        "average_latency": 931,
        "best_time_latency": "9.310 us",
        "worst_time_latency": "9.310 us",
        "average_time_latency": "9.310 us",
        "min_interval": 932,
        "max_interval": 932,
        "Latency": 931
    },
    "HLS": {
        "LUT": 5974,
        "FF": 1833,
        "DSP": 0,
        "BRAM": 1,
        "URAM": 0,
        "CP": 5.147
    },
    "IMPL": {
        "LUT": 1815,
        "FF": 1742,
        "DSP": 0,
        "BRAM": 1,
        "CP": 4.678,
        "PWR": 0.247
    }
}