{
    "LATENCY": {
        "best_latency": 1011,
        "worst_latency": 1011,
        "average_latency": 1011,
        "best_time_latency": "10.110 us",
        "worst_time_latency": "10.110 us",
        "average_time_latency": "10.110 us",
        "min_interval": 1012,
        "max_interval": 1012,
        "Latency": 1011
    },
    "HLS": {
        "LUT": 9080,
        "FF": 3180,
        "DSP": 0,
        "BRAM": 1,
        "URAM": 0,
        "CP": 5.421
    },
    "IMPL": {
        "LUT": 2145,
        "FF": 2440,
        "DSP": 0,
        "BRAM": 0,
        "CP": 5.079,
        "PWR": 0.254
    }
}