{
    "LATENCY": {
        "best_latency": 902,
        "worst_latency": 902,
        "average_latency": 902,
        "best_time_latency": "9.020 us",
        "worst_time_latency": "9.020 us",
        "average_time_latency": "9.020 us",
        "min_interval": 903,
        "max_interval": 903,
        "Latency": 902
    },
    "HLS": {
        "LUT": 5949,
        "FF": 1837,
        "DSP": 0,
        "BRAM": 1,
        "URAM": 0,
        "CP": 4.364
    },
    "IMPL": {
        "LUT": 1825,
        "FF": 1746,
        "DSP": 0,
        "BRAM": 1,
        "CP": 4.73,
        "PWR": 0.246
    }
}