{
    "LATENCY": {
        "best_latency": 1916,
        "worst_latency": 2581,
        "average_latency": 2252,
        "best_time_latency": "19.160 us",
        "worst_time_latency": "25.810 us",
        "average_time_latency": "22.520 us",
        "min_interval": 1917,
        "max_interval": 2582,
        "Latency": 2252
    },
    "HLS": {
        "LUT": 6895,
        "FF": 1171,
        "DSP": 0,
        "BRAM": 1,
        "URAM": 0,
        "CP": 7.293
    },
    "IMPL": {
        "LUT": 1437,
        "FF": 1051,
        "DSP": 0,
        "BRAM": 1,
        "CP": 4.175,
        "PWR": 0.259
    }
}