{
    "LATENCY": {
        "best_latency": 1171,
        "worst_latency": 1176,
        "average_latency": 1174,
        "best_time_latency": "11.710 us",
        "worst_time_latency": "11.760 us",
        "average_time_latency": "11.740 us",
        "min_interval": 1172,
        "max_interval": 1177,
        "Latency": 1174
    },
    "HLS": {
        "LUT": 336718,
        "FF": 29911,
        "DSP": 0,
        "BRAM": 3,
        "URAM": 0,
        "CP": 7.189
    },
    "IMPL": {
        "LUT": 14300,
        "FF": 25096,
        "DSP": 0,
        "BRAM": 2,
        "CP": 8.175,
        "PWR": 0.442
    }
}