{
    "LATENCY": {
        "best_latency": 664,
        "worst_latency": 664,
        "average_latency": 664,
        "best_time_latency": "6.640 us",
        "worst_time_latency": "6.640 us",
        "average_time_latency": "6.640 us",
        "min_interval": 665,
        "max_interval": 665,
        "Latency": 664
    },
    "HLS": {
        "LUT": 244885,
        "FF": 25977,
        "DSP": 0,
        "BRAM": 3,
        "URAM": 0,
        "CP": 7.189
    },
    "IMPL": {
        "LUT": 12064,
        "FF": 20840,
        "DSP": 0,
        "BRAM": 2,
        "CP": 8.383,
        "PWR": 0.4
    }
}