{
    "LATENCY": {
        "best_latency": 1910,
        "worst_latency": 2183,
        "average_latency": 2053,
        "best_time_latency": "19.100 us",
        "worst_time_latency": "21.830 us",
        "average_time_latency": "20.530 us",
        "min_interval": 1911,
        "max_interval": 2184,
        "Latency": 2053
    },
    "HLS": {
        "LUT": 245845,
        "FF": 25902,
        "DSP": 0,
        "BRAM": 3,
        "URAM": 0,
        "CP": 7.293
    },
    "IMPL": {
        "LUT": 11447,
        "FF": 22225,
        "DSP": 0,
        "BRAM": 2,
        "CP": 7.924,
        "PWR": 0.442
    }
}