{
    "LATENCY": {
        "best_latency": 2130,
        "worst_latency": 2741,
        "average_latency": 2442,
        "best_time_latency": "21.300 us",
        "worst_time_latency": "27.410 us",
        "average_time_latency": "24.420 us",
        "min_interval": 2131,
        "max_interval": 2742,
        "Latency": 2442
    },
    "HLS": {
        "LUT": 3958,
        "FF": 733,
        "DSP": 0,
        "BRAM": 1,
        "URAM": 0,
        "CP": 6.978
    },
    "IMPL": {
        "LUT": 833,
        "FF": 640,
        "DSP": 0,
        "BRAM": 1,
        "CP": 3.551,
        "PWR": 0.249
    }
}