{
    "LATENCY": {
        "best_latency": 1897,
        "worst_latency": 2508,
        "average_latency": 2209,
        "best_time_latency": "18.970 us",
        "worst_time_latency": "25.080 us",
        "average_time_latency": "22.090 us",
        "min_interval": 1898,
        "max_interval": 2509,
        "Latency": 2209
    },
    "HLS": {
        "LUT": 4417,
        "FF": 987,
        "DSP": 0,
        "BRAM": 1,
        "URAM": 0,
        "CP": 6.978
    },
    "IMPL": {
        "LUT": 1102,
        "FF": 889,
        "DSP": 0,
        "BRAM": 1,
        "CP": 3.951,
        "PWR": 0.249
    }
}