{
    "LATENCY": {
        "best_latency": 2160,
        "worst_latency": 2771,
        "average_latency": 2472,
        "best_time_latency": "21.600 us",
        "worst_time_latency": "27.710 us",
        "average_time_latency": "24.720 us",
        "min_interval": 2161,
        "max_interval": 2772,
        "Latency": 2472
    },
    "HLS": {
        "LUT": 3920,
        "FF": 730,
        "DSP": 0,
        "BRAM": 1,
        "URAM": 0,
        "CP": 6.978
    },
    "IMPL": {
        "LUT": 847,
        "FF": 625,
        "DSP": 0,
        "BRAM": 1,
        "CP": 3.412,
        "PWR": 0.251
    }
}