{
    "LATENCY": {
        "best_latency": 1129,
        "worst_latency": 1129,
        "average_latency": 1129,
        "best_time_latency": "11.290 us",
        "worst_time_latency": "11.290 us",
        "average_time_latency": "11.290 us",
        "min_interval": 1130,
        "max_interval": 1130,
        "Latency": 1129
    },
    "HLS": {
        "LUT": 6165,
        "FF": 1618,
        "DSP": 0,
        "BRAM": 1,
        "URAM": 0,
        "CP": 7.293
    },
    "IMPL": {
        "LUT": 1705,
        "FF": 1633,
        "DSP": 0,
        "BRAM": 1,
        "CP": 4.206,
        "PWR": 0.252
    }
}