{
    "LATENCY": {
        "best_latency": 2168,
        "worst_latency": 2744,
        "average_latency": 2464,
        "best_time_latency": "21.680 us",
        "worst_time_latency": "27.440 us",
        "average_time_latency": "24.640 us",
        "min_interval": 2169,
        "max_interval": 2745,
        "Latency": 2464
    },
    "HLS": {
        "LUT": 209339,
        "FF": 26544,
        "DSP": 0,
        "BRAM": 3,
        "URAM": 0,
        "CP": 7.777
    },
    "IMPL": {
        "LUT": 8894,
        "FF": 17533,
        "DSP": 0,
        "BRAM": 2,
        "CP": 8.98,
        "PWR": 0.33
    }
}