{
    "Option": {
        "INLINE": {
            "-on": [],
            "-off": [],
            "-recursive": []
        },
        "BALANCE": {
            "-on": [],
            "-off": []
        },
        "FLATTEN": {
            "-on": [],
            "-off": []
        },
        "PIPELINE": {
            "-style": []
        },
        "UNROLL": {
            "-factor": []
        },
        "PARTITION": {
            "-factor": [],
            "-type": []
        },
        "RESHAPE": {
            "-factor": [],
            "-type": []
        },
        "STORAGE": {
            "-type": [],
            "-impl": [],
            "-latency": []
        }
    },
    "Function": {},
    "Loop": {
        "group1": {
            "level": [
                "gemm/outer",
                "gemm/middle",
                "gemm/inner"
            ],
            "unroll": [
                "gemm/outer",
                "gemm/middle",
                "gemm/inner"
            ],
            "pipeline": [
                "gemm/middle",
                "gemm/inner"
            ],
            "flatten": [
                "gemm/outer"
            ],
            "gemm/outer": {
                "FLATTEN": {
                    "-state": "-off"
                },
                "UNROLL": {
                    "-factor": 0
                }
            },
            "gemm/middle": {
                "UNROLL": {
                    "-factor": 0
                },
                "PIPELINE": {
                    "-style": "stp",
                    "-state": "-off"
                }
            },
            "gemm/inner": {
                "UNROLL": {
                    "-factor": 2
                },
                "PIPELINE": {
                    "-style": "stp",
                    "-state": "-off"
                }
            }
        }
    },
    "Array": {},
    "Interface": {
        "gemm m1": {
            "PARTITION": {
                "-factor": 2,
                "-type": "cyclic"
            },
            "RESHAPE": {
                "-factor": 2,
                "-type": "cyclic"
            }
        },
        "gemm m2": {
            "PARTITION": {
                "-factor": 2,
                "-type": "cyclic"
            },
            "RESHAPE": {
                "-factor": 0,
                "-type": "cyclic"
            }
        },
        "gemm prod": {
            "PARTITION": {
                "-factor": 0,
                "-type": "block"
            },
            "RESHAPE": {
                "-factor": 0,
                "-type": "cyclic"
            }
        }
    },
    "Operation": {
        "gemm/outer i": {
            "add": {
                "-impl": "fabric",
                "-latency": -1
            }
        },
        "gemm/middle j": {
            "add": {
                "-impl": "dsp",
                "-latency": -1
            }
        },
        "gemm/middle i_col": {
            "mul": {
                "-impl": "fabric",
                "-latency": -1
            }
        },
        "gemm/inner k": {
            "add": {
                "-impl": "dsp",
                "-latency": -1
            }
        },
        "gemm/inner k_col": {
            "mul": {
                "-impl": "dsp",
                "-latency": -1
            }
        },
        "gemm/inner sum": {
            "dadd": {
                "-impl": "fabric",
                "-latency": -1
            }
        },
        "gemm/inner mult": {
            "dmul": {
                "-impl": "fulldsp",
                "-latency": -1
            }
        }
    }
}