{
    "LATENCY": {
        "best_latency": 81857,
        "worst_latency": 81857,
        "average_latency": 81857,
        "best_time_latency": "0.819 ms",
        "worst_time_latency": "0.819 ms",
        "average_time_latency": "0.819 ms",
        "min_interval": 81858,
        "max_interval": 81858,
        "Latency": 81857
    },
    "HLS": {
        "LUT": 18862,
        "FF": 62065,
        "DSP": 40,
        "BRAM": 0,
        "URAM": 0,
        "CP": 7.027
    },
    "IMPL": {
        "LUT": 26185,
        "FF": 57411,
        "DSP": 41,
        "BRAM": 0,
        "CP": 10.083,
        "PWR": 0.533
    }
}