{
    "LATENCY": {
        "best_latency": 65787,
        "worst_latency": 65787,
        "average_latency": 65787,
        "best_time_latency": "0.658 ms",
        "worst_time_latency": "0.658 ms",
        "average_time_latency": "0.658 ms",
        "min_interval": 65788,
        "max_interval": 65788,
        "Latency": 65787
    },
    "HLS": {
        "LUT": 18414,
        "FF": 16434,
        "DSP": 0,
        "BRAM": 0,
        "URAM": 0,
        "CP": 7.095
    },
    "IMPL": {
        "LUT": 19610,
        "FF": 16000,
        "DSP": 0,
        "BRAM": 0,
        "CP": 8.803,
        "PWR": 0.361
    }
}