{
    "LATENCY": {
        "best_latency": 131307,
        "worst_latency": 131307,
        "average_latency": 131307,
        "best_time_latency": "1.313 ms",
        "worst_time_latency": "1.313 ms",
        "average_time_latency": "1.313 ms",
        "min_interval": 131308,
        "max_interval": 131308,
        "Latency": 131307
    },
    "HLS": {
        "LUT": 40416,
        "FF": 17867,
        "DSP": 0,
        "BRAM": 0,
        "URAM": 0,
        "CP": 7.112
    },
    "IMPL": {
        "LUT": 15075,
        "FF": 17867,
        "DSP": 0,
        "BRAM": 0,
        "CP": 9.101,
        "PWR": 0.301
    }
}