{
    "LATENCY": {
        "best_latency": 2891905,
        "worst_latency": 2891905,
        "average_latency": 2891905,
        "best_time_latency": "28.919 ms",
        "worst_time_latency": "28.919 ms",
        "average_time_latency": "28.919 ms",
        "min_interval": 2891906,
        "max_interval": 2891906,
        "Latency": 2891905
    },
    "HLS": {
        "LUT": 1629,
        "FF": 941,
        "DSP": 10,
        "BRAM": 0,
        "URAM": 0,
        "CP": 6.504
    },
    "IMPL": {
        "LUT": 890,
        "FF": 813,
        "DSP": 10,
        "BRAM": 0,
        "CP": 6.896,
        "PWR": 0.266
    }
}