{
    "LATENCY": {
        "best_latency": 131278,
        "worst_latency": 131278,
        "average_latency": 131278,
        "best_time_latency": "1.313 ms",
        "worst_time_latency": "1.313 ms",
        "average_time_latency": "1.313 ms",
        "min_interval": 131279,
        "max_interval": 131279,
        "Latency": 131278
    },
    "HLS": {
        "LUT": 7796,
        "FF": 20715,
        "DSP": 20,
        "BRAM": 0,
        "URAM": 0,
        "CP": 7.061
    },
    "IMPL": {
        "LUT": 10820,
        "FF": 22333,
        "DSP": 20,
        "BRAM": 0,
        "CP": 9.36,
        "PWR": 0.357
    }
}