{
    "LATENCY": {
        "best_latency": 61025,
        "worst_latency": 61025,
        "average_latency": 61025,
        "best_time_latency": "0.610 ms",
        "worst_time_latency": "0.610 ms",
        "average_time_latency": "0.610 ms",
        "min_interval": 61026,
        "max_interval": 61026,
        "Latency": 61025
    },
    "HLS": {
        "LUT": 25831,
        "FF": 65927,
        "DSP": 91,
        "BRAM": 0,
        "URAM": 0,
        "CP": 7.525
    },
    "IMPL": {
        "LUT": 38662,
        "FF": 65656,
        "DSP": 91,
        "BRAM": 0,
        "CP": 9.378,
        "PWR": 0.634
    }
}