{
    "LATENCY": {
        "best_latency": 65787,
        "worst_latency": 65787,
        "average_latency": 65787,
        "best_time_latency": "0.658 ms",
        "worst_time_latency": "0.658 ms",
        "average_time_latency": "0.658 ms",
        "min_interval": 65788,
        "max_interval": 65788,
        "Latency": 65787
    },
    "HLS": {
        "LUT": 19181,
        "FF": 18298,
        "DSP": 0,
        "BRAM": 0,
        "URAM": 0,
        "CP": 7.095
    },
    "IMPL": {
        "LUT": 20435,
        "FF": 17848,
        "DSP": 0,
        "BRAM": 0,
        "CP": 8.768,
        "PWR": 0.342
    }
}