{
    "LATENCY": {
        "best_latency": 65833,
        "worst_latency": 65833,
        "average_latency": 65833,
        "best_time_latency": "0.658 ms",
        "worst_time_latency": "0.658 ms",
        "average_time_latency": "0.658 ms",
        "min_interval": 65834,
        "max_interval": 65834,
        "Latency": 65833
    },
    "HLS": {
        "LUT": 10506,
        "FF": 27972,
        "DSP": 52,
        "BRAM": 0,
        "URAM": 0,
        "CP": 7.027
    },
    "IMPL": {
        "LUT": 15702,
        "FF": 27985,
        "DSP": 52,
        "BRAM": 0,
        "CP": 9.148,
        "PWR": 0.451
    }
}