{
    "LATENCY": {
        "best_latency": 2891873,
        "worst_latency": 2891873,
        "average_latency": 2891873,
        "best_time_latency": "28.919 ms",
        "worst_time_latency": "28.919 ms",
        "average_time_latency": "28.919 ms",
        "min_interval": 2891874,
        "max_interval": 2891874,
        "Latency": 2891873
    },
    "HLS": {
        "LUT": 4814,
        "FF": 1500,
        "DSP": 3,
        "BRAM": 0,
        "URAM": 0,
        "CP": 6.589
    },
    "IMPL": {
        "LUT": 3679,
        "FF": 1313,
        "DSP": 3,
        "BRAM": 0,
        "CP": 7.698,
        "PWR": 0.366
    }
}