{
    "LATENCY": {
        "best_latency": 94721,
        "worst_latency": 94721,
        "average_latency": 94721,
        "best_time_latency": "0.947 ms",
        "worst_time_latency": "0.947 ms",
        "average_time_latency": "0.947 ms",
        "min_interval": 94722,
        "max_interval": 94722,
        "Latency": 94721
    },
    "HLS": {
        "LUT": 16285,
        "FF": 34914,
        "DSP": 52,
        "BRAM": 0,
        "URAM": 0,
        "CP": 7.517
    },
    "IMPL": {
        "LUT": 20971,
        "FF": 34817,
        "DSP": 52,
        "BRAM": 0,
        "CP": 9.121,
        "PWR": 0.545
    }
}