{
    "LATENCY": {
        "best_latency": 1351681,
        "worst_latency": 1351681,
        "average_latency": 1351681,
        "best_time_latency": "13.517 ms",
        "worst_time_latency": "13.517 ms",
        "average_time_latency": "13.517 ms",
        "min_interval": 1351682,
        "max_interval": 1351682,
        "Latency": 1351681
    },
    "HLS": {
        "LUT": 5049,
        "FF": 1519,
        "DSP": 3,
        "BRAM": 0,
        "URAM": 0,
        "CP": 6.886
    },
    "IMPL": {
        "LUT": 3886,
        "FF": 1401,
        "DSP": 3,
        "BRAM": 0,
        "CP": 7.503,
        "PWR": 0.319
    }
}