{
    "LATENCY": {
        "best_latency": 131368,
        "worst_latency": 131368,
        "average_latency": 131368,
        "best_time_latency": "1.314 ms",
        "worst_time_latency": "1.314 ms",
        "average_time_latency": "1.314 ms",
        "min_interval": 131369,
        "max_interval": 131369,
        "Latency": 131368
    },
    "HLS": {
        "LUT": 65497,
        "FF": 18977,
        "DSP": 6,
        "BRAM": 0,
        "URAM": 0,
        "CP": 7.112
    },
    "IMPL": {
        "LUT": 14606,
        "FF": 19166,
        "DSP": 6,
        "BRAM": 0,
        "CP": 9.386,
        "PWR": 0.312
    }
}