{
    "LATENCY": {
        "best_latency": 1097857,
        "worst_latency": 1097857,
        "average_latency": 1097857,
        "best_time_latency": "10.979 ms",
        "worst_time_latency": "10.979 ms",
        "average_time_latency": "10.979 ms",
        "min_interval": 1097858,
        "max_interval": 1097858,
        "Latency": 1097857
    },
    "HLS": {
        "LUT": 4521,
        "FF": 1384,
        "DSP": 3,
        "BRAM": 0,
        "URAM": 0,
        "CP": 6.709
    },
    "IMPL": {
        "LUT": 3522,
        "FF": 1239,
        "DSP": 3,
        "BRAM": 0,
        "CP": 7.541,
        "PWR": 0.322
    }
}