{
    "LATENCY": {
        "best_latency": 149153,
        "worst_latency": 149153,
        "average_latency": 149153,
        "best_time_latency": "1.492 ms",
        "worst_time_latency": "1.492 ms",
        "average_time_latency": "1.492 ms",
        "min_interval": 149154,
        "max_interval": 149154,
        "Latency": 149153
    },
    "HLS": {
        "LUT": 14714,
        "FF": 48828,
        "DSP": 26,
        "BRAM": 0,
        "URAM": 0,
        "CP": 7.061
    },
    "IMPL": {
        "LUT": 19926,
        "FF": 50981,
        "DSP": 26,
        "BRAM": 0,
        "CP": 9.518,
        "PWR": 0.382
    }
}