{
    "LATENCY": {
        "best_latency": 131307,
        "worst_latency": 131307,
        "average_latency": 131307,
        "best_time_latency": "1.313 ms",
        "worst_time_latency": "1.313 ms",
        "average_time_latency": "1.313 ms",
        "min_interval": 131308,
        "max_interval": 131308,
        "Latency": 131307
    },
    "HLS": {
        "LUT": 15322,
        "FF": 16961,
        "DSP": 0,
        "BRAM": 0,
        "URAM": 0,
        "CP": 7.112
    },
    "IMPL": {
        "LUT": 14511,
        "FF": 17162,
        "DSP": 0,
        "BRAM": 0,
        "CP": 8.883,
        "PWR": 0.288
    }
}