{
    "LATENCY": {
        "best_latency": 1097825,
        "worst_latency": 1097825,
        "average_latency": 1097825,
        "best_time_latency": "10.978 ms",
        "worst_time_latency": "10.978 ms",
        "average_time_latency": "10.978 ms",
        "min_interval": 1097826,
        "max_interval": 1097826,
        "Latency": 1097825
    },
    "HLS": {
        "LUT": 5235,
        "FF": 2798,
        "DSP": 10,
        "BRAM": 0,
        "URAM": 0,
        "CP": 7.135
    },
    "IMPL": {
        "LUT": 1664,
        "FF": 2766,
        "DSP": 10,
        "BRAM": 0,
        "CP": 7.12,
        "PWR": 0.272
    }
}