{
    "LATENCY": {
        "best_latency": 65849,
        "worst_latency": 65849,
        "average_latency": 65849,
        "best_time_latency": "0.658 ms",
        "worst_time_latency": "0.658 ms",
        "average_time_latency": "0.658 ms",
        "min_interval": 65850,
        "max_interval": 65850,
        "Latency": 65849
    },
    "HLS": {
        "LUT": 10737,
        "FF": 18645,
        "DSP": 52,
        "BRAM": 0,
        "URAM": 0,
        "CP": 7.01
    },
    "IMPL": {
        "LUT": 12176,
        "FF": 18236,
        "DSP": 52,
        "BRAM": 0,
        "CP": 8.126,
        "PWR": 0.361
    }
}