{
    "LATENCY": {
        "best_latency": 86721,
        "worst_latency": 86721,
        "average_latency": 86721,
        "best_time_latency": "0.867 ms",
        "worst_time_latency": "0.867 ms",
        "average_time_latency": "0.867 ms",
        "min_interval": 86722,
        "max_interval": 86722,
        "Latency": 86721
    },
    "HLS": {
        "LUT": 30529,
        "FF": 52496,
        "DSP": 12,
        "BRAM": 0,
        "URAM": 0,
        "CP": 7.112
    },
    "IMPL": {
        "LUT": 36778,
        "FF": 52589,
        "DSP": 11,
        "BRAM": 0,
        "CP": 10.193,
        "PWR": 0.413
    }
}