{
    "LATENCY": {
        "best_latency": 131369,
        "worst_latency": 131369,
        "average_latency": 131369,
        "best_time_latency": "1.314 ms",
        "worst_time_latency": "1.314 ms",
        "average_time_latency": "1.314 ms",
        "min_interval": 131370,
        "max_interval": 131370,
        "Latency": 131369
    },
    "HLS": {
        "LUT": 7918,
        "FF": 12838,
        "DSP": 26,
        "BRAM": 0,
        "URAM": 0,
        "CP": 7.027
    },
    "IMPL": {
        "LUT": 7205,
        "FF": 12696,
        "DSP": 26,
        "BRAM": 0,
        "CP": 8.108,
        "PWR": 0.297
    }
}