{
    "LATENCY": {
        "best_latency": 1099873,
        "worst_latency": 1099873,
        "average_latency": 1099873,
        "best_time_latency": "10.999 ms",
        "worst_time_latency": "10.999 ms",
        "average_time_latency": "10.999 ms",
        "min_interval": 1099874,
        "max_interval": 1099874,
        "Latency": 1099873
    },
    "HLS": {
        "LUT": 5361,
        "FF": 2470,
        "DSP": 13,
        "BRAM": 0,
        "URAM": 0,
        "CP": 6.709
    },
    "IMPL": {
        "LUT": 1899,
        "FF": 2201,
        "DSP": 14,
        "BRAM": 0,
        "CP": 6.579,
        "PWR": 0.277
    }
}