{
    "LATENCY": {
        "best_latency": 83777,
        "worst_latency": 83777,
        "average_latency": 83777,
        "best_time_latency": "0.838 ms",
        "worst_time_latency": "0.838 ms",
        "average_time_latency": "0.838 ms",
        "min_interval": 83778,
        "max_interval": 83778,
        "Latency": 83777
    },
    "HLS": {
        "LUT": 15973,
        "FF": 54120,
        "DSP": 40,
        "BRAM": 0,
        "URAM": 0,
        "CP": 7.01
    },
    "IMPL": {
        "LUT": 19762,
        "FF": 54490,
        "DSP": 40,
        "BRAM": 0,
        "CP": 8.921,
        "PWR": 0.578
    }
}