{
    "LATENCY": {
        "best_latency": 152129,
        "worst_latency": 152129,
        "average_latency": 152129,
        "best_time_latency": "1.521 ms",
        "worst_time_latency": "1.521 ms",
        "average_time_latency": "1.521 ms",
        "min_interval": 152130,
        "max_interval": 152130,
        "Latency": 152129
    },
    "HLS": {
        "LUT": 74873,
        "FF": 44893,
        "DSP": 6,
        "BRAM": 0,
        "URAM": 0,
        "CP": 7.112
    },
    "IMPL": {
        "LUT": 26460,
        "FF": 45065,
        "DSP": 6,
        "BRAM": 0,
        "CP": 9.41,
        "PWR": 0.427
    }
}