{
    "LATENCY": {
        "best_latency": 82817,
        "worst_latency": 82817,
        "average_latency": 82817,
        "best_time_latency": "0.828 ms",
        "worst_time_latency": "0.828 ms",
        "average_time_latency": "0.828 ms",
        "min_interval": 82818,
        "max_interval": 82818,
        "Latency": 82817
    },
    "HLS": {
        "LUT": 30151,
        "FF": 50919,
        "DSP": 0,
        "BRAM": 0,
        "URAM": 0,
        "CP": 7.112
    },
    "IMPL": {
        "LUT": 34490,
        "FF": 51511,
        "DSP": 0,
        "BRAM": 0,
        "CP": 9.496,
        "PWR": 0.552
    }
}