{
    "LATENCY": {
        "best_latency": 1311361,
        "worst_latency": 1311361,
        "average_latency": 1311361,
        "best_time_latency": "13.114 ms",
        "worst_time_latency": "13.114 ms",
        "average_time_latency": "13.114 ms",
        "min_interval": 1311362,
        "max_interval": 1311362,
        "Latency": 1311361
    },
    "HLS": {
        "LUT": 5251,
        "FF": 1799,
        "DSP": 3,
        "BRAM": 0,
        "URAM": 0,
        "CP": 6.709
    },
    "IMPL": {
        "LUT": 3882,
        "FF": 1582,
        "DSP": 3,
        "BRAM": 0,
        "CP": 7.984,
        "PWR": 0.318
    }
}