{
    "LATENCY": {
        "best_latency": 1355777,
        "worst_latency": 1355777,
        "average_latency": 1355777,
        "best_time_latency": "13.558 ms",
        "worst_time_latency": "13.558 ms",
        "average_time_latency": "13.558 ms",
        "min_interval": 1355778,
        "max_interval": 1355778,
        "Latency": 1355777
    },
    "HLS": {
        "LUT": 1378,
        "FF": 1314,
        "DSP": 13,
        "BRAM": 0,
        "URAM": 0,
        "CP": 6.709
    },
    "IMPL": {
        "LUT": 940,
        "FF": 1154,
        "DSP": 13,
        "BRAM": 0,
        "CP": 6.778,
        "PWR": 0.257
    }
}