{
    "LATENCY": {
        "best_latency": 2893921,
        "worst_latency": 2893921,
        "average_latency": 2893921,
        "best_time_latency": "28.939 ms",
        "worst_time_latency": "28.939 ms",
        "average_time_latency": "28.939 ms",
        "min_interval": 2893922,
        "max_interval": 2893922,
        "Latency": 2893921
    },
    "HLS": {
        "LUT": 6671,
        "FF": 1552,
        "DSP": 10,
        "BRAM": 0,
        "URAM": 0,
        "CP": 6.886
    },
    "IMPL": {
        "LUT": 1429,
        "FF": 1394,
        "DSP": 10,
        "BRAM": 0,
        "CP": 6.912,
        "PWR": 0.278
    }
}