{
    "LATENCY": {
        "best_latency": 151105,
        "worst_latency": 151105,
        "average_latency": 151105,
        "best_time_latency": "1.511 ms",
        "worst_time_latency": "1.511 ms",
        "average_time_latency": "1.511 ms",
        "min_interval": 151106,
        "max_interval": 151106,
        "Latency": 151105
    },
    "HLS": {
        "LUT": 16469,
        "FF": 36289,
        "DSP": 6,
        "BRAM": 0,
        "URAM": 0,
        "CP": 7.112
    },
    "IMPL": {
        "LUT": 23730,
        "FF": 36926,
        "DSP": 6,
        "BRAM": 0,
        "CP": 9.58,
        "PWR": 0.476
    }
}