{
    "LATENCY": {
        "best_latency": 1974369,
        "worst_latency": 1974369,
        "average_latency": 1974369,
        "best_time_latency": "19.744 ms",
        "worst_time_latency": "19.744 ms",
        "average_time_latency": "19.744 ms",
        "min_interval": 1974370,
        "max_interval": 1974370,
        "Latency": 1974369
    },
    "HLS": {
        "LUT": 1570,
        "FF": 1351,
        "DSP": 10,
        "BRAM": 0,
        "URAM": 0,
        "CP": 6.504
    },
    "IMPL": {
        "LUT": 1176,
        "FF": 1201,
        "DSP": 10,
        "BRAM": 0,
        "CP": 6.998,
        "PWR": 0.267
    }
}