{
    "LATENCY": {
        "best_latency": 65832,
        "worst_latency": 65832,
        "average_latency": 65832,
        "best_time_latency": "0.658 ms",
        "worst_time_latency": "0.658 ms",
        "average_time_latency": "0.658 ms",
        "min_interval": 65833,
        "max_interval": 65833,
        "Latency": 65832
    },
    "HLS": {
        "LUT": 20570,
        "FF": 25061,
        "DSP": 12,
        "BRAM": 0,
        "URAM": 0,
        "CP": 7.112
    },
    "IMPL": {
        "LUT": 25173,
        "FF": 25319,
        "DSP": 12,
        "BRAM": 0,
        "CP": 9.659,
        "PWR": 0.41
    }
}