{
    "LATENCY": {
        "best_latency": 2889857,
        "worst_latency": 2889857,
        "average_latency": 2889857,
        "best_time_latency": "28.899 ms",
        "worst_time_latency": "28.899 ms",
        "average_time_latency": "28.899 ms",
        "min_interval": 2889858,
        "max_interval": 2889858,
        "Latency": 2889857
    },
    "HLS": {
        "LUT": 1497,
        "FF": 1098,
        "DSP": 10,
        "BRAM": 0,
        "URAM": 0,
        "CP": 6.504
    },
    "IMPL": {
        "LUT": 884,
        "FF": 917,
        "DSP": 10,
        "BRAM": 0,
        "CP": 6.883,
        "PWR": 0.27
    }
}