{
    "LATENCY": {
        "Latency": 1000
    },
    "HLS": {
        "LUT": 822,
        "FF": 294,
        "DSP": 0,
        "BRAM": 0,
        "URAM": 0,
        "CP": 4.797
    },
    "SYN": {
        "LUT": 232,
        "FF": 204,
        "DSP": 0,
        "BRAM": 0,
        "URAM": 0,
        "SRL": 0,
        "CP": 2.054
    },
    "IMPL": {
        "LUT": 226,
        "FF": 204,
        "DSP": 0,
        "BRAM": 0,
        "URAM": 0,
        "SRL": 0,
        "CP": 2.392,
        "PWR": 0.246
    }
}