{
    "LATENCY": {
        "Latency": 1000
    },
    "HLS": {
        "LUT": 140115,
        "FF": 24196,
        "DSP": 616,
        "BRAM": 0,
        "URAM": 0,
        "CP": 7.259
    },
    "SYN": {
        "LUT": 16708,
        "FF": 14773,
        "DSP": 519,
        "BRAM": 0,
        "URAM": 0,
        "SRL": 0,
        "CP": 6.619
    },
    "IMPL": {
        "LUT": 16066,
        "FF": 14772,
        "DSP": 519,
        "BRAM": 0,
        "URAM": 0,
        "SRL": 0,
        "CP": 9.103,
        "PWR": 0.825
    }
}