{
    "LATENCY": {
        "Latency": 1000
    },
    "HLS": {
        "LUT": 7296,
        "FF": 695,
        "DSP": 0,
        "BRAM": 0,
        "URAM": 0,
        "CP": 6.465
    },
    "SYN": {
        "LUT": 821,
        "FF": 620,
        "DSP": 0,
        "BRAM": 0,
        "URAM": 0,
        "SRL": 0,
        "CP": 2.473
    },
    "IMPL": {
        "LUT": 818,
        "FF": 620,
        "DSP": 0,
        "BRAM": 0,
        "URAM": 0,
        "SRL": 0,
        "CP": 3.555,
        "PWR": 0.252
    }
}