{
    "LATENCY": {
        "Latency": 1000
    },
    "HLS": {
        "LUT": 923,
        "FF": 82,
        "DSP": 0,
        "BRAM": 0,
        "URAM": 0,
        "CP": 6.886
    },
    "SYN": {
        "LUT": 108,
        "FF": 56,
        "DSP": 0,
        "BRAM": 0,
        "URAM": 0,
        "SRL": 0,
        "CP": 2.008
    },
    "IMPL": {
        "LUT": 108,
        "FF": 56,
        "DSP": 0,
        "BRAM": 0,
        "URAM": 0,
        "SRL": 0,
        "CP": 2.223,
        "PWR": 0.242
    }
}