{
    "LATENCY": {
        "Latency": 1000
    },
    "HLS": {
        "LUT": 9577,
        "FF": 1607,
        "DSP": 8,
        "BRAM": 0,
        "URAM": 0,
        "CP": 7.259
    },
    "SYN": {
        "LUT": 2726,
        "FF": 1406,
        "DSP": 3,
        "BRAM": 0,
        "URAM": 0,
        "SRL": 0,
        "CP": 5.229
    },
    "IMPL": {
        "LUT": 2644,
        "FF": 1406,
        "DSP": 3,
        "BRAM": 0,
        "URAM": 0,
        "SRL": 0,
        "CP": 7.151,
        "PWR": 0.273
    }
}