{
    "LATENCY": {
        "Latency": 1000
    },
    "HLS": {
        "LUT": 23908,
        "FF": 5408,
        "DSP": 193,
        "BRAM": 0,
        "URAM": 0,
        "CP": 7.259
    },
    "SYN": {
        "LUT": 30634,
        "FF": 2714,
        "DSP": 78,
        "BRAM": 0,
        "URAM": 0,
        "SRL": 0,
        "CP": 5.254
    },
    "IMPL": {
        "LUT": 30502,
        "FF": 2714,
        "DSP": 78,
        "BRAM": 0,
        "URAM": 0,
        "SRL": 0,
        "CP": 8.575,
        "PWR": 0.664
    }
}