{
    "LATENCY": {
        "Latency": 1000
    },
    "HLS": {
        "LUT": 7414,
        "FF": 1004,
        "DSP": 16,
        "BRAM": 0,
        "URAM": 0,
        "CP": 7.259
    },
    "SYN": {
        "LUT": 3374,
        "FF": 666,
        "DSP": 8,
        "BRAM": 0,
        "URAM": 0,
        "SRL": 0,
        "CP": 5.247
    },
    "IMPL": {
        "LUT": 3190,
        "FF": 666,
        "DSP": 8,
        "BRAM": 0,
        "URAM": 0,
        "SRL": 0,
        "CP": 7.098,
        "PWR": 0.288
    }
}