{
    "LATENCY": {
        "Latency": 1000
    },
    "HLS": {
        "LUT": 113673,
        "FF": 12658,
        "DSP": 448,
        "BRAM": 0,
        "URAM": 0,
        "CP": 7.259
    },
    "SYN": {
        "LUT": 75436,
        "FF": 6959,
        "DSP": 176,
        "BRAM": 0,
        "URAM": 0,
        "SRL": 0,
        "CP": 5.254
    },
    "IMPL": {
        "LUT": 74868,
        "FF": 6959,
        "DSP": 176,
        "BRAM": 0,
        "URAM": 0,
        "SRL": 0,
        "CP": 9.145,
        "PWR": 1.138
    }
}