{
    "LATENCY": {
        "Latency": 1000
    },
    "HLS": {
        "LUT": 1880,
        "FF": 978,
        "DSP": 0,
        "BRAM": 0,
        "URAM": 0,
        "CP": 4.532
    },
    "SYN": {
        "LUT": 695,
        "FF": 935,
        "DSP": 0,
        "BRAM": 0,
        "URAM": 0,
        "SRL": 0,
        "CP": 2.215
    },
    "IMPL": {
        "LUT": 683,
        "FF": 935,
        "DSP": 0,
        "BRAM": 0,
        "URAM": 0,
        "SRL": 0,
        "CP": 3.867,
        "PWR": 0.253
    }
}