{
    "LATENCY": {
        "Latency": 1000
    },
    "HLS": {
        "LUT": 23634,
        "FF": 5615,
        "DSP": 193,
        "BRAM": 0,
        "URAM": 0,
        "CP": 7.259
    },
    "SYN": {
        "LUT": 30718,
        "FF": 2899,
        "DSP": 78,
        "BRAM": 0,
        "URAM": 0,
        "SRL": 0,
        "CP": 5.254
    },
    "IMPL": {
        "LUT": 30578,
        "FF": 2899,
        "DSP": 78,
        "BRAM": 0,
        "URAM": 0,
        "SRL": 0,
        "CP": 9.805,
        "PWR": 0.67
    }
}