{
    "LATENCY": {
        "Latency": 1000
    },
    "HLS": {
        "LUT": 1520,
        "FF": 365,
        "DSP": 0,
        "BRAM": 0,
        "URAM": 0,
        "CP": 4.532
    },
    "SYN": {
        "LUT": 254,
        "FF": 238,
        "DSP": 0,
        "BRAM": 0,
        "URAM": 0,
        "SRL": 0,
        "CP": 2.071
    },
    "IMPL": {
        "LUT": 239,
        "FF": 238,
        "DSP": 0,
        "BRAM": 0,
        "URAM": 0,
        "SRL": 0,
        "CP": 2.558,
        "PWR": 0.244
    }
}