{
    "LATENCY": {
        "Latency": 1000
    },
    "HLS": {
        "LUT": 27273,
        "FF": 3291,
        "DSP": 0,
        "BRAM": 0,
        "URAM": 0,
        "CP": 6.886
    },
    "SYN": {
        "LUT": 2205,
        "FF": 3167,
        "DSP": 0,
        "BRAM": 0,
        "URAM": 0,
        "SRL": 0,
        "CP": 2.046
    },
    "IMPL": {
        "LUT": 2183,
        "FF": 3167,
        "DSP": 0,
        "BRAM": 0,
        "URAM": 0,
        "SRL": 0,
        "CP": 5.308,
        "PWR": 0.253
    }
}