{
    "LATENCY": {
        "Latency": 1000
    },
    "HLS": {
        "LUT": 20337,
        "FF": 1486,
        "DSP": 10,
        "BRAM": 0,
        "URAM": 0,
        "CP": 7.152
    },
    "SYN": {
        "LUT": 4489,
        "FF": 1076,
        "DSP": 8,
        "BRAM": 0,
        "URAM": 0,
        "SRL": 0,
        "CP": 5.227
    },
    "IMPL": {
        "LUT": 4412,
        "FF": 1076,
        "DSP": 8,
        "BRAM": 0,
        "URAM": 0,
        "SRL": 0,
        "CP": 7.465,
        "PWR": 0.298
    }
}