{
    "LATENCY": {
        "Latency": 1000
    },
    "HLS": {
        "LUT": 5380,
        "FF": 1331,
        "DSP": 16,
        "BRAM": 0,
        "URAM": 0,
        "CP": 7.259
    },
    "SYN": {
        "LUT": 3395,
        "FF": 764,
        "DSP": 8,
        "BRAM": 0,
        "URAM": 0,
        "SRL": 0,
        "CP": 5.247
    },
    "IMPL": {
        "LUT": 3329,
        "FF": 764,
        "DSP": 8,
        "BRAM": 0,
        "URAM": 0,
        "SRL": 0,
        "CP": 7.053,
        "PWR": 0.289
    }
}