{
    "LATENCY": {
        "Latency": 1000
    },
    "HLS": {
        "LUT": 64721,
        "FF": 6522,
        "DSP": 224,
        "BRAM": 0,
        "URAM": 0,
        "CP": 7.259
    },
    "SYN": {
        "LUT": 38201,
        "FF": 3665,
        "DSP": 89,
        "BRAM": 0,
        "URAM": 0,
        "SRL": 0,
        "CP": 5.254
    },
    "IMPL": {
        "LUT": 37835,
        "FF": 3665,
        "DSP": 89,
        "BRAM": 0,
        "URAM": 0,
        "SRL": 0,
        "CP": 9.756,
        "PWR": 0.681
    }
}