{
    "LATENCY": {
        "Latency": 1000
    },
    "HLS": {
        "LUT": 46356,
        "FF": 11124,
        "DSP": 22,
        "BRAM": 0,
        "URAM": 0,
        "CP": 7.259
    },
    "SYN": {
        "LUT": 6591,
        "FF": 9411,
        "DSP": 22,
        "BRAM": 0,
        "URAM": 0,
        "SRL": 0,
        "CP": 6.619
    },
    "IMPL": {
        "LUT": 6540,
        "FF": 9411,
        "DSP": 22,
        "BRAM": 0,
        "URAM": 0,
        "SRL": 0,
        "CP": 6.983,
        "PWR": 0.286
    }
}