{
    "LATENCY": {
        "Latency": 1000
    },
    "HLS": {
        "LUT": 9893,
        "FF": 1784,
        "DSP": 6,
        "BRAM": 0,
        "URAM": 0,
        "CP": 7.259
    },
    "SYN": {
        "LUT": 4252,
        "FF": 1693,
        "DSP": 0,
        "BRAM": 0,
        "URAM": 0,
        "SRL": 0,
        "CP": 5.247
    },
    "IMPL": {
        "LUT": 4227,
        "FF": 1693,
        "DSP": 0,
        "BRAM": 0,
        "URAM": 0,
        "SRL": 0,
        "CP": 6.66,
        "PWR": 0.265
    }
}