{
    "LATENCY": {
        "Latency": 1000
    },
    "HLS": {
        "LUT": 3135,
        "FF": 2647,
        "DSP": 0,
        "BRAM": 0,
        "URAM": 0,
        "CP": 4.532
    },
    "SYN": {
        "LUT": 1931,
        "FF": 2603,
        "DSP": 0,
        "BRAM": 0,
        "URAM": 0,
        "SRL": 0,
        "CP": 2.356
    },
    "IMPL": {
        "LUT": 1901,
        "FF": 2603,
        "DSP": 0,
        "BRAM": 0,
        "URAM": 0,
        "SRL": 0,
        "CP": 4.048,
        "PWR": 0.247
    }
}