{
    "LATENCY": {
        "Latency": 1000
    },
    "HLS": {
        "LUT": 806,
        "FF": 268,
        "DSP": 0,
        "BRAM": 0,
        "URAM": 0,
        "CP": 4.797
    },
    "SYN": {
        "LUT": 229,
        "FF": 198,
        "DSP": 0,
        "BRAM": 0,
        "URAM": 0,
        "SRL": 0,
        "CP": 2.359
    },
    "IMPL": {
        "LUT": 223,
        "FF": 198,
        "DSP": 0,
        "BRAM": 0,
        "URAM": 0,
        "SRL": 0,
        "CP": 2.727,
        "PWR": 0.246
    }
}