{
    "LATENCY": {
        "Latency": 1000
    },
    "HLS": {
        "LUT": 15749,
        "FF": 6330,
        "DSP": 8,
        "BRAM": 0,
        "URAM": 0,
        "CP": 6.465
    },
    "SYN": {
        "LUT": 4144,
        "FF": 5042,
        "DSP": 10,
        "BRAM": 0,
        "URAM": 0,
        "SRL": 0,
        "CP": 5.183
    },
    "IMPL": {
        "LUT": 4027,
        "FF": 5042,
        "DSP": 10,
        "BRAM": 0,
        "URAM": 0,
        "SRL": 0,
        "CP": 6.895,
        "PWR": 0.274
    }
}