{
    "LATENCY": {
        "Latency": 1000
    },
    "HLS": {
        "LUT": 522,
        "FF": 247,
        "DSP": 0,
        "BRAM": 0,
        "URAM": 0,
        "CP": 5.312
    },
    "SYN": {
        "LUT": 150,
        "FF": 176,
        "DSP": 0,
        "BRAM": 0,
        "URAM": 0,
        "SRL": 0,
        "CP": 2.017
    },
    "IMPL": {
        "LUT": 146,
        "FF": 176,
        "DSP": 0,
        "BRAM": 0,
        "URAM": 0,
        "SRL": 0,
        "CP": 2.275,
        "PWR": 0.243
    }
}