{
    "LATENCY": {
        "best_latency": 1048588,
        "worst_latency": 1048588,
        "average_latency": 1048588,
        "best_time_latency": "10.486 ms",
        "worst_time_latency": "10.486 ms",
        "average_time_latency": "10.486 ms",
        "min_interval": 1048589,
        "max_interval": 1048589,
        "Latency": 1048588
    },
    "HLS": {
        "LUT": 3446,
        "FF": 1861,
        "DSP": 10,
        "BRAM": 0,
        "URAM": 0,
        "CP": 7.135
    },
    "IMPL": {
        "LUT": 1382,
        "FF": 1386,
        "DSP": 10,
        "BRAM": 0,
        "CP": 6.899,
        "PWR": 0.291
    }
}