{
    "LATENCY": {
        "best_latency": 131308,
        "worst_latency": 131308,
        "average_latency": 131308,
        "best_time_latency": "1.313 ms",
        "worst_time_latency": "1.313 ms",
        "average_time_latency": "1.313 ms",
        "min_interval": 131309,
        "max_interval": 131309,
        "Latency": 131308
    },
    "HLS": {
        "LUT": 33309,
        "FF": 16177,
        "DSP": 20,
        "BRAM": 0,
        "URAM": 0,
        "CP": 7.027
    },
    "IMPL": {
        "LUT": 9390,
        "FF": 16317,
        "DSP": 20,
        "BRAM": 0,
        "CP": 8.424,
        "PWR": 0.3
    }
}