{
    "LATENCY": {
        "best_latency": 2891777,
        "worst_latency": 2891777,
        "average_latency": 2891777,
        "best_time_latency": "28.918 ms",
        "worst_time_latency": "28.918 ms",
        "average_time_latency": "28.918 ms",
        "min_interval": 2891778,
        "max_interval": 2891778,
        "Latency": 2891777
    },
    "HLS": {
        "LUT": 1290,
        "FF": 963,
        "DSP": 10,
        "BRAM": 0,
        "URAM": 0,
        "CP": 6.504
    },
    "IMPL": {
        "LUT": 713,
        "FF": 825,
        "DSP": 10,
        "BRAM": 0,
        "CP": 6.812,
        "PWR": 0.285
    }
}