{
    "LATENCY": {
        "best_latency": 833633,
        "worst_latency": 833633,
        "average_latency": 833633,
        "best_time_latency": "8.336 ms",
        "worst_time_latency": "8.336 ms",
        "average_time_latency": "8.336 ms",
        "min_interval": 833634,
        "max_interval": 833634,
        "Latency": 833633
    },
    "HLS": {
        "LUT": 2329,
        "FF": 2059,
        "DSP": 10,
        "BRAM": 0,
        "URAM": 0,
        "CP": 7.135
    },
    "IMPL": {
        "LUT": 1837,
        "FF": 1840,
        "DSP": 11,
        "BRAM": 0,
        "CP": 7.044,
        "PWR": 0.288
    }
}