{
    "LATENCY": {
        "best_latency": 1093729,
        "worst_latency": 1093729,
        "average_latency": 1093729,
        "best_time_latency": "10.937 ms",
        "worst_time_latency": "10.937 ms",
        "average_time_latency": "10.937 ms",
        "min_interval": 1093730,
        "max_interval": 1093730,
        "Latency": 1093729
    },
    "HLS": {
        "LUT": 1743,
        "FF": 1751,
        "DSP": 10,
        "BRAM": 0,
        "URAM": 0,
        "CP": 7.135
    },
    "IMPL": {
        "LUT": 1253,
        "FF": 1552,
        "DSP": 10,
        "BRAM": 0,
        "CP": 6.956,
        "PWR": 0.266
    }
}