{
    "LATENCY": {
        "best_latency": 65773,
        "worst_latency": 65773,
        "average_latency": 65773,
        "best_time_latency": "0.658 ms",
        "worst_time_latency": "0.658 ms",
        "average_time_latency": "0.658 ms",
        "min_interval": 65774,
        "max_interval": 65774,
        "Latency": 65773
    },
    "HLS": {
        "LUT": 14705,
        "FF": 27731,
        "DSP": 40,
        "BRAM": 0,
        "URAM": 0,
        "CP": 7.027
    },
    "IMPL": {
        "LUT": 16743,
        "FF": 27780,
        "DSP": 40,
        "BRAM": 0,
        "CP": 8.318,
        "PWR": 0.358
    }
}