{
    "LATENCY": {
        "best_latency": 65788,
        "worst_latency": 65788,
        "average_latency": 65788,
        "best_time_latency": "0.658 ms",
        "worst_time_latency": "0.658 ms",
        "average_time_latency": "0.658 ms",
        "min_interval": 65789,
        "max_interval": 65789,
        "Latency": 65788
    },
    "HLS": {
        "LUT": 8702,
        "FF": 15654,
        "DSP": 40,
        "BRAM": 0,
        "URAM": 0,
        "CP": 7.01
    },
    "IMPL": {
        "LUT": 8474,
        "FF": 15264,
        "DSP": 40,
        "BRAM": 0,
        "CP": 8.108,
        "PWR": 0.351
    }
}