{
    "LATENCY": {
        "best_latency": 65772,
        "worst_latency": 65772,
        "average_latency": 65772,
        "best_time_latency": "0.658 ms",
        "worst_time_latency": "0.658 ms",
        "average_time_latency": "0.658 ms",
        "min_interval": 65773,
        "max_interval": 65773,
        "Latency": 65772
    },
    "HLS": {
        "LUT": 38336,
        "FF": 27650,
        "DSP": 40,
        "BRAM": 0,
        "URAM": 0,
        "CP": 7.027
    },
    "IMPL": {
        "LUT": 15758,
        "FF": 27949,
        "DSP": 40,
        "BRAM": 0,
        "CP": 8.969,
        "PWR": 0.403
    }
}