{
    "LATENCY": {
        "best_latency": 91649,
        "worst_latency": 91649,
        "average_latency": 91649,
        "best_time_latency": "0.916 ms",
        "worst_time_latency": "0.916 ms",
        "average_time_latency": "0.916 ms",
        "min_interval": 91650,
        "max_interval": 91650,
        "Latency": 91649
    },
    "HLS": {
        "LUT": 139532,
        "FF": 56257,
        "DSP": 0,
        "BRAM": 0,
        "URAM": 0,
        "CP": 7.602
    },
    "IMPL": {
        "LUT": 33462,
        "FF": 56667,
        "DSP": 0,
        "BRAM": 0,
        "CP": 9.292,
        "PWR": 0.503
    }
}