{
    "LATENCY": {
        "best_latency": 1093633,
        "worst_latency": 1093633,
        "average_latency": 1093633,
        "best_time_latency": "10.936 ms",
        "worst_time_latency": "10.936 ms",
        "average_time_latency": "10.936 ms",
        "min_interval": 1093634,
        "max_interval": 1093634,
        "Latency": 1093633
    },
    "HLS": {
        "LUT": 1370,
        "FF": 1193,
        "DSP": 10,
        "BRAM": 0,
        "URAM": 0,
        "CP": 7.135
    },
    "IMPL": {
        "LUT": 983,
        "FF": 1034,
        "DSP": 10,
        "BRAM": 0,
        "CP": 6.942,
        "PWR": 0.26
    }
}