{
    "LATENCY": {
        "best_latency": 2234369,
        "worst_latency": 2234369,
        "average_latency": 2234369,
        "best_time_latency": "22.344 ms",
        "worst_time_latency": "22.344 ms",
        "average_time_latency": "22.344 ms",
        "min_interval": 2234370,
        "max_interval": 2234370,
        "Latency": 2234369
    },
    "HLS": {
        "LUT": 1789,
        "FF": 1939,
        "DSP": 23,
        "BRAM": 0,
        "URAM": 0,
        "CP": 6.504
    },
    "IMPL": {
        "LUT": 1296,
        "FF": 1701,
        "DSP": 23,
        "BRAM": 0,
        "CP": 7.064,
        "PWR": 0.313
    }
}