{
    "LATENCY": {
        "best_latency": 1097729,
        "worst_latency": 1097729,
        "average_latency": 1097729,
        "best_time_latency": "10.977 ms",
        "worst_time_latency": "10.977 ms",
        "average_time_latency": "10.977 ms",
        "min_interval": 1097730,
        "max_interval": 1097730,
        "Latency": 1097729
    },
    "HLS": {
        "LUT": 2517,
        "FF": 1066,
        "DSP": 13,
        "BRAM": 0,
        "URAM": 0,
        "CP": 6.886
    },
    "IMPL": {
        "LUT": 1035,
        "FF": 842,
        "DSP": 13,
        "BRAM": 0,
        "CP": 6.847,
        "PWR": 0.274
    }
}