{
    "LATENCY": {
        "best_latency": 147265,
        "worst_latency": 147265,
        "average_latency": 147265,
        "best_time_latency": "1.473 ms",
        "worst_time_latency": "1.473 ms",
        "average_time_latency": "1.473 ms",
        "min_interval": 147266,
        "max_interval": 147266,
        "Latency": 147265
    },
    "HLS": {
        "LUT": 13063,
        "FF": 31204,
        "DSP": 20,
        "BRAM": 0,
        "URAM": 0,
        "CP": 7.027
    },
    "IMPL": {
        "LUT": 14530,
        "FF": 31597,
        "DSP": 20,
        "BRAM": 0,
        "CP": 9.138,
        "PWR": 0.48
    }
}