{
    "LATENCY": {
        "best_latency": 1974401,
        "worst_latency": 1974401,
        "average_latency": 1974401,
        "best_time_latency": "19.744 ms",
        "worst_time_latency": "19.744 ms",
        "average_time_latency": "19.744 ms",
        "min_interval": 1974402,
        "max_interval": 1974402,
        "Latency": 1974401
    },
    "HLS": {
        "LUT": 3956,
        "FF": 1166,
        "DSP": 10,
        "BRAM": 0,
        "URAM": 0,
        "CP": 6.504
    },
    "IMPL": {
        "LUT": 995,
        "FF": 1032,
        "DSP": 10,
        "BRAM": 0,
        "CP": 7.099,
        "PWR": 0.283
    }
}