{
    "LATENCY": {
        "best_latency": 65788,
        "worst_latency": 65788,
        "average_latency": 65788,
        "best_time_latency": "0.658 ms",
        "worst_time_latency": "0.658 ms",
        "average_time_latency": "0.658 ms",
        "min_interval": 65789,
        "max_interval": 65789,
        "Latency": 65788
    },
    "HLS": {
        "LUT": 10448,
        "FF": 19135,
        "DSP": 40,
        "BRAM": 0,
        "URAM": 0,
        "CP": 7.01
    },
    "IMPL": {
        "LUT": 12173,
        "FF": 18937,
        "DSP": 40,
        "BRAM": 0,
        "CP": 8.341,
        "PWR": 0.376
    }
}