{
    "LATENCY": {
        "best_latency": 841729,
        "worst_latency": 841729,
        "average_latency": 841729,
        "best_time_latency": "8.417 ms",
        "worst_time_latency": "8.417 ms",
        "average_time_latency": "8.417 ms",
        "min_interval": 841730,
        "max_interval": 841730,
        "Latency": 841729
    },
    "HLS": {
        "LUT": 4188,
        "FF": 1983,
        "DSP": 10,
        "BRAM": 0,
        "URAM": 0,
        "CP": 7.135
    },
    "IMPL": {
        "LUT": 1341,
        "FF": 1731,
        "DSP": 10,
        "BRAM": 0,
        "CP": 7.1,
        "PWR": 0.286
    }
}