{
    "LATENCY": {
        "best_latency": 1097857,
        "worst_latency": 1097857,
        "average_latency": 1097857,
        "best_time_latency": "10.979 ms",
        "worst_time_latency": "10.979 ms",
        "average_time_latency": "10.979 ms",
        "min_interval": 1097858,
        "max_interval": 1097858,
        "Latency": 1097857
    },
    "HLS": {
        "LUT": 3094,
        "FF": 1729,
        "DSP": 10,
        "BRAM": 0,
        "URAM": 0,
        "CP": 7.135
    },
    "IMPL": {
        "LUT": 1278,
        "FF": 1564,
        "DSP": 10,
        "BRAM": 0,
        "CP": 7.059,
        "PWR": 0.27
    }
}