{
    "LATENCY": {
        "best_latency": 2895873,
        "worst_latency": 2895873,
        "average_latency": 2895873,
        "best_time_latency": "28.959 ms",
        "worst_time_latency": "28.959 ms",
        "average_time_latency": "28.959 ms",
        "min_interval": 2895874,
        "max_interval": 2895874,
        "Latency": 2895873
    },
    "HLS": {
        "LUT": 2517,
        "FF": 969,
        "DSP": 10,
        "BRAM": 0,
        "URAM": 0,
        "CP": 6.886
    },
    "IMPL": {
        "LUT": 918,
        "FF": 862,
        "DSP": 10,
        "BRAM": 0,
        "CP": 6.625,
        "PWR": 0.283
    }
}