{
    "LATENCY": {
        "best_latency": 1110017,
        "worst_latency": 1110017,
        "average_latency": 1110017,
        "best_time_latency": "11.100 ms",
        "worst_time_latency": "11.100 ms",
        "average_time_latency": "11.100 ms",
        "min_interval": 1110018,
        "max_interval": 1110018,
        "Latency": 1110017
    },
    "HLS": {
        "LUT": 4268,
        "FF": 1647,
        "DSP": 13,
        "BRAM": 0,
        "URAM": 0,
        "CP": 6.886
    },
    "IMPL": {
        "LUT": 1226,
        "FF": 1360,
        "DSP": 13,
        "BRAM": 0,
        "CP": 6.89,
        "PWR": 0.275
    }
}