{
    "LATENCY": {
        "best_latency": 131275,
        "worst_latency": 131275,
        "average_latency": 131275,
        "best_time_latency": "1.313 ms",
        "worst_time_latency": "1.313 ms",
        "average_time_latency": "1.313 ms",
        "min_interval": 131276,
        "max_interval": 131276,
        "Latency": 131275
    },
    "HLS": {
        "LUT": 12001,
        "FF": 19401,
        "DSP": 0,
        "BRAM": 0,
        "URAM": 0,
        "CP": 7.146
    },
    "IMPL": {
        "LUT": 14979,
        "FF": 20949,
        "DSP": 0,
        "BRAM": 0,
        "CP": 9.773,
        "PWR": 0.289
    }
}