{
    "LATENCY": {
        "best_latency": 2889729,
        "worst_latency": 2889729,
        "average_latency": 2889729,
        "best_time_latency": "28.897 ms",
        "worst_time_latency": "28.897 ms",
        "average_time_latency": "28.897 ms",
        "min_interval": 2889730,
        "max_interval": 2889730,
        "Latency": 2889729
    },
    "HLS": {
        "LUT": 3976,
        "FF": 1245,
        "DSP": 10,
        "BRAM": 0,
        "URAM": 0,
        "CP": 6.504
    },
    "IMPL": {
        "LUT": 1178,
        "FF": 1108,
        "DSP": 10,
        "BRAM": 0,
        "CP": 7.067,
        "PWR": 0.297
    }
}