{
    "LATENCY": {
        "best_latency": 839681,
        "worst_latency": 839681,
        "average_latency": 839681,
        "best_time_latency": "8.397 ms",
        "worst_time_latency": "8.397 ms",
        "average_time_latency": "8.397 ms",
        "min_interval": 839682,
        "max_interval": 839682,
        "Latency": 839681
    },
    "HLS": {
        "LUT": 2213,
        "FF": 1220,
        "DSP": 10,
        "BRAM": 0,
        "URAM": 0,
        "CP": 7.135
    },
    "IMPL": {
        "LUT": 978,
        "FF": 998,
        "DSP": 10,
        "BRAM": 0,
        "CP": 7.063,
        "PWR": 0.275
    }
}