{
    "LATENCY": {
        "best_latency": 1103873,
        "worst_latency": 1103873,
        "average_latency": 1103873,
        "best_time_latency": "11.039 ms",
        "worst_time_latency": "11.039 ms",
        "average_time_latency": "11.039 ms",
        "min_interval": 1103874,
        "max_interval": 1103874,
        "Latency": 1103873
    },
    "HLS": {
        "LUT": 4150,
        "FF": 2098,
        "DSP": 13,
        "BRAM": 0,
        "URAM": 0,
        "CP": 6.709
    },
    "IMPL": {
        "LUT": 1370,
        "FF": 1861,
        "DSP": 13,
        "BRAM": 0,
        "CP": 6.89,
        "PWR": 0.285
    }
}