{
    "LATENCY": {
        "best_latency": 131276,
        "worst_latency": 131276,
        "average_latency": 131276,
        "best_time_latency": "1.313 ms",
        "worst_time_latency": "1.313 ms",
        "average_time_latency": "1.313 ms",
        "min_interval": 131277,
        "max_interval": 131277,
        "Latency": 131276
    },
    "HLS": {
        "LUT": 36959,
        "FF": 20911,
        "DSP": 20,
        "BRAM": 0,
        "URAM": 0,
        "CP": 7.061
    },
    "IMPL": {
        "LUT": 9975,
        "FF": 22552,
        "DSP": 20,
        "BRAM": 0,
        "CP": 9.549,
        "PWR": 0.31
    }
}