{
    "LATENCY": {
        "best_latency": 1097729,
        "worst_latency": 1097729,
        "average_latency": 1097729,
        "best_time_latency": "10.977 ms",
        "worst_time_latency": "10.977 ms",
        "average_time_latency": "10.977 ms",
        "min_interval": 1097730,
        "max_interval": 1097730,
        "Latency": 1097729
    },
    "HLS": {
        "LUT": 1274,
        "FF": 1054,
        "DSP": 13,
        "BRAM": 0,
        "URAM": 0,
        "CP": 6.709
    },
    "IMPL": {
        "LUT": 804,
        "FF": 855,
        "DSP": 13,
        "BRAM": 0,
        "CP": 6.837,
        "PWR": 0.278
    }
}