{
    "LATENCY": {
        "best_latency": 835585,
        "worst_latency": 835585,
        "average_latency": 835585,
        "best_time_latency": "8.356 ms",
        "worst_time_latency": "8.356 ms",
        "average_time_latency": "8.356 ms",
        "min_interval": 835586,
        "max_interval": 835586,
        "Latency": 835585
    },
    "HLS": {
        "LUT": 1808,
        "FF": 1012,
        "DSP": 10,
        "BRAM": 0,
        "URAM": 0,
        "CP": 7.135
    },
    "IMPL": {
        "LUT": 925,
        "FF": 818,
        "DSP": 10,
        "BRAM": 0,
        "CP": 7.013,
        "PWR": 0.275
    }
}