{
    "LATENCY": {
        "best_latency": 1355777,
        "worst_latency": 1355777,
        "average_latency": 1355777,
        "best_time_latency": "13.558 ms",
        "worst_time_latency": "13.558 ms",
        "average_time_latency": "13.558 ms",
        "min_interval": 1355778,
        "max_interval": 1355778,
        "Latency": 1355777
    },
    "HLS": {
        "LUT": 1414,
        "FF": 1344,
        "DSP": 13,
        "BRAM": 0,
        "URAM": 0,
        "CP": 6.709
    },
    "IMPL": {
        "LUT": 930,
        "FF": 1156,
        "DSP": 13,
        "BRAM": 0,
        "CP": 6.766,
        "PWR": 0.254
    }
}