{
    "LATENCY": {
        "best_latency": 65771,
        "worst_latency": 65771,
        "average_latency": 65771,
        "best_time_latency": "0.658 ms",
        "worst_time_latency": "0.658 ms",
        "average_time_latency": "0.658 ms",
        "min_interval": 65772,
        "max_interval": 65772,
        "Latency": 65771
    },
    "HLS": {
        "LUT": 20721,
        "FF": 23432,
        "DSP": 0,
        "BRAM": 0,
        "URAM": 0,
        "CP": 7.112
    },
    "IMPL": {
        "LUT": 24252,
        "FF": 23906,
        "DSP": 0,
        "BRAM": 0,
        "CP": 9.206,
        "PWR": 0.311
    }
}