{
    "LATENCY": {
        "best_latency": 74039,
        "worst_latency": 74039,
        "average_latency": 74039,
        "best_time_latency": "0.740 ms",
        "worst_time_latency": "0.740 ms",
        "average_time_latency": "0.740 ms",
        "min_interval": 74040,
        "max_interval": 74040,
        "Latency": 74039
    },
    "HLS": {
        "LUT": 11077,
        "FF": 20593,
        "DSP": 52,
        "BRAM": 0,
        "URAM": 0,
        "CP": 7.517
    },
    "IMPL": {
        "LUT": 11393,
        "FF": 20430,
        "DSP": 52,
        "BRAM": 0,
        "CP": 8.707,
        "PWR": 0.365
    }
}