{
    "LATENCY": {
        "best_latency": 148289,
        "worst_latency": 148289,
        "average_latency": 148289,
        "best_time_latency": "1.483 ms",
        "worst_time_latency": "1.483 ms",
        "average_time_latency": "1.483 ms",
        "min_interval": 148290,
        "max_interval": 148290,
        "Latency": 148289
    },
    "HLS": {
        "LUT": 17861,
        "FF": 51882,
        "DSP": 20,
        "BRAM": 0,
        "URAM": 0,
        "CP": 7.027
    },
    "IMPL": {
        "LUT": 17872,
        "FF": 52813,
        "DSP": 20,
        "BRAM": 0,
        "CP": 9.281,
        "PWR": 0.566
    }
}