{
    "LATENCY": {
        "best_latency": 270609,
        "worst_latency": 270609,
        "average_latency": 270609,
        "best_time_latency": "2.706 ms",
        "worst_time_latency": "2.706 ms",
        "average_time_latency": "2.706 ms",
        "min_interval": 270610,
        "max_interval": 270610,
        "Latency": 270609
    },
    "HLS": {
        "LUT": 2034,
        "FF": 444,
        "DSP": 0,
        "BRAM": 0,
        "URAM": 0,
        "CP": 7.266
    },
    "IMPL": {
        "LUT": 585,
        "FF": 372,
        "DSP": 0,
        "BRAM": 0,
        "CP": 3.416,
        "PWR": 0.247
    }
}