{
    "LATENCY": {
        "best_latency": 242017,
        "worst_latency": 274785,
        "average_latency": 258401,
        "best_time_latency": "2.420 ms",
        "worst_time_latency": "2.748 ms",
        "average_time_latency": "2.584 ms",
        "min_interval": 242018,
        "max_interval": 274786,
        "Latency": 258401
    },
    "HLS": {
        "LUT": 7980,
        "FF": 2003,
        "DSP": 0,
        "BRAM": 0,
        "URAM": 0,
        "CP": 7.266
    },
    "IMPL": {
        "LUT": 2425,
        "FF": 1684,
        "DSP": 0,
        "BRAM": 0,
        "CP": 4.617,
        "PWR": 0.257
    }
}