{
    "LATENCY": {
        "best_latency": 260321,
        "worst_latency": 260321,
        "average_latency": 260321,
        "best_time_latency": "2.603 ms",
        "worst_time_latency": "2.603 ms",
        "average_time_latency": "2.603 ms",
        "min_interval": 260322,
        "max_interval": 260322,
        "Latency": 260321
    },
    "HLS": {
        "LUT": 4701,
        "FF": 805,
        "DSP": 0,
        "BRAM": 0,
        "URAM": 0,
        "CP": 7.266
    },
    "IMPL": {
        "LUT": 1093,
        "FF": 642,
        "DSP": 0,
        "BRAM": 0,
        "CP": 3.414,
        "PWR": 0.256
    }
}