{
    "LATENCY": {
        "best_latency": 217281,
        "worst_latency": 217281,
        "average_latency": 217281,
        "best_time_latency": "2.173 ms",
        "worst_time_latency": "2.173 ms",
        "average_time_latency": "2.173 ms",
        "min_interval": 217282,
        "max_interval": 217282,
        "Latency": 217281
    },
    "HLS": {
        "LUT": 6248,
        "FF": 1822,
        "DSP": 0,
        "BRAM": 0,
        "URAM": 0,
        "CP": 7.266
    },
    "IMPL": {
        "LUT": 2261,
        "FF": 1593,
        "DSP": 0,
        "BRAM": 0,
        "CP": 4.041,
        "PWR": 0.256
    }
}