{
    "LATENCY": {
        "best_latency": 246113,
        "worst_latency": 246113,
        "average_latency": 246113,
        "best_time_latency": "2.461 ms",
        "worst_time_latency": "2.461 ms",
        "average_time_latency": "2.461 ms",
        "min_interval": 246114,
        "max_interval": 246114,
        "Latency": 246113
    },
    "HLS": {
        "LUT": 4491,
        "FF": 894,
        "DSP": 0,
        "BRAM": 0,
        "URAM": 0,
        "CP": 7.266
    },
    "IMPL": {
        "LUT": 1307,
        "FF": 719,
        "DSP": 0,
        "BRAM": 0,
        "CP": 3.368,
        "PWR": 0.262
    }
}