{
    "LATENCY": {
        "best_latency": 321649,
        "worst_latency": 321649,
        "average_latency": 321649,
        "best_time_latency": "3.216 ms",
        "worst_time_latency": "3.216 ms",
        "average_time_latency": "3.216 ms",
        "min_interval": 321650,
        "max_interval": 321650,
        "Latency": 321649
    },
    "HLS": {
        "LUT": 8668,
        "FF": 1493,
        "DSP": 0,
        "BRAM": 0,
        "URAM": 0,
        "CP": 6.89
    },
    "IMPL": {
        "LUT": 1789,
        "FF": 1279,
        "DSP": 0,
        "BRAM": 0,
        "CP": 3.289,
        "PWR": 0.267
    }
}