{
    "LATENCY": {
        "best_latency": 217313,
        "worst_latency": 250081,
        "average_latency": 233697,
        "best_time_latency": "2.173 ms",
        "worst_time_latency": "2.501 ms",
        "average_time_latency": "2.337 ms",
        "min_interval": 217314,
        "max_interval": 250082,
        "Latency": 233697
    },
    "HLS": {
        "LUT": 7356,
        "FF": 2029,
        "DSP": 0,
        "BRAM": 0,
        "URAM": 0,
        "CP": 7.266
    },
    "IMPL": {
        "LUT": 2687,
        "FF": 1636,
        "DSP": 0,
        "BRAM": 0,
        "CP": 4.901,
        "PWR": 0.26
    }
}