{
    "LATENCY": {
        "best_latency": 276689,
        "worst_latency": 276689,
        "average_latency": 276689,
        "best_time_latency": "2.767 ms",
        "worst_time_latency": "2.767 ms",
        "average_time_latency": "2.767 ms",
        "min_interval": 276690,
        "max_interval": 276690,
        "Latency": 276689
    },
    "HLS": {
        "LUT": 4666,
        "FF": 805,
        "DSP": 0,
        "BRAM": 0,
        "URAM": 0,
        "CP": 7.266
    },
    "IMPL": {
        "LUT": 1139,
        "FF": 647,
        "DSP": 0,
        "BRAM": 0,
        "CP": 3.368,
        "PWR": 0.256
    }
}