{
    "LATENCY": {
        "best_latency": 323761,
        "worst_latency": 323761,
        "average_latency": 323761,
        "best_time_latency": "3.238 ms",
        "worst_time_latency": "3.238 ms",
        "average_time_latency": "3.238 ms",
        "min_interval": 323762,
        "max_interval": 323762,
        "Latency": 323761
    },
    "HLS": {
        "LUT": 2332,
        "FF": 591,
        "DSP": 0,
        "BRAM": 0,
        "URAM": 0,
        "CP": 7.266
    },
    "IMPL": {
        "LUT": 668,
        "FF": 482,
        "DSP": 0,
        "BRAM": 0,
        "CP": 3.159,
        "PWR": 0.248
    }
}