{
    "LATENCY": {
        "best_latency": 213217,
        "worst_latency": 213217,
        "average_latency": 213217,
        "best_time_latency": "2.132 ms",
        "worst_time_latency": "2.132 ms",
        "average_time_latency": "2.132 ms",
        "min_interval": 213218,
        "max_interval": 213218,
        "Latency": 213217
    },
    "HLS": {
        "LUT": 3586,
        "FF": 1041,
        "DSP": 0,
        "BRAM": 0,
        "URAM": 0,
        "CP": 7.266
    },
    "IMPL": {
        "LUT": 989,
        "FF": 801,
        "DSP": 0,
        "BRAM": 0,
        "CP": 3.77,
        "PWR": 0.259
    }
}