{
    "LATENCY": {
        "best_latency": 256321,
        "worst_latency": 256321,
        "average_latency": 256321,
        "best_time_latency": "2.563 ms",
        "worst_time_latency": "2.563 ms",
        "average_time_latency": "2.563 ms",
        "min_interval": 256322,
        "max_interval": 256322,
        "Latency": 256321
    },
    "HLS": {
        "LUT": 20339,
        "FF": 3132,
        "DSP": 0,
        "BRAM": 0,
        "URAM": 0,
        "CP": 6.89
    },
    "IMPL": {
        "LUT": 3188,
        "FF": 2448,
        "DSP": 0,
        "BRAM": 0,
        "CP": 4.796,
        "PWR": 0.263
    }
}