{
    "LATENCY": {
        "best_latency": 333041,
        "worst_latency": 357617,
        "average_latency": 345329,
        "best_time_latency": "3.330 ms",
        "worst_time_latency": "3.576 ms",
        "average_time_latency": "3.453 ms",
        "min_interval": 333042,
        "max_interval": 357618,
        "Latency": 345329
    },
    "HLS": {
        "LUT": 5309,
        "FF": 1330,
        "DSP": 0,
        "BRAM": 0,
        "URAM": 0,
        "CP": 6.465
    },
    "IMPL": {
        "LUT": 1123,
        "FF": 1153,
        "DSP": 0,
        "BRAM": 0,
        "CP": 3.647,
        "PWR": 0.246
    }
}