{
    "LATENCY": {
        "best_latency": 313681,
        "worst_latency": 313697,
        "average_latency": 313697,
        "best_time_latency": "3.137 ms",
        "worst_time_latency": "3.137 ms",
        "average_time_latency": "3.137 ms",
        "min_interval": 313682,
        "max_interval": 313698,
        "Latency": 313697
    },
    "HLS": {
        "LUT": 15792,
        "FF": 1478,
        "DSP": 0,
        "BRAM": 0,
        "URAM": 0,
        "CP": 7.266
    },
    "IMPL": {
        "LUT": 2345,
        "FF": 1245,
        "DSP": 0,
        "BRAM": 0,
        "CP": 4.231,
        "PWR": 0.256
    }
}