{
    "LATENCY": {
        "best_latency": 540865,
        "worst_latency": 540865,
        "average_latency": 540865,
        "best_time_latency": "5.409 ms",
        "worst_time_latency": "5.409 ms",
        "average_time_latency": "5.409 ms",
        "min_interval": 540866,
        "max_interval": 540866,
        "Latency": 540865
    },
    "HLS": {
        "LUT": 14265,
        "FF": 2154,
        "DSP": 0,
        "BRAM": 0,
        "URAM": 0,
        "CP": 7.266
    },
    "IMPL": {
        "LUT": 2283,
        "FF": 1626,
        "DSP": 0,
        "BRAM": 0,
        "CP": 5.047,
        "PWR": 0.267
    }
}