{
    "LATENCY": {
        "best_latency": 311505,
        "worst_latency": 311505,
        "average_latency": 311505,
        "best_time_latency": "3.115 ms",
        "worst_time_latency": "3.115 ms",
        "average_time_latency": "3.115 ms",
        "min_interval": 311506,
        "max_interval": 311506,
        "Latency": 311505
    },
    "HLS": {
        "LUT": 3861,
        "FF": 742,
        "DSP": 0,
        "BRAM": 0,
        "URAM": 0,
        "CP": 7.266
    },
    "IMPL": {
        "LUT": 1102,
        "FF": 579,
        "DSP": 0,
        "BRAM": 0,
        "CP": 3.155,
        "PWR": 0.256
    }
}