{
    "LATENCY": {
        "best_latency": 272545,
        "worst_latency": 272545,
        "average_latency": 272545,
        "best_time_latency": "2.725 ms",
        "worst_time_latency": "2.725 ms",
        "average_time_latency": "2.725 ms",
        "min_interval": 272546,
        "max_interval": 272546,
        "Latency": 272545
    },
    "HLS": {
        "LUT": 6398,
        "FF": 977,
        "DSP": 0,
        "BRAM": 0,
        "URAM": 0,
        "CP": 7.266
    },
    "IMPL": {
        "LUT": 1151,
        "FF": 806,
        "DSP": 0,
        "BRAM": 0,
        "CP": 4.285,
        "PWR": 0.257
    }
}