{
    "LATENCY": {
        "best_latency": 319681,
        "worst_latency": 319681,
        "average_latency": 319681,
        "best_time_latency": "3.197 ms",
        "worst_time_latency": "3.197 ms",
        "average_time_latency": "3.197 ms",
        "min_interval": 319682,
        "max_interval": 319682,
        "Latency": 319681
    },
    "HLS": {
        "LUT": 5432,
        "FF": 2040,
        "DSP": 0,
        "BRAM": 0,
        "URAM": 0,
        "CP": 7.266
    },
    "IMPL": {
        "LUT": 1653,
        "FF": 1805,
        "DSP": 0,
        "BRAM": 0,
        "CP": 5.057,
        "PWR": 0.254
    }
}