{
    "LATENCY": {
        "best_latency": 327873,
        "worst_latency": 327873,
        "average_latency": 327873,
        "best_time_latency": "3.279 ms",
        "worst_time_latency": "3.279 ms",
        "average_time_latency": "3.279 ms",
        "min_interval": 327874,
        "max_interval": 327874,
        "Latency": 327873
    },
    "HLS": {
        "LUT": 4233,
        "FF": 717,
        "DSP": 0,
        "BRAM": 0,
        "URAM": 0,
        "CP": 7.266
    },
    "IMPL": {
        "LUT": 1013,
        "FF": 555,
        "DSP": 0,
        "BRAM": 0,
        "CP": 3.29,
        "PWR": 0.254
    }
}