{
    "LATENCY": {
        "best_latency": 313745,
        "worst_latency": 313745,
        "average_latency": 313745,
        "best_time_latency": "3.137 ms",
        "worst_time_latency": "3.137 ms",
        "average_time_latency": "3.137 ms",
        "min_interval": 313746,
        "max_interval": 313746,
        "Latency": 313745
    },
    "HLS": {
        "LUT": 8572,
        "FF": 1180,
        "DSP": 0,
        "BRAM": 0,
        "URAM": 0,
        "CP": 7.266
    },
    "IMPL": {
        "LUT": 1289,
        "FF": 1027,
        "DSP": 0,
        "BRAM": 0,
        "CP": 3.917,
        "PWR": 0.259
    }
}