{
    "LATENCY": {
        "best_latency": 430449,
        "worst_latency": 463217,
        "average_latency": 446833,
        "best_time_latency": "4.304 ms",
        "worst_time_latency": "4.632 ms",
        "average_time_latency": "4.468 ms",
        "min_interval": 430450,
        "max_interval": 463218,
        "Latency": 446833
    },
    "HLS": {
        "LUT": 25765,
        "FF": 3052,
        "DSP": 0,
        "BRAM": 0,
        "URAM": 0,
        "CP": 7.266
    },
    "IMPL": {
        "LUT": 3087,
        "FF": 2407,
        "DSP": 0,
        "BRAM": 0,
        "CP": 5.291,
        "PWR": 0.27
    }
}