{
    "LATENCY": {
        "best_latency": 215361,
        "worst_latency": 215361,
        "average_latency": 215361,
        "best_time_latency": "2.154 ms",
        "worst_time_latency": "2.154 ms",
        "average_time_latency": "2.154 ms",
        "min_interval": 215362,
        "max_interval": 215362,
        "Latency": 215361
    },
    "HLS": {
        "LUT": 4184,
        "FF": 1288,
        "DSP": 0,
        "BRAM": 0,
        "URAM": 0,
        "CP": 7.266
    },
    "IMPL": {
        "LUT": 1118,
        "FF": 990,
        "DSP": 0,
        "BRAM": 0,
        "CP": 3.718,
        "PWR": 0.262
    }
}