{
    "LATENCY": {
        "best_latency": 260265,
        "worst_latency": 260265,
        "average_latency": 260265,
        "best_time_latency": "2.603 ms",
        "worst_time_latency": "2.603 ms",
        "average_time_latency": "2.603 ms",
        "min_interval": 260266,
        "max_interval": 260266,
        "Latency": 260265
    },
    "HLS": {
        "LUT": 7253,
        "FF": 1829,
        "DSP": 0,
        "BRAM": 0,
        "URAM": 0,
        "CP": 7.266
    },
    "IMPL": {
        "LUT": 1909,
        "FF": 1463,
        "DSP": 0,
        "BRAM": 0,
        "CP": 4.121,
        "PWR": 0.263
    }
}