{
    "LATENCY": {
        "best_latency": 446801,
        "worst_latency": 463185,
        "average_latency": 454993,
        "best_time_latency": "4.468 ms",
        "worst_time_latency": "4.632 ms",
        "average_time_latency": "4.550 ms",
        "min_interval": 446802,
        "max_interval": 463186,
        "Latency": 454993
    },
    "HLS": {
        "LUT": 27558,
        "FF": 3327,
        "DSP": 0,
        "BRAM": 0,
        "URAM": 0,
        "CP": 7.266
    },
    "IMPL": {
        "LUT": 3004,
        "FF": 2980,
        "DSP": 0,
        "BRAM": 0,
        "CP": 4.195,
        "PWR": 0.271
    }
}