{
    "LATENCY": {
        "best_latency": 489729,
        "worst_latency": 489729,
        "average_latency": 489729,
        "best_time_latency": "4.897 ms",
        "worst_time_latency": "4.897 ms",
        "average_time_latency": "4.897 ms",
        "min_interval": 489730,
        "max_interval": 489730,
        "Latency": 489729
    },
    "HLS": {
        "LUT": 20127,
        "FF": 2980,
        "DSP": 0,
        "BRAM": 0,
        "URAM": 0,
        "CP": 6.978
    },
    "IMPL": {
        "LUT": 3163,
        "FF": 2360,
        "DSP": 0,
        "BRAM": 0,
        "CP": 4.469,
        "PWR": 0.273
    }
}