{
    "LATENCY": {
        "best_latency": 297297,
        "worst_latency": 297297,
        "average_latency": 297297,
        "best_time_latency": "2.973 ms",
        "worst_time_latency": "2.973 ms",
        "average_time_latency": "2.973 ms",
        "min_interval": 297298,
        "max_interval": 297298,
        "Latency": 297297
    },
    "HLS": {
        "LUT": 4092,
        "FF": 1445,
        "DSP": 0,
        "BRAM": 0,
        "URAM": 0,
        "CP": 7.266
    },
    "IMPL": {
        "LUT": 1585,
        "FF": 1271,
        "DSP": 0,
        "BRAM": 0,
        "CP": 3.55,
        "PWR": 0.255
    }
}