{
    "LATENCY": {
        "best_latency": 444689,
        "worst_latency": 444689,
        "average_latency": 444689,
        "best_time_latency": "4.447 ms",
        "worst_time_latency": "4.447 ms",
        "average_time_latency": "4.447 ms",
        "min_interval": 444690,
        "max_interval": 444690,
        "Latency": 444689
    },
    "HLS": {
        "LUT": 17291,
        "FF": 3029,
        "DSP": 0,
        "BRAM": 0,
        "URAM": 0,
        "CP": 6.978
    },
    "IMPL": {
        "LUT": 3937,
        "FF": 2285,
        "DSP": 0,
        "BRAM": 0,
        "CP": 5.765,
        "PWR": 0.27
    }
}