{
    "LATENCY": {
        "best_latency": 229681,
        "worst_latency": 229681,
        "average_latency": 229681,
        "best_time_latency": "2.297 ms",
        "worst_time_latency": "2.297 ms",
        "average_time_latency": "2.297 ms",
        "min_interval": 229682,
        "max_interval": 229682,
        "Latency": 229681
    },
    "HLS": {
        "LUT": 2798,
        "FF": 715,
        "DSP": 0,
        "BRAM": 0,
        "URAM": 0,
        "CP": 7.266
    },
    "IMPL": {
        "LUT": 877,
        "FF": 548,
        "DSP": 0,
        "BRAM": 0,
        "CP": 3.405,
        "PWR": 0.256
    }
}