{
    "LATENCY": {
        "best_latency": 358785,
        "worst_latency": 358785,
        "average_latency": 358785,
        "best_time_latency": "3.588 ms",
        "worst_time_latency": "3.588 ms",
        "average_time_latency": "3.588 ms",
        "min_interval": 358786,
        "max_interval": 358786,
        "Latency": 358785
    },
    "HLS": {
        "LUT": 31757,
        "FF": 4428,
        "DSP": 0,
        "BRAM": 0,
        "URAM": 0,
        "CP": 7.266
    },
    "IMPL": {
        "LUT": 4235,
        "FF": 3192,
        "DSP": 0,
        "BRAM": 0,
        "CP": 6.066,
        "PWR": 0.278
    }
}