{
    "LATENCY": {
        "best_latency": 281793,
        "worst_latency": 281793,
        "average_latency": 281793,
        "best_time_latency": "2.818 ms",
        "worst_time_latency": "2.818 ms",
        "average_time_latency": "2.818 ms",
        "min_interval": 281794,
        "max_interval": 281794,
        "Latency": 281793
    },
    "HLS": {
        "LUT": 4172,
        "FF": 1698,
        "DSP": 0,
        "BRAM": 0,
        "URAM": 0,
        "CP": 7.266
    },
    "IMPL": {
        "LUT": 1942,
        "FF": 1566,
        "DSP": 0,
        "BRAM": 0,
        "CP": 3.856,
        "PWR": 0.252
    }
}