{
    "LATENCY": {
        "best_latency": 246001,
        "worst_latency": 246001,
        "average_latency": 246001,
        "best_time_latency": "2.460 ms",
        "worst_time_latency": "2.460 ms",
        "average_time_latency": "2.460 ms",
        "min_interval": 246002,
        "max_interval": 246002,
        "Latency": 246001
    },
    "HLS": {
        "LUT": 4119,
        "FF": 744,
        "DSP": 0,
        "BRAM": 0,
        "URAM": 0,
        "CP": 7.266
    },
    "IMPL": {
        "LUT": 1053,
        "FF": 531,
        "DSP": 0,
        "BRAM": 0,
        "CP": 3.444,
        "PWR": 0.256
    }
}