{
    "LATENCY": {
        "best_latency": 356753,
        "worst_latency": 356753,
        "average_latency": 356753,
        "best_time_latency": "3.568 ms",
        "worst_time_latency": "3.568 ms",
        "average_time_latency": "3.568 ms",
        "min_interval": 356754,
        "max_interval": 356754,
        "Latency": 356753
    },
    "HLS": {
        "LUT": 22364,
        "FF": 1981,
        "DSP": 0,
        "BRAM": 0,
        "URAM": 0,
        "CP": 6.966
    },
    "IMPL": {
        "LUT": 2362,
        "FF": 1882,
        "DSP": 0,
        "BRAM": 0,
        "CP": 4.828,
        "PWR": 0.254
    }
}