{
    "LATENCY": {
        "best_latency": 262449,
        "worst_latency": 295169,
        "average_latency": 278817,
        "best_time_latency": "2.624 ms",
        "worst_time_latency": "2.952 ms",
        "average_time_latency": "2.788 ms",
        "min_interval": 262450,
        "max_interval": 295170,
        "Latency": 278817
    },
    "HLS": {
        "LUT": 13556,
        "FF": 1646,
        "DSP": 0,
        "BRAM": 0,
        "URAM": 0,
        "CP": 6.89
    },
    "IMPL": {
        "LUT": 1928,
        "FF": 1385,
        "DSP": 0,
        "BRAM": 0,
        "CP": 3.772,
        "PWR": 0.255
    }
}