{
    "LATENCY": {
        "best_latency": 329905,
        "worst_latency": 329905,
        "average_latency": 329905,
        "best_time_latency": "3.299 ms",
        "worst_time_latency": "3.299 ms",
        "average_time_latency": "3.299 ms",
        "min_interval": 329906,
        "max_interval": 329906,
        "Latency": 329905
    },
    "HLS": {
        "LUT": 4117,
        "FF": 611,
        "DSP": 0,
        "BRAM": 0,
        "URAM": 0,
        "CP": 7.266
    },
    "IMPL": {
        "LUT": 831,
        "FF": 539,
        "DSP": 0,
        "BRAM": 0,
        "CP": 3.786,
        "PWR": 0.253
    }
}