{
    "LATENCY": {
        "best_latency": 213313,
        "worst_latency": 213313,
        "average_latency": 213313,
        "best_time_latency": "2.133 ms",
        "worst_time_latency": "2.133 ms",
        "average_time_latency": "2.133 ms",
        "min_interval": 213314,
        "max_interval": 213314,
        "Latency": 213313
    },
    "HLS": {
        "LUT": 3807,
        "FF": 1084,
        "DSP": 0,
        "BRAM": 0,
        "URAM": 0,
        "CP": 7.266
    },
    "IMPL": {
        "LUT": 1063,
        "FF": 816,
        "DSP": 0,
        "BRAM": 0,
        "CP": 3.835,
        "PWR": 0.257
    }
}