{
    "LATENCY": {
        "best_latency": 352545,
        "worst_latency": 352545,
        "average_latency": 352545,
        "best_time_latency": "3.525 ms",
        "worst_time_latency": "3.525 ms",
        "average_time_latency": "3.525 ms",
        "min_interval": 352546,
        "max_interval": 352546,
        "Latency": 352545
    },
    "HLS": {
        "LUT": 8169,
        "FF": 1537,
        "DSP": 0,
        "BRAM": 0,
        "URAM": 0,
        "CP": 6.978
    },
    "SYN": {
        "LUT": 1684,
        "FF": 1154,
        "DSP": 0,
        "BRAM": 0,
        "URAM": 0,
        "SRL": 0,
        "CP": 2.995
    },
    "IMPL": {
        "LUT": 1655,
        "FF": 1154,
        "DSP": 0,
        "BRAM": 0,
        "URAM": 0,
        "SRL": 0,
        "CP": 4.404,
        "PWR": 0.255
    }
}