{
    "LATENCY": {
        "best_latency": 362865,
        "worst_latency": 379249,
        "average_latency": 371057,
        "best_time_latency": "3.629 ms",
        "worst_time_latency": "3.792 ms",
        "average_time_latency": "3.711 ms",
        "min_interval": 362866,
        "max_interval": 379250,
        "Latency": 371057
    },
    "HLS": {
        "LUT": 33655,
        "FF": 3831,
        "DSP": 0,
        "BRAM": 0,
        "URAM": 0,
        "CP": 6.886
    },
    "SYN": {
        "LUT": 4054,
        "FF": 3512,
        "DSP": 0,
        "BRAM": 0,
        "URAM": 0,
        "SRL": 0,
        "CP": 2.972
    },
    "IMPL": {
        "LUT": 4032,
        "FF": 3512,
        "DSP": 0,
        "BRAM": 0,
        "URAM": 0,
        "SRL": 0,
        "CP": 4.942,
        "PWR": 0.266
    }
}