{
    "LATENCY": {
        "best_latency": 342193,
        "worst_latency": 342193,
        "average_latency": 342193,
        "best_time_latency": "3.422 ms",
        "worst_time_latency": "3.422 ms",
        "average_time_latency": "3.422 ms",
        "min_interval": 342194,
        "max_interval": 342194,
        "Latency": 342193
    },
    "HLS": {
        "LUT": 2785,
        "FF": 739,
        "DSP": 0,
        "BRAM": 0,
        "URAM": 0,
        "CP": 7.266
    },
    "SYN": {
        "LUT": 934,
        "FF": 608,
        "DSP": 0,
        "BRAM": 0,
        "URAM": 0,
        "SRL": 0,
        "CP": 3.104
    },
    "IMPL": {
        "LUT": 922,
        "FF": 608,
        "DSP": 0,
        "BRAM": 0,
        "URAM": 0,
        "SRL": 0,
        "CP": 4.106,
        "PWR": 0.256
    }
}