{
    "LATENCY": {
        "best_latency": 338113,
        "worst_latency": 338113,
        "average_latency": 338113,
        "best_time_latency": "3.381 ms",
        "worst_time_latency": "3.381 ms",
        "average_time_latency": "3.381 ms",
        "min_interval": 338114,
        "max_interval": 338114,
        "Latency": 338113
    },
    "HLS": {
        "LUT": 3565,
        "FF": 927,
        "DSP": 0,
        "BRAM": 0,
        "URAM": 0,
        "CP": 7.266
    },
    "SYN": {
        "LUT": 1122,
        "FF": 801,
        "DSP": 0,
        "BRAM": 0,
        "URAM": 0,
        "SRL": 0,
        "CP": 2.98
    },
    "IMPL": {
        "LUT": 1110,
        "FF": 801,
        "DSP": 0,
        "BRAM": 0,
        "URAM": 0,
        "SRL": 0,
        "CP": 4.163,
        "PWR": 0.258
    }
}