{
    "LATENCY": {
        "best_latency": 221473,
        "worst_latency": 221473,
        "average_latency": 221473,
        "best_time_latency": "2.215 ms",
        "worst_time_latency": "2.215 ms",
        "average_time_latency": "2.215 ms",
        "min_interval": 221474,
        "max_interval": 221474,
        "Latency": 221473
    },
    "HLS": {
        "LUT": 2644,
        "FF": 672,
        "DSP": 0,
        "BRAM": 0,
        "URAM": 0,
        "CP": 6.89
    },
    "SYN": {
        "LUT": 923,
        "FF": 581,
        "DSP": 0,
        "BRAM": 0,
        "URAM": 0,
        "SRL": 0,
        "CP": 2.962
    },
    "IMPL": {
        "LUT": 911,
        "FF": 581,
        "DSP": 0,
        "BRAM": 0,
        "URAM": 0,
        "SRL": 0,
        "CP": 3.88,
        "PWR": 0.251
    }
}