{
    "LATENCY": {
        "best_latency": 237873,
        "worst_latency": 237873,
        "average_latency": 237873,
        "best_time_latency": "2.379 ms",
        "worst_time_latency": "2.379 ms",
        "average_time_latency": "2.379 ms",
        "min_interval": 237874,
        "max_interval": 237874,
        "Latency": 237873
    },
    "HLS": {
        "LUT": 1980,
        "FF": 439,
        "DSP": 0,
        "BRAM": 0,
        "URAM": 0,
        "CP": 6.422
    },
    "SYN": {
        "LUT": 718,
        "FF": 352,
        "DSP": 0,
        "BRAM": 0,
        "URAM": 0,
        "SRL": 0,
        "CP": 2.583
    },
    "IMPL": {
        "LUT": 713,
        "FF": 352,
        "DSP": 0,
        "BRAM": 0,
        "URAM": 0,
        "SRL": 0,
        "CP": 3.379,
        "PWR": 0.248
    }
}