{
    "LATENCY": {
        "best_latency": 268609,
        "worst_latency": 276801,
        "average_latency": 272705,
        "best_time_latency": "2.686 ms",
        "worst_time_latency": "2.768 ms",
        "average_time_latency": "2.727 ms",
        "min_interval": 268610,
        "max_interval": 276802,
        "Latency": 272705
    },
    "HLS": {
        "LUT": 34633,
        "FF": 8434,
        "DSP": 0,
        "BRAM": 0,
        "URAM": 0,
        "CP": 6.886
    },
    "SYN": {
        "LUT": 7992,
        "FF": 7516,
        "DSP": 0,
        "BRAM": 0,
        "URAM": 0,
        "SRL": 0,
        "CP": 3.564
    },
    "IMPL": {
        "LUT": 7941,
        "FF": 7516,
        "DSP": 0,
        "BRAM": 0,
        "URAM": 0,
        "SRL": 0,
        "CP": 6.811,
        "PWR": 0.273
    }
}