{
    "LATENCY": {
        "best_latency": 287041,
        "worst_latency": 287041,
        "average_latency": 287041,
        "best_time_latency": "2.870 ms",
        "worst_time_latency": "2.870 ms",
        "average_time_latency": "2.870 ms",
        "min_interval": 287042,
        "max_interval": 287042,
        "Latency": 287041
    },
    "HLS": {
        "LUT": 3543,
        "FF": 676,
        "DSP": 0,
        "BRAM": 0,
        "URAM": 0,
        "CP": 6.886
    },
    "SYN": {
        "LUT": 988,
        "FF": 533,
        "DSP": 0,
        "BRAM": 0,
        "URAM": 0,
        "SRL": 0,
        "CP": 3.361
    },
    "IMPL": {
        "LUT": 977,
        "FF": 533,
        "DSP": 0,
        "BRAM": 0,
        "URAM": 0,
        "SRL": 0,
        "CP": 3.763,
        "PWR": 0.252
    }
}