{
    "LATENCY": {
        "best_latency": 237841,
        "worst_latency": 237841,
        "average_latency": 237841,
        "best_time_latency": "2.378 ms",
        "worst_time_latency": "2.378 ms",
        "average_time_latency": "2.378 ms",
        "min_interval": 237842,
        "max_interval": 237842,
        "Latency": 237841
    },
    "HLS": {
        "LUT": 1926,
        "FF": 422,
        "DSP": 0,
        "BRAM": 0,
        "URAM": 0,
        "CP": 6.89
    },
    "SYN": {
        "LUT": 718,
        "FF": 339,
        "DSP": 0,
        "BRAM": 0,
        "URAM": 0,
        "SRL": 0,
        "CP": 2.583
    },
    "IMPL": {
        "LUT": 714,
        "FF": 339,
        "DSP": 0,
        "BRAM": 0,
        "URAM": 0,
        "SRL": 0,
        "CP": 3.525,
        "PWR": 0.247
    }
}