{
    "LATENCY": {
        "best_latency": 438625,
        "worst_latency": 438625,
        "average_latency": 438625,
        "best_time_latency": "4.386 ms",
        "worst_time_latency": "4.386 ms",
        "average_time_latency": "4.386 ms",
        "min_interval": 438626,
        "max_interval": 438626,
        "Latency": 438625
    },
    "HLS": {
        "LUT": 12639,
        "FF": 2200,
        "DSP": 0,
        "BRAM": 0,
        "URAM": 0,
        "CP": 7.266
    },
    "SYN": {
        "LUT": 2080,
        "FF": 1817,
        "DSP": 0,
        "BRAM": 0,
        "URAM": 0,
        "SRL": 0,
        "CP": 2.471
    },
    "IMPL": {
        "LUT": 2050,
        "FF": 1817,
        "DSP": 0,
        "BRAM": 0,
        "URAM": 0,
        "SRL": 0,
        "CP": 4.503,
        "PWR": 0.262
    }
}