{
    "LATENCY": {
        "best_latency": 453961,
        "worst_latency": 453961,
        "average_latency": 453961,
        "best_time_latency": "4.540 ms",
        "worst_time_latency": "4.540 ms",
        "average_time_latency": "4.540 ms",
        "min_interval": 453962,
        "max_interval": 453962,
        "Latency": 453961
    },
    "HLS": {
        "LUT": 12578,
        "FF": 1973,
        "DSP": 0,
        "BRAM": 0,
        "URAM": 0,
        "CP": 7.266
    },
    "SYN": {
        "LUT": 2070,
        "FF": 1528,
        "DSP": 0,
        "BRAM": 0,
        "URAM": 0,
        "SRL": 0,
        "CP": 2.918
    },
    "IMPL": {
        "LUT": 2059,
        "FF": 1528,
        "DSP": 0,
        "BRAM": 0,
        "URAM": 0,
        "SRL": 0,
        "CP": 5.776,
        "PWR": 0.264
    }
}