{
    "LATENCY": {
        "best_latency": 361745,
        "worst_latency": 361745,
        "average_latency": 361745,
        "best_time_latency": "3.617 ms",
        "worst_time_latency": "3.617 ms",
        "average_time_latency": "3.617 ms",
        "min_interval": 361746,
        "max_interval": 361746,
        "Latency": 361745
    },
    "HLS": {
        "LUT": 3827,
        "FF": 1171,
        "DSP": 0,
        "BRAM": 0,
        "URAM": 0,
        "CP": 7.266
    },
    "SYN": {
        "LUT": 1118,
        "FF": 979,
        "DSP": 0,
        "BRAM": 0,
        "URAM": 0,
        "SRL": 0,
        "CP": 2.469
    },
    "IMPL": {
        "LUT": 1101,
        "FF": 979,
        "DSP": 0,
        "BRAM": 0,
        "URAM": 0,
        "SRL": 0,
        "CP": 3.165,
        "PWR": 0.26
    }
}