{
    "LATENCY": {
        "best_latency": 346545,
        "worst_latency": 346561,
        "average_latency": 346561,
        "best_time_latency": "3.465 ms",
        "worst_time_latency": "3.466 ms",
        "average_time_latency": "3.466 ms",
        "min_interval": 346546,
        "max_interval": 346562,
        "Latency": 346561
    },
    "HLS": {
        "LUT": 21133,
        "FF": 3318,
        "DSP": 0,
        "BRAM": 0,
        "URAM": 0,
        "CP": 6.886
    },
    "SYN": {
        "LUT": 2615,
        "FF": 2760,
        "DSP": 0,
        "BRAM": 0,
        "URAM": 0,
        "SRL": 0,
        "CP": 2.78
    },
    "IMPL": {
        "LUT": 2558,
        "FF": 2760,
        "DSP": 0,
        "BRAM": 0,
        "URAM": 0,
        "SRL": 0,
        "CP": 4.014,
        "PWR": 0.264
    }
}