{
    "LATENCY": {
        "best_latency": 237905,
        "worst_latency": 237905,
        "average_latency": 237905,
        "best_time_latency": "2.379 ms",
        "worst_time_latency": "2.379 ms",
        "average_time_latency": "2.379 ms",
        "min_interval": 237906,
        "max_interval": 237906,
        "Latency": 237905
    },
    "HLS": {
        "LUT": 2148,
        "FF": 502,
        "DSP": 0,
        "BRAM": 0,
        "URAM": 0,
        "CP": 6.89
    },
    "SYN": {
        "LUT": 797,
        "FF": 408,
        "DSP": 0,
        "BRAM": 0,
        "URAM": 0,
        "SRL": 0,
        "CP": 2.583
    },
    "IMPL": {
        "LUT": 793,
        "FF": 408,
        "DSP": 0,
        "BRAM": 0,
        "URAM": 0,
        "SRL": 0,
        "CP": 4.619,
        "PWR": 0.249
    }
}