{
    "LATENCY": {
        "best_latency": 233729,
        "worst_latency": 233729,
        "average_latency": 233729,
        "best_time_latency": "2.337 ms",
        "worst_time_latency": "2.337 ms",
        "average_time_latency": "2.337 ms",
        "min_interval": 233730,
        "max_interval": 233730,
        "Latency": 233729
    },
    "HLS": {
        "LUT": 3574,
        "FF": 1047,
        "DSP": 0,
        "BRAM": 0,
        "URAM": 0,
        "CP": 7.266
    },
    "SYN": {
        "LUT": 1760,
        "FF": 894,
        "DSP": 0,
        "BRAM": 0,
        "URAM": 0,
        "SRL": 0,
        "CP": 3.556
    },
    "IMPL": {
        "LUT": 1731,
        "FF": 894,
        "DSP": 0,
        "BRAM": 0,
        "URAM": 0,
        "SRL": 0,
        "CP": 4.992,
        "PWR": 0.259
    }
}