{
    "LATENCY": {
        "best_latency": 987,
        "worst_latency": 987,
        "average_latency": 987,
        "best_time_latency": "9.870 us",
        "worst_time_latency": "9.870 us",
        "average_time_latency": "9.870 us",
        "min_interval": 988,
        "max_interval": 988,
        "Latency": 987
    },
    "HLS": {
        "LUT": 9096,
        "FF": 2807,
        "DSP": 0,
        "BRAM": 1,
        "URAM": 0,
        "CP": 5.147
    },
    "IMPL": {
        "LUT": 2074,
        "FF": 2143,
        "DSP": 0,
        "BRAM": 0,
        "CP": 4.581,
        "PWR": 0.254
    }
}