{
    "LATENCY": {
        "best_latency": 974,
        "worst_latency": 974,
        "average_latency": 974,
        "best_time_latency": "9.740 us",
        "worst_time_latency": "9.740 us",
        "average_time_latency": "9.740 us",
        "min_interval": 975,
        "max_interval": 975,
        "Latency": 974
    },
    "HLS": {
        "LUT": 8204,
        "FF": 2474,
        "DSP": 0,
        "BRAM": 1,
        "URAM": 0,
        "CP": 7.293
    },
    "IMPL": {
        "LUT": 1958,
        "FF": 1882,
        "DSP": 0,
        "BRAM": 1,
        "CP": 5.233,
        "PWR": 0.246
    }
}