{
    "LATENCY": {
        "best_latency": 1838,
        "worst_latency": 2436,
        "average_latency": 2137,
        "best_time_latency": "18.380 us",
        "worst_time_latency": "24.360 us",
        "average_time_latency": "21.370 us",
        "min_interval": 1839,
        "max_interval": 2437,
        "Latency": 2137
    },
    "HLS": {
        "LUT": 3698,
        "FF": 852,
        "DSP": 0,
        "BRAM": 1,
        "URAM": 0,
        "CP": 4.364
    },
    "IMPL": {
        "LUT": 1054,
        "FF": 798,
        "DSP": 0,
        "BRAM": 1,
        "CP": 4.494,
        "PWR": 0.251
    }
}