{
    "LATENCY": {
        "best_latency": 915,
        "worst_latency": 915,
        "average_latency": 915,
        "best_time_latency": "9.150 us",
        "worst_time_latency": "9.150 us",
        "average_time_latency": "9.150 us",
        "min_interval": 916,
        "max_interval": 916,
        "Latency": 915
    },
    "HLS": {
        "LUT": 7468,
        "FF": 2280,
        "DSP": 0,
        "BRAM": 1,
        "URAM": 0,
        "CP": 7.293
    },
    "IMPL": {
        "LUT": 2274,
        "FF": 2245,
        "DSP": 0,
        "BRAM": 1,
        "CP": 5.756,
        "PWR": 0.252
    }
}