{
    "LATENCY": {
        "best_latency": 982,
        "worst_latency": 982,
        "average_latency": 982,
        "best_time_latency": "9.820 us",
        "worst_time_latency": "9.820 us",
        "average_time_latency": "9.820 us",
        "min_interval": 983,
        "max_interval": 983,
        "Latency": 982
    },
    "HLS": {
        "LUT": 6842,
        "FF": 1905,
        "DSP": 0,
        "BRAM": 1,
        "URAM": 0,
        "CP": 7.293
    },
    "IMPL": {
        "LUT": 1967,
        "FF": 1848,
        "DSP": 0,
        "BRAM": 1,
        "CP": 5.34,
        "PWR": 0.246
    }
}