{
    "LATENCY": {
        "best_latency": 2025,
        "worst_latency": 2623,
        "average_latency": 2324,
        "best_time_latency": "20.250 us",
        "worst_time_latency": "26.230 us",
        "average_time_latency": "23.240 us",
        "min_interval": 2026,
        "max_interval": 2624,
        "Latency": 2324
    },
    "HLS": {
        "LUT": 4519,
        "FF": 1034,
        "DSP": 0,
        "BRAM": 1,
        "URAM": 0,
        "CP": 7.293
    },
    "IMPL": {
        "LUT": 1130,
        "FF": 957,
        "DSP": 0,
        "BRAM": 1,
        "CP": 4.334,
        "PWR": 0.251
    }
}