{
    "LATENCY": {
        "best_latency": 2130,
        "worst_latency": 2970,
        "average_latency": 2550,
        "best_time_latency": "21.300 us",
        "worst_time_latency": "29.700 us",
        "average_time_latency": "25.500 us",
        "min_interval": 2131,
        "max_interval": 2971,
        "Latency": 2550
    },
    "HLS": {
        "LUT": 3644,
        "FF": 781,
        "DSP": 0,
        "BRAM": 2,
        "URAM": 0,
        "CP": 5.895
    },
    "IMPL": {
        "LUT": 757,
        "FF": 597,
        "DSP": 0,
        "BRAM": 2,
        "CP": 3.214,
        "PWR": 0.257
    }
}