{
    "LATENCY": {
        "best_latency": 1823,
        "worst_latency": 2109,
        "average_latency": 1966,
        "best_time_latency": "18.230 us",
        "worst_time_latency": "21.090 us",
        "average_time_latency": "19.660 us",
        "min_interval": 1824,
        "max_interval": 2110,
        "Latency": 1966
    },
    "HLS": {
        "LUT": 620443,
        "FF": 108278,
        "DSP": 0,
        "BRAM": 7,
        "URAM": 0,
        "CP": 7.268
    },
    "IMPL": {
        "LUT": 7746,
        "FF": 8773,
        "DSP": 0,
        "BRAM": 4,
        "CP": 7.406,
        "PWR": 0.325
    }
}