{
    "LATENCY": {
        "best_latency": 942,
        "worst_latency": 942,
        "average_latency": 942,
        "best_time_latency": "9.420 us",
        "worst_time_latency": "9.420 us",
        "average_time_latency": "9.420 us",
        "min_interval": 943,
        "max_interval": 943,
        "Latency": 942
    },
    "HLS": {
        "LUT": 8210,
        "FF": 2428,
        "DSP": 0,
        "BRAM": 1,
        "URAM": 0,
        "CP": 7.293
    },
    "IMPL": {
        "LUT": 1954,
        "FF": 1918,
        "DSP": 0,
        "BRAM": 1,
        "CP": 5.086,
        "PWR": 0.246
    }
}