{
    "LATENCY": {
        "best_latency": 1872,
        "worst_latency": 2537,
        "average_latency": 2208,
        "best_time_latency": "18.720 us",
        "worst_time_latency": "25.370 us",
        "average_time_latency": "22.080 us",
        "min_interval": 1873,
        "max_interval": 2538,
        "Latency": 2208
    },
    "HLS": {
        "LUT": 5662,
        "FF": 1159,
        "DSP": 0,
        "BRAM": 1,
        "URAM": 0,
        "CP": 7.293
    },
    "IMPL": {
        "LUT": 1364,
        "FF": 1046,
        "DSP": 0,
        "BRAM": 1,
        "CP": 4.26,
        "PWR": 0.252
    }
}