{
    "LATENCY": {
        "best_latency": 1027,
        "worst_latency": 1027,
        "average_latency": 1027,
        "best_time_latency": "10.270 us",
        "worst_time_latency": "10.270 us",
        "average_time_latency": "10.270 us",
        "min_interval": 1028,
        "max_interval": 1028,
        "Latency": 1027
    },
    "HLS": {
        "LUT": 9872,
        "FF": 3151,
        "DSP": 0,
        "BRAM": 1,
        "URAM": 0,
        "CP": 7.293
    },
    "IMPL": {
        "LUT": 2312,
        "FF": 2319,
        "DSP": 0,
        "BRAM": 0,
        "CP": 5.205,
        "PWR": 0.251
    }
}