{
    "LATENCY": {
        "best_latency": 1217,
        "worst_latency": 1217,
        "average_latency": 1217,
        "best_time_latency": "12.170 us",
        "worst_time_latency": "12.170 us",
        "average_time_latency": "12.170 us",
        "min_interval": 1218,
        "max_interval": 1218,
        "Latency": 1217
    },
    "HLS": {
        "LUT": 6539,
        "FF": 1892,
        "DSP": 0,
        "BRAM": 1,
        "URAM": 0,
        "CP": 4.448
    },
    "IMPL": {
        "LUT": 1901,
        "FF": 1878,
        "DSP": 0,
        "BRAM": 1,
        "CP": 5.431,
        "PWR": 0.246
    }
}