{
    "LATENCY": {
        "best_latency": 1260,
        "worst_latency": 1260,
        "average_latency": 1260,
        "best_time_latency": "12.600 us",
        "worst_time_latency": "12.600 us",
        "average_time_latency": "12.600 us",
        "min_interval": 1261,
        "max_interval": 1261,
        "Latency": 1260
    },
    "HLS": {
        "LUT": 9428,
        "FF": 3114,
        "DSP": 0,
        "BRAM": 5,
        "URAM": 0,
        "CP": 4.334
    },
    "IMPL": {
        "LUT": 2239,
        "FF": 2353,
        "DSP": 0,
        "BRAM": 4,
        "CP": 4.151,
        "PWR": 0.25
    }
}