{
    "LATENCY": {
        "best_latency": 714,
        "worst_latency": 740,
        "average_latency": 728,
        "best_time_latency": "7.872 us",
        "worst_time_latency": "8.159 us",
        "average_time_latency": "8.026 us",
        "min_interval": 715,
        "max_interval": 741,
        "Latency": 728
    },
    "HLS": {
        "LUT": 395306,
        "FF": 62860,
        "DSP": 0,
        "BRAM": 9,
        "URAM": 0,
        "CP": 11.025
    },
    "IMPL": {
        "LUT": 7740,
        "FF": 10095,
        "DSP": 0,
        "BRAM": 7,
        "CP": 7.884,
        "PWR": 0.314
    }
}