{
    "LATENCY": {
        "best_latency": 929,
        "worst_latency": 929,
        "average_latency": 929,
        "best_time_latency": "9.290 us",
        "worst_time_latency": "9.290 us",
        "average_time_latency": "9.290 us",
        "min_interval": 930,
        "max_interval": 930,
        "Latency": 929
    },
    "HLS": {
        "LUT": 6756,
        "FF": 1941,
        "DSP": 0,
        "BRAM": 1,
        "URAM": 0,
        "CP": 7.293
    },
    "IMPL": {
        "LUT": 1954,
        "FF": 1926,
        "DSP": 0,
        "BRAM": 1,
        "CP": 4.609,
        "PWR": 0.248
    }
}