{
    "LATENCY": {
        "best_latency": 951,
        "worst_latency": 951,
        "average_latency": 951,
        "best_time_latency": "9.510 us",
        "worst_time_latency": "9.510 us",
        "average_time_latency": "9.510 us",
        "min_interval": 952,
        "max_interval": 952,
        "Latency": 951
    },
    "HLS": {
        "LUT": 327547,
        "FF": 58626,
        "DSP": 0,
        "BRAM": 9,
        "URAM": 0,
        "CP": 7.268
    },
    "IMPL": {
        "LUT": 8270,
        "FF": 9896,
        "DSP": 0,
        "BRAM": 6,
        "CP": 7.955,
        "PWR": 0.346
    }
}