{
    "LATENCY": {
        "best_latency": 1816,
        "worst_latency": 2206,
        "average_latency": 2011,
        "best_time_latency": "18.160 us",
        "worst_time_latency": "22.060 us",
        "average_time_latency": "20.110 us",
        "min_interval": 1817,
        "max_interval": 2207,
        "Latency": 2011
    },
    "HLS": {
        "LUT": 4902,
        "FF": 1628,
        "DSP": 0,
        "BRAM": 1,
        "URAM": 0,
        "CP": 4.364
    },
    "IMPL": {
        "LUT": 1202,
        "FF": 1149,
        "DSP": 0,
        "BRAM": 1,
        "CP": 4.177,
        "PWR": 0.246
    }
}