{
    "LATENCY": {
        "best_latency": 1916,
        "worst_latency": 2336,
        "average_latency": 2126,
        "best_time_latency": "19.160 us",
        "worst_time_latency": "23.360 us",
        "average_time_latency": "21.260 us",
        "min_interval": 1917,
        "max_interval": 2337,
        "Latency": 2126
    },
    "HLS": {
        "LUT": 6553,
        "FF": 1878,
        "DSP": 0,
        "BRAM": 1,
        "URAM": 0,
        "CP": 7.293
    },
    "IMPL": {
        "LUT": 1371,
        "FF": 1354,
        "DSP": 0,
        "BRAM": 1,
        "CP": 4.786,
        "PWR": 0.253
    }
}