{
    "LATENCY": {
        "best_latency": 1963,
        "worst_latency": 2614,
        "average_latency": 2292,
        "best_time_latency": "19.630 us",
        "worst_time_latency": "26.140 us",
        "average_time_latency": "22.920 us",
        "min_interval": 1964,
        "max_interval": 2615,
        "Latency": 2292
    },
    "HLS": {
        "LUT": 4428,
        "FF": 1016,
        "DSP": 0,
        "BRAM": 1,
        "URAM": 0,
        "CP": 4.364
    },
    "IMPL": {
        "LUT": 1332,
        "FF": 916,
        "DSP": 0,
        "BRAM": 1,
        "CP": 3.988,
        "PWR": 0.256
    }
}