{
    "LATENCY": {
        "best_latency": 1029,
        "worst_latency": 1029,
        "average_latency": 1029,
        "best_time_latency": "10.290 us",
        "worst_time_latency": "10.290 us",
        "average_time_latency": "10.290 us",
        "min_interval": 1030,
        "max_interval": 1030,
        "Latency": 1029
    },
    "HLS": {
        "LUT": 9696,
        "FF": 2926,
        "DSP": 0,
        "BRAM": 1,
        "URAM": 0,
        "CP": 4.334
    },
    "IMPL": {
        "LUT": 2188,
        "FF": 2147,
        "DSP": 0,
        "BRAM": 0,
        "CP": 4.692,
        "PWR": 0.25
    }
}