{
    "LATENCY": {
        "best_latency": 1839,
        "worst_latency": 2099,
        "average_latency": 1969,
        "best_time_latency": "18.390 us",
        "worst_time_latency": "20.990 us",
        "average_time_latency": "19.690 us",
        "min_interval": 1840,
        "max_interval": 2100,
        "Latency": 1969
    },
    "HLS": {
        "LUT": 231466,
        "FF": 25005,
        "DSP": 0,
        "BRAM": 3,
        "URAM": 0,
        "CP": 7.189
    },
    "IMPL": {
        "LUT": 11282,
        "FF": 21035,
        "DSP": 0,
        "BRAM": 2,
        "CP": 7.844,
        "PWR": 0.447
    }
}