{
    "LATENCY": {
        "best_latency": 682,
        "worst_latency": 687,
        "average_latency": 685,
        "best_time_latency": "6.820 us",
        "worst_time_latency": "6.870 us",
        "average_time_latency": "6.850 us",
        "min_interval": 683,
        "max_interval": 688,
        "Latency": 685
    },
    "HLS": {
        "LUT": 292493,
        "FF": 28212,
        "DSP": 0,
        "BRAM": 3,
        "URAM": 0,
        "CP": 7.293
    },
    "IMPL": {
        "LUT": 13925,
        "FF": 25556,
        "DSP": 0,
        "BRAM": 3,
        "CP": 9.157,
        "PWR": 0.457
    }
}