{
    "LATENCY": {
        "best_latency": 1940,
        "worst_latency": 2330,
        "average_latency": 2135,
        "best_time_latency": "19.400 us",
        "worst_time_latency": "23.300 us",
        "average_time_latency": "21.350 us",
        "min_interval": 1941,
        "max_interval": 2331,
        "Latency": 2135
    },
    "HLS": {
        "LUT": 4817,
        "FF": 1691,
        "DSP": 0,
        "BRAM": 1,
        "URAM": 0,
        "CP": 4.334
    },
    "IMPL": {
        "LUT": 1228,
        "FF": 1221,
        "DSP": 0,
        "BRAM": 1,
        "CP": 4.456,
        "PWR": 0.254
    }
}