{
    "LATENCY": {
        "best_latency": 1845,
        "worst_latency": 2261,
        "average_latency": 2053,
        "best_time_latency": "18.450 us",
        "worst_time_latency": "22.610 us",
        "average_time_latency": "20.530 us",
        "min_interval": 1846,
        "max_interval": 2262,
        "Latency": 2053
    },
    "HLS": {
        "LUT": 5607,
        "FF": 1945,
        "DSP": 0,
        "BRAM": 1,
        "URAM": 0,
        "CP": 5.895
    },
    "IMPL": {
        "LUT": 1316,
        "FF": 1371,
        "DSP": 0,
        "BRAM": 1,
        "CP": 4.323,
        "PWR": 0.247
    }
}