{
    "LATENCY": {
        "best_latency": 1834,
        "worst_latency": 2250,
        "average_latency": 2042,
        "best_time_latency": "18.340 us",
        "worst_time_latency": "22.500 us",
        "average_time_latency": "20.420 us",
        "min_interval": 1835,
        "max_interval": 2251,
        "Latency": 2042
    },
    "HLS": {
        "LUT": 4921,
        "FF": 1632,
        "DSP": 0,
        "BRAM": 3,
        "URAM": 0,
        "CP": 4.364
    },
    "IMPL": {
        "LUT": 1168,
        "FF": 1166,
        "DSP": 0,
        "BRAM": 2,
        "CP": 3.999,
        "PWR": 0.253
    }
}