{
    "LATENCY": {
        "best_latency": 1869,
        "worst_latency": 2467,
        "average_latency": 2168,
        "best_time_latency": "18.690 us",
        "worst_time_latency": "24.670 us",
        "average_time_latency": "21.680 us",
        "min_interval": 1870,
        "max_interval": 2468,
        "Latency": 2168
    },
    "HLS": {
        "LUT": 3757,
        "FF": 856,
        "DSP": 0,
        "BRAM": 1,
        "URAM": 0,
        "CP": 4.364
    },
    "IMPL": {
        "LUT": 1012,
        "FF": 771,
        "DSP": 0,
        "BRAM": 1,
        "CP": 3.957,
        "PWR": 0.252
    }
}