{
    "LATENCY": {
        "best_latency": 2162,
        "worst_latency": 2760,
        "average_latency": 2461,
        "best_time_latency": "21.620 us",
        "worst_time_latency": "27.600 us",
        "average_time_latency": "24.610 us",
        "min_interval": 2163,
        "max_interval": 2761,
        "Latency": 2461
    },
    "HLS": {
        "LUT": 3272,
        "FF": 651,
        "DSP": 0,
        "BRAM": 1,
        "URAM": 0,
        "CP": 5.147
    },
    "IMPL": {
        "LUT": 769,
        "FF": 705,
        "DSP": 0,
        "BRAM": 1,
        "CP": 3.727,
        "PWR": 0.259
    }
}