{
    "LATENCY": {
        "best_latency": 1294,
        "worst_latency": 1294,
        "average_latency": 1294,
        "best_time_latency": "12.940 us",
        "worst_time_latency": "12.940 us",
        "average_time_latency": "12.940 us",
        "min_interval": 1295,
        "max_interval": 1295,
        "Latency": 1294
    },
    "HLS": {
        "LUT": 6813,
        "FF": 1648,
        "DSP": 0,
        "BRAM": 1,
        "URAM": 0,
        "CP": 5.147
    },
    "IMPL": {
        "LUT": 1995,
        "FF": 1564,
        "DSP": 0,
        "BRAM": 1,
        "CP": 6.164,
        "PWR": 0.251
    }
}