{
    "LATENCY": {
        "best_latency": 587,
        "worst_latency": 592,
        "average_latency": 590,
        "best_time_latency": "5.870 us",
        "worst_time_latency": "5.920 us",
        "average_time_latency": "5.900 us",
        "min_interval": 588,
        "max_interval": 593,
        "Latency": 590
    },
    "HLS": {
        "LUT": 336102,
        "FF": 28812,
        "DSP": 0,
        "BRAM": 3,
        "URAM": 0,
        "CP": 7.293
    },
    "IMPL": {
        "LUT": 14233,
        "FF": 24313,
        "DSP": 0,
        "BRAM": 2,
        "CP": 7.304,
        "PWR": 0.471
    }
}