{
    "LATENCY": {
        "best_latency": 2055,
        "worst_latency": 2398,
        "average_latency": 2230,
        "best_time_latency": "20.550 us",
        "worst_time_latency": "23.980 us",
        "average_time_latency": "22.300 us",
        "min_interval": 2056,
        "max_interval": 2399,
        "Latency": 2230
    },
    "HLS": {
        "LUT": 333538,
        "FF": 60649,
        "DSP": 0,
        "BRAM": 8,
        "URAM": 0,
        "CP": 7.268
    },
    "IMPL": {
        "LUT": 7257,
        "FF": 8518,
        "DSP": 0,
        "BRAM": 5,
        "CP": 7.667,
        "PWR": 0.315
    }
}