{
    "LATENCY": {
        "best_latency": 1043,
        "worst_latency": 1043,
        "average_latency": 1043,
        "best_time_latency": "10.430 us",
        "worst_time_latency": "10.430 us",
        "average_time_latency": "10.430 us",
        "min_interval": 1044,
        "max_interval": 1044,
        "Latency": 1043
    },
    "HLS": {
        "LUT": 9250,
        "FF": 3078,
        "DSP": 0,
        "BRAM": 1,
        "URAM": 0,
        "CP": 7.293
    },
    "IMPL": {
        "LUT": 2181,
        "FF": 2361,
        "DSP": 0,
        "BRAM": 1,
        "CP": 5.295,
        "PWR": 0.256
    }
}