{
    "LATENCY": {
        "best_latency": 1914,
        "worst_latency": 2304,
        "average_latency": 2109,
        "best_time_latency": "19.140 us",
        "worst_time_latency": "23.040 us",
        "average_time_latency": "21.090 us",
        "min_interval": 1915,
        "max_interval": 2305,
        "Latency": 2109
    },
    "HLS": {
        "LUT": 5851,
        "FF": 1816,
        "DSP": 0,
        "BRAM": 1,
        "URAM": 0,
        "CP": 6.978
    },
    "IMPL": {
        "LUT": 1270,
        "FF": 1316,
        "DSP": 0,
        "BRAM": 1,
        "CP": 4.637,
        "PWR": 0.252
    }
}