{
    "LATENCY": {
        "best_latency": 1228,
        "worst_latency": 1228,
        "average_latency": 1228,
        "best_time_latency": "12.280 us",
        "worst_time_latency": "12.280 us",
        "average_time_latency": "12.280 us",
        "min_interval": 1229,
        "max_interval": 1229,
        "Latency": 1228
    },
    "HLS": {
        "LUT": 7406,
        "FF": 2019,
        "DSP": 0,
        "BRAM": 1,
        "URAM": 0,
        "CP": 4.334
    },
    "IMPL": {
        "LUT": 2063,
        "FF": 1949,
        "DSP": 0,
        "BRAM": 1,
        "CP": 5.111,
        "PWR": 0.249
    }
}