{
    "LATENCY": {
        "best_latency": 1080,
        "worst_latency": 1080,
        "average_latency": 1080,
        "best_time_latency": "10.800 us",
        "worst_time_latency": "10.800 us",
        "average_time_latency": "10.800 us",
        "min_interval": 1081,
        "max_interval": 1081,
        "Latency": 1080
    },
    "HLS": {
        "LUT": 8147,
        "FF": 2603,
        "DSP": 0,
        "BRAM": 1,
        "URAM": 0,
        "CP": 7.293
    },
    "IMPL": {
        "LUT": 2560,
        "FF": 2522,
        "DSP": 0,
        "BRAM": 1,
        "CP": 6.318,
        "PWR": 0.254
    }
}