{
    "LATENCY": {
        "best_latency": 954,
        "worst_latency": 954,
        "average_latency": 954,
        "best_time_latency": "9.540 us",
        "worst_time_latency": "9.540 us",
        "average_time_latency": "9.540 us",
        "min_interval": 955,
        "max_interval": 955,
        "Latency": 954
    },
    "HLS": {
        "LUT": 8915,
        "FF": 3037,
        "DSP": 0,
        "BRAM": 5,
        "URAM": 0,
        "CP": 7.293
    },
    "IMPL": {
        "LUT": 2162,
        "FF": 2262,
        "DSP": 0,
        "BRAM": 4,
        "CP": 4.305,
        "PWR": 0.252
    }
}