{
    "LATENCY": {
        "best_latency": 995,
        "worst_latency": 995,
        "average_latency": 995,
        "best_time_latency": "9.950 us",
        "worst_time_latency": "9.950 us",
        "average_time_latency": "9.950 us",
        "min_interval": 996,
        "max_interval": 996,
        "Latency": 995
    },
    "HLS": {
        "LUT": 7002,
        "FF": 1841,
        "DSP": 0,
        "BRAM": 1,
        "URAM": 0,
        "CP": 4.448
    },
    "IMPL": {
        "LUT": 2047,
        "FF": 1767,
        "DSP": 0,
        "BRAM": 1,
        "CP": 5.509,
        "PWR": 0.249
    }
}