{
    "LATENCY": {
        "best_latency": 1094,
        "worst_latency": 1094,
        "average_latency": 1094,
        "best_time_latency": "10.940 us",
        "worst_time_latency": "10.940 us",
        "average_time_latency": "10.940 us",
        "min_interval": 1095,
        "max_interval": 1095,
        "Latency": 1094
    },
    "HLS": {
        "LUT": 7852,
        "FF": 2205,
        "DSP": 0,
        "BRAM": 1,
        "URAM": 0,
        "CP": 7.293
    },
    "IMPL": {
        "LUT": 2571,
        "FF": 2194,
        "DSP": 0,
        "BRAM": 1,
        "CP": 5.629,
        "PWR": 0.256
    }
}