{
    "LATENCY": {
        "best_latency": 1910,
        "worst_latency": 2508,
        "average_latency": 2209,
        "best_time_latency": "19.100 us",
        "worst_time_latency": "25.080 us",
        "average_time_latency": "22.090 us",
        "min_interval": 1911,
        "max_interval": 2509,
        "Latency": 2209
    },
    "HLS": {
        "LUT": 5696,
        "FF": 1094,
        "DSP": 0,
        "BRAM": 1,
        "URAM": 0,
        "CP": 7.293
    },
    "IMPL": {
        "LUT": 1210,
        "FF": 987,
        "DSP": 0,
        "BRAM": 1,
        "CP": 4.061,
        "PWR": 0.252
    }
}