{
    "LATENCY": {
        "best_latency": 1961,
        "worst_latency": 2381,
        "average_latency": 2171,
        "best_time_latency": "19.610 us",
        "worst_time_latency": "23.810 us",
        "average_time_latency": "21.710 us",
        "min_interval": 1962,
        "max_interval": 2382,
        "Latency": 2171
    },
    "HLS": {
        "LUT": 5467,
        "FF": 1748,
        "DSP": 0,
        "BRAM": 1,
        "URAM": 0,
        "CP": 4.364
    },
    "IMPL": {
        "LUT": 1246,
        "FF": 1267,
        "DSP": 0,
        "BRAM": 1,
        "CP": 4.315,
        "PWR": 0.263
    }
}