{
    "LATENCY": {
        "best_latency": 1962,
        "worst_latency": 2560,
        "average_latency": 2261,
        "best_time_latency": "19.620 us",
        "worst_time_latency": "25.600 us",
        "average_time_latency": "22.610 us",
        "min_interval": 1963,
        "max_interval": 2561,
        "Latency": 2261
    },
    "HLS": {
        "LUT": 3536,
        "FF": 895,
        "DSP": 0,
        "BRAM": 1,
        "URAM": 0,
        "CP": 5.147
    },
    "IMPL": {
        "LUT": 1055,
        "FF": 770,
        "DSP": 0,
        "BRAM": 1,
        "CP": 4.517,
        "PWR": 0.249
    }
}