{
    "LATENCY": {
        "best_latency": 403825,
        "worst_latency": 403825,
        "average_latency": 403825,
        "best_time_latency": "4.038 ms",
        "worst_time_latency": "4.038 ms",
        "average_time_latency": "4.038 ms",
        "min_interval": 403826,
        "max_interval": 403826,
        "Latency": 403825
    },
    "HLS": {
        "LUT": 28359,
        "FF": 3900,
        "DSP": 0,
        "BRAM": 0,
        "URAM": 0,
        "CP": 7.266
    },
    "IMPL": {
        "LUT": 3373,
        "FF": 3294,
        "DSP": 0,
        "BRAM": 0,
        "CP": 5.48,
        "PWR": 0.266
    }
}