{
    "LATENCY": {
        "best_latency": 403809,
        "worst_latency": 403809,
        "average_latency": 403809,
        "best_time_latency": "4.038 ms",
        "worst_time_latency": "4.038 ms",
        "average_time_latency": "4.038 ms",
        "min_interval": 403810,
        "max_interval": 403810,
        "Latency": 403809
    },
    "HLS": {
        "LUT": 23370,
        "FF": 4421,
        "DSP": 0,
        "BRAM": 0,
        "URAM": 0,
        "CP": 6.978
    },
    "IMPL": {
        "LUT": 4117,
        "FF": 3810,
        "DSP": 0,
        "BRAM": 0,
        "CP": 6.244,
        "PWR": 0.266
    }
}