{
    "LATENCY": {
        "best_latency": 389329,
        "worst_latency": 389329,
        "average_latency": 389329,
        "best_time_latency": "3.893 ms",
        "worst_time_latency": "3.893 ms",
        "average_time_latency": "3.893 ms",
        "min_interval": 389330,
        "max_interval": 389330,
        "Latency": 389329
    },
    "HLS": {
        "LUT": 12015,
        "FF": 2418,
        "DSP": 0,
        "BRAM": 0,
        "URAM": 0,
        "CP": 7.266
    },
    "IMPL": {
        "LUT": 2103,
        "FF": 1941,
        "DSP": 0,
        "BRAM": 0,
        "CP": 5.573,
        "PWR": 0.264
    }
}