{
    "LATENCY": {
        "best_latency": 429305,
        "worst_latency": 429305,
        "average_latency": 429305,
        "best_time_latency": "4.293 ms",
        "worst_time_latency": "4.293 ms",
        "average_time_latency": "4.293 ms",
        "min_interval": 429306,
        "max_interval": 429306,
        "Latency": 429305
    },
    "HLS": {
        "LUT": 47122,
        "FF": 5603,
        "DSP": 0,
        "BRAM": 0,
        "URAM": 0,
        "CP": 7.266
    },
    "IMPL": {
        "LUT": 6082,
        "FF": 4297,
        "DSP": 0,
        "BRAM": 0,
        "CP": 5.938,
        "PWR": 0.282
    }
}