{
    "LATENCY": {
        "best_latency": 334401,
        "worst_latency": 334401,
        "average_latency": 334401,
        "best_time_latency": "3.344 ms",
        "worst_time_latency": "3.344 ms",
        "average_time_latency": "3.344 ms",
        "min_interval": 334402,
        "max_interval": 334402,
        "Latency": 334401
    },
    "HLS": {
        "LUT": 16123,
        "FF": 5273,
        "DSP": 0,
        "BRAM": 0,
        "URAM": 0,
        "CP": 7.266
    },
    "IMPL": {
        "LUT": 5925,
        "FF": 3980,
        "DSP": 0,
        "BRAM": 0,
        "CP": 5.426,
        "PWR": 0.278
    }
}