{
    "LATENCY": {
        "best_latency": 354513,
        "worst_latency": 354513,
        "average_latency": 354513,
        "best_time_latency": "3.545 ms",
        "worst_time_latency": "3.545 ms",
        "average_time_latency": "3.545 ms",
        "min_interval": 354514,
        "max_interval": 354514,
        "Latency": 354513
    },
    "HLS": {
        "LUT": 22187,
        "FF": 2762,
        "DSP": 0,
        "BRAM": 0,
        "URAM": 0,
        "CP": 7.266
    },
    "IMPL": {
        "LUT": 2867,
        "FF": 2330,
        "DSP": 0,
        "BRAM": 0,
        "CP": 4.311,
        "PWR": 0.261
    }
}