{
    "LATENCY": {
        "best_latency": 340289,
        "worst_latency": 348481,
        "average_latency": 344385,
        "best_time_latency": "3.403 ms",
        "worst_time_latency": "3.485 ms",
        "average_time_latency": "3.444 ms",
        "min_interval": 340290,
        "max_interval": 348482,
        "Latency": 344385
    },
    "HLS": {
        "LUT": 26771,
        "FF": 5325,
        "DSP": 0,
        "BRAM": 0,
        "URAM": 0,
        "CP": 6.978
    },
    "IMPL": {
        "LUT": 4860,
        "FF": 4552,
        "DSP": 0,
        "BRAM": 0,
        "CP": 5.825,
        "PWR": 0.271
    }
}