{
    "LATENCY": {
        "best_latency": 230737,
        "worst_latency": 230737,
        "average_latency": 230737,
        "best_time_latency": "2.307 ms",
        "worst_time_latency": "2.307 ms",
        "average_time_latency": "2.307 ms",
        "min_interval": 230738,
        "max_interval": 230738,
        "Latency": 230737
    },
    "HLS": {
        "LUT": 9091,
        "FF": 3764,
        "DSP": 0,
        "BRAM": 0,
        "URAM": 0,
        "CP": 7.266
    },
    "IMPL": {
        "LUT": 3173,
        "FF": 3262,
        "DSP": 0,
        "BRAM": 0,
        "CP": 3.99,
        "PWR": 0.267
    }
}