{
    "LATENCY": {
        "best_latency": 450769,
        "worst_latency": 450769,
        "average_latency": 450769,
        "best_time_latency": "4.508 ms",
        "worst_time_latency": "4.508 ms",
        "average_time_latency": "4.508 ms",
        "min_interval": 450770,
        "max_interval": 450770,
        "Latency": 450769
    },
    "HLS": {
        "LUT": 12728,
        "FF": 1846,
        "DSP": 0,
        "BRAM": 0,
        "URAM": 0,
        "CP": 7.266
    },
    "IMPL": {
        "LUT": 2246,
        "FF": 1409,
        "DSP": 0,
        "BRAM": 0,
        "CP": 4.949,
        "PWR": 0.265
    }
}