{
    "LATENCY": {
        "best_latency": 472289,
        "worst_latency": 472289,
        "average_latency": 472289,
        "best_time_latency": "4.723 ms",
        "worst_time_latency": "4.723 ms",
        "average_time_latency": "4.723 ms",
        "min_interval": 472290,
        "max_interval": 472290,
        "Latency": 472289
    },
    "HLS": {
        "LUT": 17025,
        "FF": 1900,
        "DSP": 0,
        "BRAM": 0,
        "URAM": 0,
        "CP": 7.266
    },
    "IMPL": {
        "LUT": 2164,
        "FF": 1640,
        "DSP": 0,
        "BRAM": 0,
        "CP": 4.995,
        "PWR": 0.263
    }
}