{
    "LATENCY": {
        "best_latency": 508065,
        "worst_latency": 508065,
        "average_latency": 508065,
        "best_time_latency": "5.081 ms",
        "worst_time_latency": "5.081 ms",
        "average_time_latency": "5.081 ms",
        "min_interval": 508066,
        "max_interval": 508066,
        "Latency": 508065
    },
    "HLS": {
        "LUT": 14146,
        "FF": 2173,
        "DSP": 0,
        "BRAM": 0,
        "URAM": 0,
        "CP": 6.978
    },
    "IMPL": {
        "LUT": 2347,
        "FF": 1701,
        "DSP": 0,
        "BRAM": 0,
        "CP": 4.435,
        "PWR": 0.266
    }
}