{
    "LATENCY": {
        "best_latency": 255273,
        "worst_latency": 255273,
        "average_latency": 255273,
        "best_time_latency": "2.553 ms",
        "worst_time_latency": "2.553 ms",
        "average_time_latency": "2.553 ms",
        "min_interval": 255274,
        "max_interval": 255274,
        "Latency": 255273
    },
    "HLS": {
        "LUT": 8501,
        "FF": 2790,
        "DSP": 0,
        "BRAM": 0,
        "URAM": 0,
        "CP": 7.266
    },
    "IMPL": {
        "LUT": 2815,
        "FF": 2317,
        "DSP": 0,
        "BRAM": 0,
        "CP": 4.479,
        "PWR": 0.262
    }
}