{
    "LATENCY": {
        "best_latency": 288001,
        "worst_latency": 288001,
        "average_latency": 288001,
        "best_time_latency": "2.880 ms",
        "worst_time_latency": "2.880 ms",
        "average_time_latency": "2.880 ms",
        "min_interval": 288002,
        "max_interval": 288002,
        "Latency": 288001
    },
    "HLS": {
        "LUT": 5976,
        "FF": 2080,
        "DSP": 0,
        "BRAM": 0,
        "URAM": 0,
        "CP": 7.266
    },
    "IMPL": {
        "LUT": 2150,
        "FF": 1615,
        "DSP": 0,
        "BRAM": 0,
        "CP": 3.686,
        "PWR": 0.257
    }
}