{
    "LATENCY": {
        "best_latency": 354577,
        "worst_latency": 354577,
        "average_latency": 354577,
        "best_time_latency": "3.546 ms",
        "worst_time_latency": "3.546 ms",
        "average_time_latency": "3.546 ms",
        "min_interval": 354578,
        "max_interval": 354578,
        "Latency": 354577
    },
    "HLS": {
        "LUT": 32382,
        "FF": 6427,
        "DSP": 0,
        "BRAM": 0,
        "URAM": 0,
        "CP": 6.978
    },
    "IMPL": {
        "LUT": 6269,
        "FF": 4996,
        "DSP": 0,
        "BRAM": 0,
        "CP": 5.899,
        "PWR": 0.297
    }
}