{
    "LATENCY": {
        "best_latency": 411889,
        "worst_latency": 411889,
        "average_latency": 411889,
        "best_time_latency": "4.119 ms",
        "worst_time_latency": "4.119 ms",
        "average_time_latency": "4.119 ms",
        "min_interval": 411890,
        "max_interval": 411890,
        "Latency": 411889
    },
    "HLS": {
        "LUT": 39051,
        "FF": 5030,
        "DSP": 0,
        "BRAM": 0,
        "URAM": 0,
        "CP": 7.266
    },
    "IMPL": {
        "LUT": 4761,
        "FF": 3892,
        "DSP": 0,
        "BRAM": 0,
        "CP": 5.327,
        "PWR": 0.279
    }
}