{
    "LATENCY": {
        "best_latency": 375041,
        "worst_latency": 416001,
        "average_latency": 395521,
        "best_time_latency": "3.750 ms",
        "worst_time_latency": "4.160 ms",
        "average_time_latency": "3.955 ms",
        "min_interval": 375042,
        "max_interval": 416002,
        "Latency": 395521
    },
    "HLS": {
        "LUT": 15236,
        "FF": 3409,
        "DSP": 0,
        "BRAM": 0,
        "URAM": 0,
        "CP": 6.978
    },
    "IMPL": {
        "LUT": 3233,
        "FF": 2761,
        "DSP": 0,
        "BRAM": 0,
        "CP": 5.313,
        "PWR": 0.272
    }
}