{
    "LATENCY": {
        "best_latency": 453089,
        "worst_latency": 453089,
        "average_latency": 453089,
        "best_time_latency": "4.531 ms",
        "worst_time_latency": "4.531 ms",
        "average_time_latency": "4.531 ms",
        "min_interval": 453090,
        "max_interval": 453090,
        "Latency": 453089
    },
    "HLS": {
        "LUT": 13068,
        "FF": 2896,
        "DSP": 0,
        "BRAM": 0,
        "URAM": 0,
        "CP": 6.978
    },
    "IMPL": {
        "LUT": 4007,
        "FF": 2110,
        "DSP": 0,
        "BRAM": 0,
        "CP": 5.027,
        "PWR": 0.271
    }
}