{
    "LATENCY": {
        "best_latency": 286985,
        "worst_latency": 286985,
        "average_latency": 286985,
        "best_time_latency": "2.870 ms",
        "worst_time_latency": "2.870 ms",
        "average_time_latency": "2.870 ms",
        "min_interval": 286986,
        "max_interval": 286986,
        "Latency": 286985
    },
    "HLS": {
        "LUT": 6191,
        "FF": 1966,
        "DSP": 0,
        "BRAM": 0,
        "URAM": 0,
        "CP": 7.266
    },
    "IMPL": {
        "LUT": 2173,
        "FF": 1506,
        "DSP": 0,
        "BRAM": 0,
        "CP": 4.049,
        "PWR": 0.262
    }
}