{
    "LATENCY": {
        "best_latency": 389473,
        "worst_latency": 389473,
        "average_latency": 389473,
        "best_time_latency": "3.895 ms",
        "worst_time_latency": "3.895 ms",
        "average_time_latency": "3.895 ms",
        "min_interval": 389474,
        "max_interval": 389474,
        "Latency": 389473
    },
    "HLS": {
        "LUT": 37586,
        "FF": 5501,
        "DSP": 0,
        "BRAM": 0,
        "URAM": 0,
        "CP": 6.978
    },
    "IMPL": {
        "LUT": 6849,
        "FF": 3955,
        "DSP": 0,
        "BRAM": 0,
        "CP": 4.732,
        "PWR": 0.286
    }
}