{
    "LATENCY": {
        "best_latency": 264481,
        "worst_latency": 264481,
        "average_latency": 264481,
        "best_time_latency": "2.645 ms",
        "worst_time_latency": "2.645 ms",
        "average_time_latency": "2.645 ms",
        "min_interval": 264482,
        "max_interval": 264482,
        "Latency": 264481
    },
    "HLS": {
        "LUT": 18083,
        "FF": 5396,
        "DSP": 0,
        "BRAM": 0,
        "URAM": 0,
        "CP": 6.808
    },
    "IMPL": {
        "LUT": 5334,
        "FF": 4695,
        "DSP": 0,
        "BRAM": 0,
        "CP": 5.381,
        "PWR": 0.28
    }
}