{
    "LATENCY": {
        "best_latency": 352513,
        "worst_latency": 352513,
        "average_latency": 352513,
        "best_time_latency": "3.525 ms",
        "worst_time_latency": "3.525 ms",
        "average_time_latency": "3.525 ms",
        "min_interval": 352514,
        "max_interval": 352514,
        "Latency": 352513
    },
    "HLS": {
        "LUT": 16625,
        "FF": 4208,
        "DSP": 0,
        "BRAM": 0,
        "URAM": 0,
        "CP": 6.553
    },
    "IMPL": {
        "LUT": 4819,
        "FF": 3567,
        "DSP": 0,
        "BRAM": 0,
        "CP": 3.906,
        "PWR": 0.271
    }
}