{
    "LATENCY": {
        "best_latency": 338529,
        "worst_latency": 338529,
        "average_latency": 338529,
        "best_time_latency": "3.385 ms",
        "worst_time_latency": "3.385 ms",
        "average_time_latency": "3.385 ms",
        "min_interval": 338530,
        "max_interval": 338530,
        "Latency": 338529
    },
    "HLS": {
        "LUT": 18124,
        "FF": 3860,
        "DSP": 0,
        "BRAM": 0,
        "URAM": 0,
        "CP": 6.978
    },
    "IMPL": {
        "LUT": 4971,
        "FF": 2773,
        "DSP": 0,
        "BRAM": 0,
        "CP": 5.342,
        "PWR": 0.269
    }
}