{
    "LATENCY": {
        "best_latency": 391489,
        "worst_latency": 391489,
        "average_latency": 391489,
        "best_time_latency": "3.915 ms",
        "worst_time_latency": "3.915 ms",
        "average_time_latency": "3.915 ms",
        "min_interval": 391490,
        "max_interval": 391490,
        "Latency": 391489
    },
    "HLS": {
        "LUT": 28356,
        "FF": 6626,
        "DSP": 0,
        "BRAM": 0,
        "URAM": 0,
        "CP": 6.978
    },
    "IMPL": {
        "LUT": 7997,
        "FF": 4785,
        "DSP": 0,
        "BRAM": 0,
        "CP": 5.088,
        "PWR": 0.284
    }
}