{
    "LATENCY": {
        "best_latency": 451809,
        "worst_latency": 460001,
        "average_latency": 455905,
        "best_time_latency": "4.518 ms",
        "worst_time_latency": "4.600 ms",
        "average_time_latency": "4.559 ms",
        "min_interval": 451810,
        "max_interval": 460002,
        "Latency": 455905
    },
    "HLS": {
        "LUT": 8826,
        "FF": 1905,
        "DSP": 0,
        "BRAM": 0,
        "URAM": 0,
        "CP": 7.266
    },
    "IMPL": {
        "LUT": 3030,
        "FF": 1566,
        "DSP": 0,
        "BRAM": 0,
        "CP": 4.15,
        "PWR": 0.258
    }
}