{
    "LATENCY": {
        "best_latency": 515329,
        "worst_latency": 515329,
        "average_latency": 515329,
        "best_time_latency": "5.153 ms",
        "worst_time_latency": "5.153 ms",
        "average_time_latency": "5.153 ms",
        "min_interval": 515330,
        "max_interval": 515330,
        "Latency": 515329
    },
    "HLS": {
        "LUT": 20039,
        "FF": 2330,
        "DSP": 0,
        "BRAM": 0,
        "URAM": 0,
        "CP": 7.266
    },
    "IMPL": {
        "LUT": 2452,
        "FF": 1866,
        "DSP": 0,
        "BRAM": 0,
        "CP": 5.127,
        "PWR": 0.264
    }
}