{
    "LATENCY": {
        "best_latency": 450769,
        "worst_latency": 450769,
        "average_latency": 450769,
        "best_time_latency": "4.508 ms",
        "worst_time_latency": "4.508 ms",
        "average_time_latency": "4.508 ms",
        "min_interval": 450770,
        "max_interval": 450770,
        "Latency": 450769
    },
    "HLS": {
        "LUT": 28220,
        "FF": 2840,
        "DSP": 0,
        "BRAM": 0,
        "URAM": 0,
        "CP": 6.978
    },
    "IMPL": {
        "LUT": 3183,
        "FF": 2548,
        "DSP": 0,
        "BRAM": 0,
        "CP": 5.039,
        "PWR": 0.269
    }
}