{
    "LATENCY": {
        "best_latency": 341193,
        "worst_latency": 341193,
        "average_latency": 341193,
        "best_time_latency": "3.412 ms",
        "worst_time_latency": "3.412 ms",
        "average_time_latency": "3.412 ms",
        "min_interval": 341194,
        "max_interval": 341194,
        "Latency": 341193
    },
    "HLS": {
        "LUT": 6108,
        "FF": 1868,
        "DSP": 0,
        "BRAM": 0,
        "URAM": 0,
        "CP": 7.266
    },
    "IMPL": {
        "LUT": 2217,
        "FF": 1396,
        "DSP": 0,
        "BRAM": 0,
        "CP": 3.67,
        "PWR": 0.263
    }
}