{
    "LATENCY": {
        "best_latency": 346321,
        "worst_latency": 346321,
        "average_latency": 346321,
        "best_time_latency": "3.463 ms",
        "worst_time_latency": "3.463 ms",
        "average_time_latency": "3.463 ms",
        "min_interval": 346322,
        "max_interval": 346322,
        "Latency": 346321
    },
    "HLS": {
        "LUT": 26849,
        "FF": 2961,
        "DSP": 0,
        "BRAM": 0,
        "URAM": 0,
        "CP": 6.978
    },
    "IMPL": {
        "LUT": 3198,
        "FF": 2671,
        "DSP": 0,
        "BRAM": 0,
        "CP": 4.569,
        "PWR": 0.259
    }
}