{
    "LATENCY": {
        "best_latency": 488705,
        "worst_latency": 488705,
        "average_latency": 488705,
        "best_time_latency": "4.887 ms",
        "worst_time_latency": "4.887 ms",
        "average_time_latency": "4.887 ms",
        "min_interval": 488706,
        "max_interval": 488706,
        "Latency": 488705
    },
    "HLS": {
        "LUT": 25278,
        "FF": 2671,
        "DSP": 0,
        "BRAM": 0,
        "URAM": 0,
        "CP": 6.978
    },
    "IMPL": {
        "LUT": 2834,
        "FF": 2169,
        "DSP": 0,
        "BRAM": 0,
        "CP": 5.289,
        "PWR": 0.267
    }
}