{
    "LATENCY": {
        "best_latency": 368865,
        "worst_latency": 377057,
        "average_latency": 372961,
        "best_time_latency": "3.689 ms",
        "worst_time_latency": "3.771 ms",
        "average_time_latency": "3.730 ms",
        "min_interval": 368866,
        "max_interval": 377058,
        "Latency": 372961
    },
    "HLS": {
        "LUT": 62100,
        "FF": 6405,
        "DSP": 0,
        "BRAM": 0,
        "URAM": 0,
        "CP": 6.978
    },
    "IMPL": {
        "LUT": 6264,
        "FF": 5751,
        "DSP": 0,
        "BRAM": 0,
        "CP": 6.249,
        "PWR": 0.277
    }
}