{
    "LATENCY": {
        "best_latency": 216369,
        "worst_latency": 216369,
        "average_latency": 216369,
        "best_time_latency": "2.164 ms",
        "worst_time_latency": "2.164 ms",
        "average_time_latency": "2.164 ms",
        "min_interval": 216370,
        "max_interval": 216370,
        "Latency": 216369
    },
    "HLS": {
        "LUT": 7488,
        "FF": 2291,
        "DSP": 0,
        "BRAM": 0,
        "URAM": 0,
        "CP": 7.266
    },
    "IMPL": {
        "LUT": 2356,
        "FF": 1946,
        "DSP": 0,
        "BRAM": 0,
        "CP": 4.445,
        "PWR": 0.263
    }
}