{
    "LATENCY": {
        "best_latency": 313537,
        "worst_latency": 313537,
        "average_latency": 313537,
        "best_time_latency": "3.135 ms",
        "worst_time_latency": "3.135 ms",
        "average_time_latency": "3.135 ms",
        "min_interval": 313538,
        "max_interval": 313538,
        "Latency": 313537
    },
    "HLS": {
        "LUT": 16522,
        "FF": 4400,
        "DSP": 0,
        "BRAM": 0,
        "URAM": 0,
        "CP": 7.266
    },
    "IMPL": {
        "LUT": 4112,
        "FF": 3754,
        "DSP": 0,
        "BRAM": 0,
        "CP": 5.056,
        "PWR": 0.263
    }
}