{
    "LATENCY": {
        "best_latency": 383281,
        "worst_latency": 424241,
        "average_latency": 403761,
        "best_time_latency": "3.833 ms",
        "worst_time_latency": "4.242 ms",
        "average_time_latency": "4.038 ms",
        "min_interval": 383282,
        "max_interval": 424242,
        "Latency": 403761
    },
    "HLS": {
        "LUT": 21503,
        "FF": 2652,
        "DSP": 0,
        "BRAM": 0,
        "URAM": 0,
        "CP": 6.978
    },
    "IMPL": {
        "LUT": 3058,
        "FF": 2063,
        "DSP": 0,
        "BRAM": 0,
        "CP": 5.054,
        "PWR": 0.267
    }
}