{
    "LATENCY": {
        "best_latency": 337217,
        "worst_latency": 337217,
        "average_latency": 337217,
        "best_time_latency": "3.372 ms",
        "worst_time_latency": "3.372 ms",
        "average_time_latency": "3.372 ms",
        "min_interval": 337218,
        "max_interval": 337218,
        "Latency": 337217
    },
    "HLS": {
        "LUT": 38467,
        "FF": 6863,
        "DSP": 0,
        "BRAM": 0,
        "URAM": 0,
        "CP": 6.978
    },
    "IMPL": {
        "LUT": 9332,
        "FF": 5328,
        "DSP": 0,
        "BRAM": 0,
        "CP": 5.369,
        "PWR": 0.279
    }
}