{
    "LATENCY": {
        "best_latency": 335009,
        "worst_latency": 335009,
        "average_latency": 335009,
        "best_time_latency": "3.350 ms",
        "worst_time_latency": "3.350 ms",
        "average_time_latency": "3.350 ms",
        "min_interval": 335010,
        "max_interval": 335010,
        "Latency": 335009
    },
    "HLS": {
        "LUT": 3372,
        "FF": 926,
        "DSP": 0,
        "BRAM": 0,
        "URAM": 0,
        "CP": 7.266
    },
    "IMPL": {
        "LUT": 1106,
        "FF": 846,
        "DSP": 0,
        "BRAM": 0,
        "CP": 3.524,
        "PWR": 0.26
    }
}