{
    "LATENCY": {
        "best_latency": 456913,
        "worst_latency": 456913,
        "average_latency": 456913,
        "best_time_latency": "4.569 ms",
        "worst_time_latency": "4.569 ms",
        "average_time_latency": "4.569 ms",
        "min_interval": 456914,
        "max_interval": 456914,
        "Latency": 456913
    },
    "HLS": {
        "LUT": 12157,
        "FF": 1799,
        "DSP": 0,
        "BRAM": 0,
        "URAM": 0,
        "CP": 6.978
    },
    "IMPL": {
        "LUT": 2126,
        "FF": 1446,
        "DSP": 0,
        "BRAM": 0,
        "CP": 4.671,
        "PWR": 0.262
    }
}