{
    "LATENCY": {
        "best_latency": 469233,
        "worst_latency": 502001,
        "average_latency": 485617,
        "best_time_latency": "4.692 ms",
        "worst_time_latency": "5.020 ms",
        "average_time_latency": "4.856 ms",
        "min_interval": 469234,
        "max_interval": 502002,
        "Latency": 485617
    },
    "HLS": {
        "LUT": 49182,
        "FF": 5206,
        "DSP": 0,
        "BRAM": 0,
        "URAM": 0,
        "CP": 6.978
    },
    "IMPL": {
        "LUT": 5004,
        "FF": 4764,
        "DSP": 0,
        "BRAM": 0,
        "CP": 5.305,
        "PWR": 0.269
    }
}