{
    "LATENCY": {
        "best_latency": 461009,
        "worst_latency": 461009,
        "average_latency": 461009,
        "best_time_latency": "4.610 ms",
        "worst_time_latency": "4.610 ms",
        "average_time_latency": "4.610 ms",
        "min_interval": 461010,
        "max_interval": 461010,
        "Latency": 461009
    },
    "HLS": {
        "LUT": 13839,
        "FF": 2771,
        "DSP": 0,
        "BRAM": 0,
        "URAM": 0,
        "CP": 6.978
    },
    "IMPL": {
        "LUT": 3748,
        "FF": 2273,
        "DSP": 0,
        "BRAM": 0,
        "CP": 4.332,
        "PWR": 0.288
    }
}