{
    "LATENCY": {
        "best_latency": 540897,
        "worst_latency": 540897,
        "average_latency": 540897,
        "best_time_latency": "5.409 ms",
        "worst_time_latency": "5.409 ms",
        "average_time_latency": "5.409 ms",
        "min_interval": 540898,
        "max_interval": 540898,
        "Latency": 540897
    },
    "HLS": {
        "LUT": 16257,
        "FF": 1947,
        "DSP": 0,
        "BRAM": 0,
        "URAM": 0,
        "CP": 7.266
    },
    "IMPL": {
        "LUT": 2038,
        "FF": 1713,
        "DSP": 0,
        "BRAM": 0,
        "CP": 4.61,
        "PWR": 0.261
    }
}