{
    "LATENCY": {
        "best_latency": 305353,
        "worst_latency": 305353,
        "average_latency": 305353,
        "best_time_latency": "3.054 ms",
        "worst_time_latency": "3.054 ms",
        "average_time_latency": "3.054 ms",
        "min_interval": 305354,
        "max_interval": 305354,
        "Latency": 305353
    },
    "HLS": {
        "LUT": 6003,
        "FF": 1866,
        "DSP": 0,
        "BRAM": 0,
        "URAM": 0,
        "CP": 7.266
    },
    "IMPL": {
        "LUT": 1926,
        "FF": 1426,
        "DSP": 0,
        "BRAM": 0,
        "CP": 3.988,
        "PWR": 0.264
    }
}