{
    "LATENCY": {
        "best_latency": 432433,
        "worst_latency": 432433,
        "average_latency": 432433,
        "best_time_latency": "4.324 ms",
        "worst_time_latency": "4.324 ms",
        "average_time_latency": "4.324 ms",
        "min_interval": 432434,
        "max_interval": 432434,
        "Latency": 432433
    },
    "HLS": {
        "LUT": 24913,
        "FF": 3129,
        "DSP": 0,
        "BRAM": 0,
        "URAM": 0,
        "CP": 6.978
    },
    "IMPL": {
        "LUT": 3093,
        "FF": 2571,
        "DSP": 0,
        "BRAM": 0,
        "CP": 5.654,
        "PWR": 0.269
    }
}