{
    "LATENCY": {
        "best_latency": 256241,
        "worst_latency": 256241,
        "average_latency": 256241,
        "best_time_latency": "2.562 ms",
        "worst_time_latency": "2.562 ms",
        "average_time_latency": "2.562 ms",
        "min_interval": 256242,
        "max_interval": 256242,
        "Latency": 256241
    },
    "HLS": {
        "LUT": 44550,
        "FF": 8623,
        "DSP": 0,
        "BRAM": 0,
        "URAM": 0,
        "CP": 7.266
    },
    "IMPL": {
        "LUT": 7775,
        "FF": 7479,
        "DSP": 0,
        "BRAM": 0,
        "CP": 5.851,
        "PWR": 0.307
    }
}