{
    "LATENCY": {
        "best_latency": 452865,
        "worst_latency": 452865,
        "average_latency": 452865,
        "best_time_latency": "4.529 ms",
        "worst_time_latency": "4.529 ms",
        "average_time_latency": "4.529 ms",
        "min_interval": 452866,
        "max_interval": 452866,
        "Latency": 452865
    },
    "HLS": {
        "LUT": 11257,
        "FF": 3182,
        "DSP": 0,
        "BRAM": 0,
        "URAM": 0,
        "CP": 7.266
    },
    "IMPL": {
        "LUT": 2721,
        "FF": 2733,
        "DSP": 0,
        "BRAM": 0,
        "CP": 5.368,
        "PWR": 0.265
    }
}