{
    "LATENCY": {
        "best_latency": 215425,
        "worst_latency": 215425,
        "average_latency": 215425,
        "best_time_latency": "2.154 ms",
        "worst_time_latency": "2.154 ms",
        "average_time_latency": "2.154 ms",
        "min_interval": 215426,
        "max_interval": 215426,
        "Latency": 215425
    },
    "HLS": {
        "LUT": 25749,
        "FF": 6518,
        "DSP": 0,
        "BRAM": 0,
        "URAM": 0,
        "CP": 6.808
    },
    "IMPL": {
        "LUT": 6973,
        "FF": 5598,
        "DSP": 0,
        "BRAM": 0,
        "CP": 5.726,
        "PWR": 0.269
    }
}