{
    "LATENCY": {
        "best_latency": 444689,
        "worst_latency": 444689,
        "average_latency": 444689,
        "best_time_latency": "4.447 ms",
        "worst_time_latency": "4.447 ms",
        "average_time_latency": "4.447 ms",
        "min_interval": 444690,
        "max_interval": 444690,
        "Latency": 444689
    },
    "HLS": {
        "LUT": 28369,
        "FF": 3030,
        "DSP": 0,
        "BRAM": 0,
        "URAM": 0,
        "CP": 6.978
    },
    "IMPL": {
        "LUT": 3311,
        "FF": 2658,
        "DSP": 0,
        "BRAM": 0,
        "CP": 5.575,
        "PWR": 0.261
    }
}