{
    "LATENCY": {
        "best_latency": 301329,
        "worst_latency": 301329,
        "average_latency": 301329,
        "best_time_latency": "3.013 ms",
        "worst_time_latency": "3.013 ms",
        "average_time_latency": "3.013 ms",
        "min_interval": 301330,
        "max_interval": 301330,
        "Latency": 301329
    },
    "HLS": {
        "LUT": 13238,
        "FF": 3661,
        "DSP": 0,
        "BRAM": 0,
        "URAM": 0,
        "CP": 7.266
    },
    "IMPL": {
        "LUT": 3669,
        "FF": 3056,
        "DSP": 0,
        "BRAM": 0,
        "CP": 5.795,
        "PWR": 0.265
    }
}