{
    "LATENCY": {
        "best_latency": 469265,
        "worst_latency": 477457,
        "average_latency": 473361,
        "best_time_latency": "4.693 ms",
        "worst_time_latency": "4.775 ms",
        "average_time_latency": "4.734 ms",
        "min_interval": 469266,
        "max_interval": 477458,
        "Latency": 473361
    },
    "HLS": {
        "LUT": 33967,
        "FF": 3678,
        "DSP": 0,
        "BRAM": 0,
        "URAM": 0,
        "CP": 6.978
    },
    "IMPL": {
        "LUT": 3602,
        "FF": 3426,
        "DSP": 0,
        "BRAM": 0,
        "CP": 5.46,
        "PWR": 0.274
    }
}