{
    "LATENCY": {
        "best_latency": 314601,
        "worst_latency": 314601,
        "average_latency": 314601,
        "best_time_latency": "3.146 ms",
        "worst_time_latency": "3.146 ms",
        "average_time_latency": "3.146 ms",
        "min_interval": 314602,
        "max_interval": 314602,
        "Latency": 314601
    },
    "HLS": {
        "LUT": 53492,
        "FF": 5979,
        "DSP": 0,
        "BRAM": 0,
        "URAM": 0,
        "CP": 7.266
    },
    "IMPL": {
        "LUT": 6587,
        "FF": 5245,
        "DSP": 0,
        "BRAM": 0,
        "CP": 5.629,
        "PWR": 0.288
    }
}