{
    "Option": {
        "INLINE": {
            "-on": [],
            "-off": [],
            "-recursive": []
        },
        "BALANCE": {
            "-on": [],
            "-off": []
        },
        "FLATTEN": {
            "-on": [],
            "-off": []
        },
        "PIPELINE": {
            "-style": []
        },
        "UNROLL": {
            "-factor": []
        },
        "PARTITION": {
            "-factor": [],
            "-type": []
        },
        "RESHAPE": {
            "-factor": [],
            "-type": []
        },
        "STORAGE": {
            "-type": [],
            "-impl": [],
            "-latency": []
        }
    },
    "Function": {},
    "Loop": {
        "group1": {
            "level": [
                "stencil3d/height_bound_col",
                "stencil3d/height_bound_row"
            ],
            "unroll": [
                "stencil3d/height_bound_col",
                "stencil3d/height_bound_row"
            ],
            "pipeline": [
                "stencil3d/height_bound_col",
                "stencil3d/height_bound_row"
            ],
            "flatten": [
                "stencil3d/height_bound_col"
            ],
            "stencil3d/height_bound_col": {
                "FLATTEN": {
                    "-state": "-on"
                },
                "UNROLL": {
                    "-factor": 2
                },
                "PIPELINE": {
                    "-style": "stp",
                    "-state": "-off"
                }
            },
            "stencil3d/height_bound_row": {
                "UNROLL": {
                    "-factor": 2
                },
                "PIPELINE": {
                    "-style": "stp",
                    "-state": "-off"
                }
            }
        },
        "group2": {
            "level": [
                "stencil3d/col_bound_height",
                "stencil3d/col_bound_row"
            ],
            "unroll": [
                "stencil3d/col_bound_height",
                "stencil3d/col_bound_row"
            ],
            "pipeline": [
                "stencil3d/col_bound_height",
                "stencil3d/col_bound_row"
            ],
            "flatten": [
                "stencil3d/col_bound_height"
            ],
            "stencil3d/col_bound_height": {
                "FLATTEN": {
                    "-state": "-off"
                },
                "UNROLL": {
                    "-factor": 0
                },
                "PIPELINE": {
                    "-style": "stp",
                    "-state": "-on"
                }
            },
            "stencil3d/col_bound_row": {}
        },
        "group3": {
            "level": [
                "stencil3d/row_bound_height",
                "stencil3d/row_bound_col"
            ],
            "unroll": [
                "stencil3d/row_bound_height",
                "stencil3d/row_bound_col"
            ],
            "pipeline": [
                "stencil3d/row_bound_height",
                "stencil3d/row_bound_col"
            ],
            "flatten": [
                "stencil3d/row_bound_height"
            ],
            "stencil3d/row_bound_height": {
                "FLATTEN": {
                    "-state": "-off"
                },
                "UNROLL": {
                    "-factor": 0
                },
                "PIPELINE": {
                    "-style": "stp",
                    "-state": "-on"
                }
            },
            "stencil3d/row_bound_col": {}
        },
        "group4": {
            "level": [
                "stencil3d/loop_height",
                "stencil3d/loop_col",
                "stencil3d/loop_row"
            ],
            "unroll": [
                "stencil3d/loop_height",
                "stencil3d/loop_col",
                "stencil3d/loop_row"
            ],
            "pipeline": [
                "stencil3d/loop_col",
                "stencil3d/loop_row"
            ],
            "flatten": [
                "stencil3d/loop_height",
                "stencil3d/loop_col"
            ],
            "stencil3d/loop_height": {
                "FLATTEN": {
                    "-state": "-on"
                },
                "UNROLL": {
                    "-factor": 2
                }
            },
            "stencil3d/loop_col": {
                "FLATTEN": {
                    "-state": "-off"
                },
                "UNROLL": {
                    "-factor": 0
                },
                "PIPELINE": {
                    "-style": "stp",
                    "-state": "-off"
                }
            },
            "stencil3d/loop_row": {
                "UNROLL": {
                    "-factor": 2
                },
                "PIPELINE": {
                    "-style": "stp",
                    "-state": "-off"
                }
            }
        }
    },
    "Array": {},
    "Interface": {
        "stencil3d orig": {
            "PARTITION": {
                "-factor": 0,
                "-type": "block"
            },
            "RESHAPE": {
                "-factor": 0,
                "-type": "cyclic"
            }
        },
        "stencil3d sol": {
            "PARTITION": {
                "-factor": 0,
                "-type": "block"
            },
            "RESHAPE": {
                "-factor": 0,
                "-type": "cyclic"
            }
        }
    },
    "Operation": {
        "stencil3d/loop_row sum1": {
            "add": {
                "-impl": "dsp",
                "-latency": -1
            }
        },
        "stencil3d/loop_row mul0": {
            "mul": {
                "-impl": "dsp",
                "-latency": -1
            }
        },
        "stencil3d/loop_row mul1": {
            "mul": {
                "-impl": "fabric",
                "-latency": -1
            }
        },
        "stencil3d/col_bound_height i": {
            "add": {
                "-impl": "dsp",
                "-latency": -1
            }
        },
        "stencil3d/row_bound_height i": {
            "add": {
                "-impl": "dsp",
                "-latency": -1
            }
        },
        "stencil3d/loop_height i": {
            "add": {
                "-impl": "dsp",
                "-latency": -1
            }
        },
        "stencil3d/height_bound_col j": {
            "add": {
                "-impl": "dsp",
                "-latency": -1
            }
        },
        "stencil3d/row_bound_col j": {
            "add": {
                "-impl": "fabric",
                "-latency": -1
            }
        },
        "stencil3d/loop_col j": {
            "add": {
                "-impl": "dsp",
                "-latency": -1
            }
        },
        "stencil3d/height_bound_row k": {
            "add": {
                "-impl": "fabric",
                "-latency": -1
            }
        },
        "stencil3d/col_bound_row k": {
            "add": {
                "-impl": "fabric",
                "-latency": -1
            }
        },
        "stencil3d/loop_row k": {
            "add": {
                "-impl": "dsp",
                "-latency": -1
            }
        }
    }
}