{
    "LATENCY": {
        "best_latency": 21966,
        "worst_latency": 21966,
        "average_latency": 21966,
        "best_time_latency": "0.220 ms",
        "worst_time_latency": "0.220 ms",
        "average_time_latency": "0.220 ms",
        "min_interval": 21967,
        "max_interval": 21967,
        "Latency": 21966
    },
    "HLS": {
        "LUT": 39060,
        "FF": 7183,
        "DSP": 155,
        "BRAM": 0,
        "URAM": 0,
        "CP": 6.465
    },
    "IMPL": {
        "LUT": 3517,
        "FF": 2303,
        "DSP": 239,
        "BRAM": 0,
        "CP": 7.523,
        "PWR": 0.557
    }
}