{
    "LATENCY": {
        "best_latency": 61574,
        "worst_latency": 61574,
        "average_latency": 61574,
        "best_time_latency": "0.616 ms",
        "worst_time_latency": "0.616 ms",
        "average_time_latency": "0.616 ms",
        "min_interval": 61575,
        "max_interval": 61575,
        "Latency": 61574
    },
    "HLS": {
        "LUT": 12323,
        "FF": 9122,
        "DSP": 3,
        "BRAM": 0,
        "URAM": 0,
        "CP": 7.259
    },
    "IMPL": {
        "LUT": 5913,
        "FF": 8947,
        "DSP": 0,
        "BRAM": 0,
        "CP": 8.077,
        "PWR": 0.293
    }
}