{
    "LATENCY": {
        "best_latency": 109725,
        "worst_latency": 109725,
        "average_latency": 109725,
        "best_time_latency": "1.097 ms",
        "worst_time_latency": "1.097 ms",
        "average_time_latency": "1.097 ms",
        "min_interval": 109726,
        "max_interval": 109726,
        "Latency": 109725
    },
    "HLS": {
        "LUT": 13194,
        "FF": 1050,
        "DSP": 8,
        "BRAM": 0,
        "URAM": 0,
        "CP": 6.465
    },
    "IMPL": {
        "LUT": 1895,
        "FF": 752,
        "DSP": 10,
        "BRAM": 0,
        "CP": 5.302,
        "PWR": 0.268
    }
}