{
    "LATENCY": {
        "best_latency": 86111,
        "worst_latency": 86111,
        "average_latency": 86111,
        "best_time_latency": "0.861 ms",
        "worst_time_latency": "0.861 ms",
        "average_time_latency": "0.861 ms",
        "min_interval": 86112,
        "max_interval": 86112,
        "Latency": 86111
    },
    "HLS": {
        "LUT": 7330,
        "FF": 1160,
        "DSP": 16,
        "BRAM": 0,
        "URAM": 0,
        "CP": 6.822
    },
    "IMPL": {
        "LUT": 1183,
        "FF": 983,
        "DSP": 1,
        "BRAM": 0,
        "CP": 9.242,
        "PWR": 0.291
    }
}