{
    "LATENCY": {
        "best_latency": 62641,
        "worst_latency": 62641,
        "average_latency": 62641,
        "best_time_latency": "0.626 ms",
        "worst_time_latency": "0.626 ms",
        "average_time_latency": "0.626 ms",
        "min_interval": 62642,
        "max_interval": 62642,
        "Latency": 62641
    },
    "HLS": {
        "LUT": 9093,
        "FF": 2022,
        "DSP": 44,
        "BRAM": 0,
        "URAM": 0,
        "CP": 7.259
    },
    "IMPL": {
        "LUT": 1631,
        "FF": 1357,
        "DSP": 43,
        "BRAM": 0,
        "CP": 7.067,
        "PWR": 0.304
    }
}