{
    "LATENCY": {
        "best_latency": 104146,
        "worst_latency": 104146,
        "average_latency": 104146,
        "best_time_latency": "1.041 ms",
        "worst_time_latency": "1.041 ms",
        "average_time_latency": "1.041 ms",
        "min_interval": 104147,
        "max_interval": 104147,
        "Latency": 104146
    },
    "HLS": {
        "LUT": 19845,
        "FF": 4772,
        "DSP": 16,
        "BRAM": 0,
        "URAM": 0,
        "CP": 6.465
    },
    "IMPL": {
        "LUT": 6106,
        "FF": 3882,
        "DSP": 17,
        "BRAM": 0,
        "CP": 7.29,
        "PWR": 0.33
    }
}