{
    "LATENCY": {
        "best_latency": 68593,
        "worst_latency": 68593,
        "average_latency": 68593,
        "best_time_latency": "0.686 ms",
        "worst_time_latency": "0.686 ms",
        "average_time_latency": "0.686 ms",
        "min_interval": 68594,
        "max_interval": 68594,
        "Latency": 68593
    },
    "HLS": {
        "LUT": 20510,
        "FF": 6397,
        "DSP": 13,
        "BRAM": 0,
        "URAM": 0,
        "CP": 7.259
    },
    "IMPL": {
        "LUT": 8884,
        "FF": 5158,
        "DSP": 4,
        "BRAM": 0,
        "CP": 8.173,
        "PWR": 0.314
    }
}