{
    "LATENCY": {
        "best_latency": 60701,
        "worst_latency": 60701,
        "average_latency": 60701,
        "best_time_latency": "0.607 ms",
        "worst_time_latency": "0.607 ms",
        "average_time_latency": "0.607 ms",
        "min_interval": 60702,
        "max_interval": 60702,
        "Latency": 60701
    },
    "HLS": {
        "LUT": 7964,
        "FF": 911,
        "DSP": 8,
        "BRAM": 0,
        "URAM": 0,
        "CP": 6.465
    },
    "IMPL": {
        "LUT": 100000000.0,
        "FF": 100000000.0,
        "DSP": 100000000.0,
        "BRAM": 100000000.0,
        "CP": 100000000.0,
        "PWR": 100000000.0
    }
}