{
    "LATENCY": {
        "best_latency": 55003,
        "worst_latency": 55003,
        "average_latency": 55003,
        "best_time_latency": "0.550 ms",
        "worst_time_latency": "0.550 ms",
        "average_time_latency": "0.550 ms",
        "min_interval": 55004,
        "max_interval": 55004,
        "Latency": 55003
    },
    "HLS": {
        "LUT": 135799,
        "FF": 13258,
        "DSP": 8,
        "BRAM": 0,
        "URAM": 0,
        "CP": 6.465
    },
    "IMPL": {
        "LUT": 14465,
        "FF": 12046,
        "DSP": 3,
        "BRAM": 0,
        "CP": 8.377,
        "PWR": 0.372
    }
}