{
    "LATENCY": {
        "best_latency": 32549,
        "worst_latency": 32549,
        "average_latency": 32549,
        "best_time_latency": "0.325 ms",
        "worst_time_latency": "0.325 ms",
        "average_time_latency": "0.325 ms",
        "min_interval": 32550,
        "max_interval": 32550,
        "Latency": 32549
    },
    "HLS": {
        "LUT": 70596,
        "FF": 12176,
        "DSP": 355,
        "BRAM": 0,
        "URAM": 0,
        "CP": 6.465
    },
    "IMPL": {
        "LUT": 8289,
        "FF": 2621,
        "DSP": 473,
        "BRAM": 0,
        "CP": 8.451,
        "PWR": 0.88
    }
}