{
    "LATENCY": {
        "best_latency": 56541,
        "worst_latency": 56541,
        "average_latency": 56541,
        "best_time_latency": "0.565 ms",
        "worst_time_latency": "0.565 ms",
        "average_time_latency": "0.565 ms",
        "min_interval": 56542,
        "max_interval": 56542,
        "Latency": 56541
    },
    "HLS": {
        "LUT": 7143,
        "FF": 1314,
        "DSP": 8,
        "BRAM": 0,
        "URAM": 0,
        "CP": 6.465
    },
    "IMPL": {
        "LUT": 1163,
        "FF": 895,
        "DSP": 10,
        "BRAM": 0,
        "CP": 5.451,
        "PWR": 0.276
    }
}