{
    "LATENCY": {
        "best_latency": 29935,
        "worst_latency": 29935,
        "average_latency": 29935,
        "best_time_latency": "0.299 ms",
        "worst_time_latency": "0.299 ms",
        "average_time_latency": "0.299 ms",
        "min_interval": 29936,
        "max_interval": 29936,
        "Latency": 29935
    },
    "HLS": {
        "LUT": 44387,
        "FF": 19091,
        "DSP": 16,
        "BRAM": 0,
        "URAM": 0,
        "CP": 7.259
    },
    "IMPL": {
        "LUT": 11523,
        "FF": 17410,
        "DSP": 3,
        "BRAM": 0,
        "CP": 9.588,
        "PWR": 0.356
    }
}