{
    "LATENCY": {
        "best_latency": 54468,
        "worst_latency": 54468,
        "average_latency": 54468,
        "best_time_latency": "0.545 ms",
        "worst_time_latency": "0.545 ms",
        "average_time_latency": "0.545 ms",
        "min_interval": 54469,
        "max_interval": 54469,
        "Latency": 54468
    },
    "HLS": {
        "LUT": 2528,
        "FF": 738,
        "DSP": 3,
        "BRAM": 0,
        "URAM": 0,
        "CP": 6.862
    },
    "IMPL": {
        "LUT": 1178,
        "FF": 937,
        "DSP": 0,
        "BRAM": 0,
        "CP": 7.166,
        "PWR": 0.273
    }
}