{
    "LATENCY": {
        "best_latency": 67090,
        "worst_latency": 67090,
        "average_latency": 67090,
        "best_time_latency": "0.671 ms",
        "worst_time_latency": "0.671 ms",
        "average_time_latency": "0.671 ms",
        "min_interval": 67091,
        "max_interval": 67091,
        "Latency": 67090
    },
    "HLS": {
        "LUT": 46832,
        "FF": 7473,
        "DSP": 18,
        "BRAM": 0,
        "URAM": 0,
        "CP": 6.465
    },
    "IMPL": {
        "LUT": 20042,
        "FF": 3704,
        "DSP": 1,
        "BRAM": 0,
        "CP": 9.097,
        "PWR": 0.331
    }
}