{
    "LATENCY": {
        "best_latency": 37618,
        "worst_latency": 37618,
        "average_latency": 37618,
        "best_time_latency": "0.376 ms",
        "worst_time_latency": "0.376 ms",
        "average_time_latency": "0.376 ms",
        "min_interval": 37619,
        "max_interval": 37619,
        "Latency": 37618
    },
    "HLS": {
        "LUT": 63320,
        "FF": 6489,
        "DSP": 112,
        "BRAM": 0,
        "URAM": 0,
        "CP": 7.259
    },
    "IMPL": {
        "LUT": 12967,
        "FF": 3394,
        "DSP": 52,
        "BRAM": 0,
        "CP": 8.476,
        "PWR": 0.473
    }
}