{
    "LATENCY": {
        "best_latency": 37532,
        "worst_latency": 37532,
        "average_latency": 37532,
        "best_time_latency": "0.375 ms",
        "worst_time_latency": "0.375 ms",
        "average_time_latency": "0.375 ms",
        "min_interval": 37533,
        "max_interval": 37533,
        "Latency": 37532
    },
    "HLS": {
        "LUT": 19449,
        "FF": 9198,
        "DSP": 203,
        "BRAM": 0,
        "URAM": 0,
        "CP": 7.259
    },
    "IMPL": {
        "LUT": 8102,
        "FF": 5611,
        "DSP": 202,
        "BRAM": 0,
        "CP": 8.303,
        "PWR": 0.601
    }
}