{
    "LATENCY": {
        "best_latency": 67652,
        "worst_latency": 67652,
        "average_latency": 67652,
        "best_time_latency": "0.677 ms",
        "worst_time_latency": "0.677 ms",
        "average_time_latency": "0.677 ms",
        "min_interval": 67653,
        "max_interval": 67653,
        "Latency": 67652
    },
    "HLS": {
        "LUT": 14857,
        "FF": 1166,
        "DSP": 6,
        "BRAM": 0,
        "URAM": 0,
        "CP": 6.465
    },
    "IMPL": {
        "LUT": 2695,
        "FF": 741,
        "DSP": 0,
        "BRAM": 0,
        "CP": 7.605,
        "PWR": 0.3
    }
}