{
    "LATENCY": {
        "best_latency": 68425,
        "worst_latency": 68425,
        "average_latency": 68425,
        "best_time_latency": "0.684 ms",
        "worst_time_latency": "0.684 ms",
        "average_time_latency": "0.684 ms",
        "min_interval": 68426,
        "max_interval": 68426,
        "Latency": 68425
    },
    "HLS": {
        "LUT": 11540,
        "FF": 1320,
        "DSP": 13,
        "BRAM": 0,
        "URAM": 0,
        "CP": 6.465
    },
    "IMPL": {
        "LUT": 4127,
        "FF": 1987,
        "DSP": 0,
        "BRAM": 0,
        "CP": 8.96,
        "PWR": 0.282
    }
}