{
    "LATENCY": {
        "best_latency": 60101,
        "worst_latency": 60101,
        "average_latency": 60101,
        "best_time_latency": "0.601 ms",
        "worst_time_latency": "0.601 ms",
        "average_time_latency": "0.601 ms",
        "min_interval": 60102,
        "max_interval": 60102,
        "Latency": 60101
    },
    "HLS": {
        "LUT": 4926,
        "FF": 545,
        "DSP": 3,
        "BRAM": 0,
        "URAM": 0,
        "CP": 7.259
    },
    "IMPL": {
        "LUT": 1061,
        "FF": 406,
        "DSP": 0,
        "BRAM": 0,
        "CP": 6.701,
        "PWR": 0.267
    }
}