{
    "LATENCY": {
        "best_latency": 61634,
        "worst_latency": 61634,
        "average_latency": 61634,
        "best_time_latency": "0.616 ms",
        "worst_time_latency": "0.616 ms",
        "average_time_latency": "0.616 ms",
        "min_interval": 61635,
        "max_interval": 61635,
        "Latency": 61634
    },
    "HLS": {
        "LUT": 7506,
        "FF": 1715,
        "DSP": 16,
        "BRAM": 0,
        "URAM": 0,
        "CP": 6.282
    },
    "IMPL": {
        "LUT": 1306,
        "FF": 1016,
        "DSP": 21,
        "BRAM": 0,
        "CP": 4.897,
        "PWR": 0.274
    }
}