{
    "LATENCY": {
        "best_latency": 68957,
        "worst_latency": 68957,
        "average_latency": 68957,
        "best_time_latency": "0.690 ms",
        "worst_time_latency": "0.690 ms",
        "average_time_latency": "0.690 ms",
        "min_interval": 68958,
        "max_interval": 68958,
        "Latency": 68957
    },
    "HLS": {
        "LUT": 11710,
        "FF": 1193,
        "DSP": 13,
        "BRAM": 0,
        "URAM": 0,
        "CP": 6.465
    },
    "IMPL": {
        "LUT": 1530,
        "FF": 598,
        "DSP": 18,
        "BRAM": 0,
        "CP": 5.196,
        "PWR": 0.277
    }
}