{
    "LATENCY": {
        "best_latency": 70247,
        "worst_latency": 70247,
        "average_latency": 70247,
        "best_time_latency": "0.702 ms",
        "worst_time_latency": "0.702 ms",
        "average_time_latency": "0.702 ms",
        "min_interval": 70248,
        "max_interval": 70248,
        "Latency": 70247
    },
    "HLS": {
        "LUT": 4740,
        "FF": 1097,
        "DSP": 23,
        "BRAM": 0,
        "URAM": 0,
        "CP": 6.282
    },
    "IMPL": {
        "LUT": 1486,
        "FF": 487,
        "DSP": 31,
        "BRAM": 0,
        "CP": 5.366,
        "PWR": 0.303
    }
}