{
    "LATENCY": {
        "best_latency": 42350,
        "worst_latency": 42350,
        "average_latency": 42350,
        "best_time_latency": "0.423 ms",
        "worst_time_latency": "0.423 ms",
        "average_time_latency": "0.423 ms",
        "min_interval": 42351,
        "max_interval": 42351,
        "Latency": 42350
    },
    "HLS": {
        "LUT": 5128,
        "FF": 1387,
        "DSP": 16,
        "BRAM": 0,
        "URAM": 0,
        "CP": 6.282
    },
    "IMPL": {
        "LUT": 1296,
        "FF": 794,
        "DSP": 22,
        "BRAM": 0,
        "CP": 5.202,
        "PWR": 0.283
    }
}