{
    "LATENCY": {
        "best_latency": 54810,
        "worst_latency": 54810,
        "average_latency": 54810,
        "best_time_latency": "0.548 ms",
        "worst_time_latency": "0.548 ms",
        "average_time_latency": "0.548 ms",
        "min_interval": 54811,
        "max_interval": 54811,
        "Latency": 54810
    },
    "HLS": {
        "LUT": 17616,
        "FF": 4551,
        "DSP": 8,
        "BRAM": 0,
        "URAM": 0,
        "CP": 7.259
    },
    "IMPL": {
        "LUT": 6390,
        "FF": 3605,
        "DSP": 2,
        "BRAM": 0,
        "CP": 8.44,
        "PWR": 0.323
    }
}