{
    "LATENCY": {
        "best_latency": 15788,
        "worst_latency": 15788,
        "average_latency": 15788,
        "best_time_latency": "0.158 ms",
        "worst_time_latency": "0.158 ms",
        "average_time_latency": "0.158 ms",
        "min_interval": 15789,
        "max_interval": 15789,
        "Latency": 15788
    },
    "HLS": {
        "LUT": 85893,
        "FF": 7937,
        "DSP": 224,
        "BRAM": 0,
        "URAM": 0,
        "CP": 7.259
    },
    "IMPL": {
        "LUT": 31755,
        "FF": 4607,
        "DSP": 99,
        "BRAM": 0,
        "CP": 9.201,
        "PWR": 0.559
    }
}