{
    "LATENCY": {
        "best_latency": 39795,
        "worst_latency": 39795,
        "average_latency": 39795,
        "best_time_latency": "0.398 ms",
        "worst_time_latency": "0.398 ms",
        "average_time_latency": "0.398 ms",
        "min_interval": 39796,
        "max_interval": 39796,
        "Latency": 39795
    },
    "HLS": {
        "LUT": 38954,
        "FF": 4751,
        "DSP": 24,
        "BRAM": 0,
        "URAM": 0,
        "CP": 6.808
    },
    "IMPL": {
        "LUT": 5010,
        "FF": 3777,
        "DSP": 102,
        "BRAM": 0,
        "CP": 7.877,
        "PWR": 0.331
    }
}