{
    "LATENCY": {
        "best_latency": 53149,
        "worst_latency": 53149,
        "average_latency": 53149,
        "best_time_latency": "0.531 ms",
        "worst_time_latency": "0.531 ms",
        "average_time_latency": "0.531 ms",
        "min_interval": 53150,
        "max_interval": 53150,
        "Latency": 53149
    },
    "HLS": {
        "LUT": 50078,
        "FF": 8106,
        "DSP": 8,
        "BRAM": 0,
        "URAM": 0,
        "CP": 7.259
    },
    "IMPL": {
        "LUT": 8592,
        "FF": 6808,
        "DSP": 3,
        "BRAM": 0,
        "CP": 8.401,
        "PWR": 0.333
    }
}