{
    "LATENCY": {
        "best_latency": 49579,
        "worst_latency": 49579,
        "average_latency": 49579,
        "best_time_latency": "0.496 ms",
        "worst_time_latency": "0.496 ms",
        "average_time_latency": "0.496 ms",
        "min_interval": 49580,
        "max_interval": 49580,
        "Latency": 49579
    },
    "HLS": {
        "LUT": 110053,
        "FF": 9327,
        "DSP": 16,
        "BRAM": 0,
        "URAM": 0,
        "CP": 7.259
    },
    "IMPL": {
        "LUT": 13678,
        "FF": 8224,
        "DSP": 7,
        "BRAM": 0,
        "CP": 8.706,
        "PWR": 0.373
    }
}