{
    "LATENCY": {
        "best_latency": 48942,
        "worst_latency": 48942,
        "average_latency": 48942,
        "best_time_latency": "0.489 ms",
        "worst_time_latency": "0.489 ms",
        "average_time_latency": "0.489 ms",
        "min_interval": 48943,
        "max_interval": 48943,
        "Latency": 48942
    },
    "HLS": {
        "LUT": 36951,
        "FF": 2950,
        "DSP": 16,
        "BRAM": 0,
        "URAM": 0,
        "CP": 7.259
    },
    "IMPL": {
        "LUT": 4427,
        "FF": 2184,
        "DSP": 7,
        "BRAM": 0,
        "CP": 7.672,
        "PWR": 0.301
    }
}