{
    "LATENCY": {
        "best_latency": 39875,
        "worst_latency": 39875,
        "average_latency": 39875,
        "best_time_latency": "0.399 ms",
        "worst_time_latency": "0.399 ms",
        "average_time_latency": "0.399 ms",
        "min_interval": 39876,
        "max_interval": 39876,
        "Latency": 39875
    },
    "HLS": {
        "LUT": 96253,
        "FF": 12278,
        "DSP": 224,
        "BRAM": 0,
        "URAM": 0,
        "CP": 7.259
    },
    "IMPL": {
        "LUT": 39217,
        "FF": 8759,
        "DSP": 109,
        "BRAM": 0,
        "CP": 9.235,
        "PWR": 0.621
    }
}