{
    "LATENCY": {
        "best_latency": 44599,
        "worst_latency": 44599,
        "average_latency": 44599,
        "best_time_latency": "0.446 ms",
        "worst_time_latency": "0.446 ms",
        "average_time_latency": "0.446 ms",
        "min_interval": 44600,
        "max_interval": 44600,
        "Latency": 44599
    },
    "HLS": {
        "LUT": 16270,
        "FF": 1780,
        "DSP": 16,
        "BRAM": 0,
        "URAM": 0,
        "CP": 7.259
    },
    "IMPL": {
        "LUT": 3147,
        "FF": 1751,
        "DSP": 7,
        "BRAM": 0,
        "CP": 7.966,
        "PWR": 0.275
    }
}