{
    "LATENCY": {
        "Latency": 1000
    },
    "HLS": {
        "LUT": 3419,
        "FF": 1149,
        "DSP": 0,
        "BRAM": 0,
        "URAM": 0,
        "CP": 6.822
    },
    "SYN": {
        "LUT": 823,
        "FF": 1128,
        "DSP": 0,
        "BRAM": 0,
        "URAM": 0,
        "SRL": 0,
        "CP": 2.971
    },
    "IMPL": {
        "LUT": 818,
        "FF": 1128,
        "DSP": 0,
        "BRAM": 0,
        "URAM": 0,
        "SRL": 0,
        "CP": 4.686,
        "PWR": 0.247
    }
}