{
    "LATENCY": {
        "Latency": 1000
    },
    "HLS": {
        "LUT": 629,
        "FF": 570,
        "DSP": 0,
        "BRAM": 0,
        "URAM": 0,
        "CP": 6.237
    },
    "SYN": {
        "LUT": 448,
        "FF": 564,
        "DSP": 0,
        "BRAM": 0,
        "URAM": 0,
        "SRL": 0,
        "CP": 3.99
    },
    "IMPL": {
        "LUT": 447,
        "FF": 564,
        "DSP": 0,
        "BRAM": 0,
        "URAM": 0,
        "SRL": 0,
        "CP": 5.415,
        "PWR": 0.248
    }
}