{
    "LATENCY": {
        "Latency": 1000
    },
    "HLS": {
        "LUT": 6704,
        "FF": 2041,
        "DSP": 0,
        "BRAM": 0,
        "URAM": 0,
        "CP": 6.904
    },
    "SYN": {
        "LUT": 1277,
        "FF": 2010,
        "DSP": 0,
        "BRAM": 0,
        "URAM": 0,
        "SRL": 0,
        "CP": 3.395
    },
    "IMPL": {
        "LUT": 1258,
        "FF": 2010,
        "DSP": 0,
        "BRAM": 0,
        "URAM": 0,
        "SRL": 0,
        "CP": 5.917,
        "PWR": 0.254
    }
}