{
    "LATENCY": {
        "Latency": 1000
    },
    "HLS": {
        "LUT": 4063,
        "FF": 1846,
        "DSP": 9,
        "BRAM": 0,
        "URAM": 0,
        "CP": 7.139
    },
    "SYN": {
        "LUT": 804,
        "FF": 987,
        "DSP": 10,
        "BRAM": 0,
        "URAM": 0,
        "SRL": 0,
        "CP": 6.546
    },
    "IMPL": {
        "LUT": 800,
        "FF": 987,
        "DSP": 10,
        "BRAM": 0,
        "URAM": 0,
        "SRL": 0,
        "CP": 6.496,
        "PWR": 0.27
    }
}