{
    "LATENCY": {
        "Latency": 1000
    },
    "HLS": {
        "LUT": 611,
        "FF": 572,
        "DSP": 0,
        "BRAM": 0,
        "URAM": 0,
        "CP": 6.237
    },
    "SYN": {
        "LUT": 354,
        "FF": 562,
        "DSP": 0,
        "BRAM": 0,
        "URAM": 0,
        "SRL": 0,
        "CP": 2.834
    },
    "IMPL": {
        "LUT": 353,
        "FF": 562,
        "DSP": 0,
        "BRAM": 0,
        "URAM": 0,
        "SRL": 0,
        "CP": 3.827,
        "PWR": 0.247
    }
}