{
    "LATENCY": {
        "Latency": 1000
    },
    "HLS": {
        "LUT": 2701,
        "FF": 772,
        "DSP": 0,
        "BRAM": 0,
        "URAM": 0,
        "CP": 6.9
    },
    "SYN": {
        "LUT": 571,
        "FF": 709,
        "DSP": 0,
        "BRAM": 0,
        "URAM": 0,
        "SRL": 0,
        "CP": 2.806
    },
    "IMPL": {
        "LUT": 567,
        "FF": 709,
        "DSP": 0,
        "BRAM": 0,
        "URAM": 0,
        "SRL": 0,
        "CP": 4.948,
        "PWR": 0.251
    }
}