{
    "LATENCY": {
        "Latency": 1000
    },
    "HLS": {
        "LUT": 1711,
        "FF": 957,
        "DSP": 0,
        "BRAM": 0,
        "URAM": 0,
        "CP": 6.904
    },
    "SYN": {
        "LUT": 615,
        "FF": 954,
        "DSP": 0,
        "BRAM": 0,
        "URAM": 0,
        "SRL": 0,
        "CP": 2.768
    },
    "IMPL": {
        "LUT": 614,
        "FF": 954,
        "DSP": 0,
        "BRAM": 0,
        "URAM": 0,
        "SRL": 0,
        "CP": 4.443,
        "PWR": 0.254
    }
}