{
    "LATENCY": {
        "Latency": 1000
    },
    "HLS": {
        "LUT": 1405,
        "FF": 565,
        "DSP": 0,
        "BRAM": 0,
        "URAM": 0,
        "CP": 5.482
    },
    "SYN": {
        "LUT": 337,
        "FF": 563,
        "DSP": 0,
        "BRAM": 0,
        "URAM": 0,
        "SRL": 0,
        "CP": 2.625
    },
    "IMPL": {
        "LUT": 335,
        "FF": 563,
        "DSP": 0,
        "BRAM": 0,
        "URAM": 0,
        "SRL": 0,
        "CP": 3.989,
        "PWR": 0.248
    }
}