{
    "LATENCY": {
        "Latency": 1000
    },
    "HLS": {
        "LUT": 10342,
        "FF": 6097,
        "DSP": 0,
        "BRAM": 0,
        "URAM": 0,
        "CP": 6.237
    },
    "SYN": {
        "LUT": 1528,
        "FF": 3263,
        "DSP": 0,
        "BRAM": 0,
        "URAM": 0,
        "SRL": 0,
        "CP": 3.515
    },
    "IMPL": {
        "LUT": 1500,
        "FF": 3263,
        "DSP": 0,
        "BRAM": 0,
        "URAM": 0,
        "SRL": 0,
        "CP": 5.226,
        "PWR": 0.257
    }
}