{
    "LATENCY": {
        "Latency": 1000
    },
    "HLS": {
        "LUT": 4912,
        "FF": 916,
        "DSP": 0,
        "BRAM": 0,
        "URAM": 0,
        "CP": 6.539
    },
    "SYN": {
        "LUT": 547,
        "FF": 787,
        "DSP": 0,
        "BRAM": 0,
        "URAM": 0,
        "SRL": 0,
        "CP": 4.405
    },
    "IMPL": {
        "LUT": 543,
        "FF": 787,
        "DSP": 0,
        "BRAM": 0,
        "URAM": 0,
        "SRL": 0,
        "CP": 5.393,
        "PWR": 0.252
    }
}