{
    "LATENCY": {
        "Latency": 1000
    },
    "HLS": {
        "LUT": 2050,
        "FF": 2198,
        "DSP": 6,
        "BRAM": 0,
        "URAM": 0,
        "CP": 7.139
    },
    "SYN": {
        "LUT": 776,
        "FF": 1327,
        "DSP": 10,
        "BRAM": 0,
        "URAM": 0,
        "SRL": 4,
        "CP": 6.546
    },
    "IMPL": {
        "LUT": 770,
        "FF": 1327,
        "DSP": 10,
        "BRAM": 0,
        "URAM": 0,
        "SRL": 4,
        "CP": 6.496,
        "PWR": 0.261
    }
}