{
    "LATENCY": {
        "Latency": 1000
    },
    "HLS": {
        "LUT": 2411,
        "FF": 578,
        "DSP": 0,
        "BRAM": 0,
        "URAM": 0,
        "CP": 6.9
    },
    "SYN": {
        "LUT": 447,
        "FF": 572,
        "DSP": 0,
        "BRAM": 0,
        "URAM": 0,
        "SRL": 0,
        "CP": 3.99
    },
    "IMPL": {
        "LUT": 446,
        "FF": 572,
        "DSP": 0,
        "BRAM": 0,
        "URAM": 0,
        "SRL": 0,
        "CP": 5.569,
        "PWR": 0.248
    }
}