{
    "LATENCY": {
        "Latency": 1000
    },
    "HLS": {
        "LUT": 6263,
        "FF": 2335,
        "DSP": 6,
        "BRAM": 0,
        "URAM": 0,
        "CP": 7.139
    },
    "SYN": {
        "LUT": 1006,
        "FF": 1430,
        "DSP": 10,
        "BRAM": 0,
        "URAM": 0,
        "SRL": 6,
        "CP": 6.546
    },
    "IMPL": {
        "LUT": 1002,
        "FF": 1430,
        "DSP": 10,
        "BRAM": 0,
        "URAM": 0,
        "SRL": 6,
        "CP": 6.496,
        "PWR": 0.262
    }
}