{
    "LATENCY": {
        "Latency": 1000
    },
    "HLS": {
        "LUT": 3383,
        "FF": 637,
        "DSP": 0,
        "BRAM": 0,
        "URAM": 0,
        "CP": 6.237
    },
    "SYN": {
        "LUT": 487,
        "FF": 629,
        "DSP": 0,
        "BRAM": 0,
        "URAM": 0,
        "SRL": 0,
        "CP": 3.251
    },
    "IMPL": {
        "LUT": 484,
        "FF": 629,
        "DSP": 0,
        "BRAM": 0,
        "URAM": 0,
        "SRL": 0,
        "CP": 4.98,
        "PWR": 0.249
    }
}