{
    "LATENCY": {
        "Latency": 1000
    },
    "HLS": {
        "LUT": 8386,
        "FF": 1202,
        "DSP": 0,
        "BRAM": 0,
        "URAM": 0,
        "CP": 6.539
    },
    "SYN": {
        "LUT": 1008,
        "FF": 1066,
        "DSP": 0,
        "BRAM": 0,
        "URAM": 0,
        "SRL": 0,
        "CP": 3.241
    },
    "IMPL": {
        "LUT": 1004,
        "FF": 1066,
        "DSP": 0,
        "BRAM": 0,
        "URAM": 0,
        "SRL": 0,
        "CP": 4.867,
        "PWR": 0.25
    }
}