{
    "LATENCY": {
        "Latency": 1000
    },
    "HLS": {
        "LUT": 3537,
        "FF": 935,
        "DSP": 0,
        "BRAM": 0,
        "URAM": 0,
        "CP": 6.904
    },
    "SYN": {
        "LUT": 632,
        "FF": 745,
        "DSP": 0,
        "BRAM": 0,
        "URAM": 0,
        "SRL": 0,
        "CP": 2.523
    },
    "IMPL": {
        "LUT": 628,
        "FF": 745,
        "DSP": 0,
        "BRAM": 0,
        "URAM": 0,
        "SRL": 0,
        "CP": 3.942,
        "PWR": 0.251
    }
}