{
    "LATENCY": {
        "Latency": 1000
    },
    "HLS": {
        "LUT": 3963,
        "FF": 940,
        "DSP": 0,
        "BRAM": 0,
        "URAM": 0,
        "CP": 6.237
    },
    "SYN": {
        "LUT": 759,
        "FF": 918,
        "DSP": 0,
        "BRAM": 0,
        "URAM": 0,
        "SRL": 0,
        "CP": 2.768
    },
    "IMPL": {
        "LUT": 756,
        "FF": 918,
        "DSP": 0,
        "BRAM": 0,
        "URAM": 0,
        "SRL": 0,
        "CP": 6.087,
        "PWR": 0.253
    }
}