{
    "LATENCY": {
        "Latency": 1000
    },
    "HLS": {
        "LUT": 4981,
        "FF": 1422,
        "DSP": 0,
        "BRAM": 0,
        "URAM": 0,
        "CP": 6.237
    },
    "SYN": {
        "LUT": 751,
        "FF": 1285,
        "DSP": 0,
        "BRAM": 0,
        "URAM": 0,
        "SRL": 0,
        "CP": 4.412
    },
    "IMPL": {
        "LUT": 747,
        "FF": 1285,
        "DSP": 0,
        "BRAM": 0,
        "URAM": 0,
        "SRL": 0,
        "CP": 5.542,
        "PWR": 0.25
    }
}