{
    "LATENCY": {
        "Latency": 1000
    },
    "HLS": {
        "LUT": 3164,
        "FF": 2061,
        "DSP": 9,
        "BRAM": 0,
        "URAM": 0,
        "CP": 7.139
    },
    "SYN": {
        "LUT": 743,
        "FF": 1134,
        "DSP": 10,
        "BRAM": 0,
        "URAM": 0,
        "SRL": 5,
        "CP": 6.546
    },
    "IMPL": {
        "LUT": 740,
        "FF": 1134,
        "DSP": 10,
        "BRAM": 0,
        "URAM": 0,
        "SRL": 5,
        "CP": 6.496,
        "PWR": 0.26
    }
}