{
    "LATENCY": {
        "Latency": 1000
    },
    "HLS": {
        "LUT": 3594,
        "FF": 702,
        "DSP": 0,
        "BRAM": 0,
        "URAM": 0,
        "CP": 6.539
    },
    "SYN": {
        "LUT": 500,
        "FF": 637,
        "DSP": 0,
        "BRAM": 0,
        "URAM": 0,
        "SRL": 0,
        "CP": 3.245
    },
    "IMPL": {
        "LUT": 496,
        "FF": 637,
        "DSP": 0,
        "BRAM": 0,
        "URAM": 0,
        "SRL": 0,
        "CP": 4.701,
        "PWR": 0.249
    }
}