{
    "LATENCY": {
        "Latency": 1000
    },
    "HLS": {
        "LUT": 5474,
        "FF": 1239,
        "DSP": 0,
        "BRAM": 0,
        "URAM": 0,
        "CP": 6.9
    },
    "SYN": {
        "LUT": 1122,
        "FF": 1196,
        "DSP": 0,
        "BRAM": 0,
        "URAM": 0,
        "SRL": 0,
        "CP": 3.389
    },
    "IMPL": {
        "LUT": 1113,
        "FF": 1196,
        "DSP": 0,
        "BRAM": 0,
        "URAM": 0,
        "SRL": 0,
        "CP": 6.039,
        "PWR": 0.253
    }
}