{
    "LATENCY": {
        "Latency": 1000
    },
    "HLS": {
        "LUT": 1945,
        "FF": 697,
        "DSP": 0,
        "BRAM": 0,
        "URAM": 0,
        "CP": 6.822
    },
    "SYN": {
        "LUT": 492,
        "FF": 685,
        "DSP": 0,
        "BRAM": 0,
        "URAM": 0,
        "SRL": 0,
        "CP": 2.65
    },
    "IMPL": {
        "LUT": 488,
        "FF": 685,
        "DSP": 0,
        "BRAM": 0,
        "URAM": 0,
        "SRL": 0,
        "CP": 3.802,
        "PWR": 0.251
    }
}