{
    "LATENCY": {
        "Latency": 1000
    },
    "HLS": {
        "LUT": 4463,
        "FF": 1693,
        "DSP": 0,
        "BRAM": 0,
        "URAM": 0,
        "CP": 6.9
    },
    "SYN": {
        "LUT": 988,
        "FF": 1688,
        "DSP": 0,
        "BRAM": 0,
        "URAM": 0,
        "SRL": 0,
        "CP": 3.592
    },
    "IMPL": {
        "LUT": 975,
        "FF": 1688,
        "DSP": 0,
        "BRAM": 0,
        "URAM": 0,
        "SRL": 0,
        "CP": 5.498,
        "PWR": 0.254
    }
}