{
    "LATENCY": {
        "best_latency": 525457,
        "worst_latency": 525457,
        "average_latency": 525457,
        "best_time_latency": "5.255 ms",
        "worst_time_latency": "5.255 ms",
        "average_time_latency": "5.255 ms",
        "min_interval": 525458,
        "max_interval": 525458,
        "Latency": 525457
    },
    "HLS": {
        "LUT": 15320,
        "FF": 1399,
        "DSP": 0,
        "BRAM": 0,
        "URAM": 0,
        "CP": 6.978
    },
    "IMPL": {
        "LUT": 1700,
        "FF": 1202,
        "DSP": 0,
        "BRAM": 0,
        "CP": 5.381,
        "PWR": 0.262
    }
}