{
    "LATENCY": {
        "best_latency": 242905,
        "worst_latency": 251097,
        "average_latency": 247001,
        "best_time_latency": "2.429 ms",
        "worst_time_latency": "2.511 ms",
        "average_time_latency": "2.470 ms",
        "min_interval": 242906,
        "max_interval": 251098,
        "Latency": 247001
    },
    "HLS": {
        "LUT": 31668,
        "FF": 4861,
        "DSP": 0,
        "BRAM": 0,
        "URAM": 0,
        "CP": 7.266
    },
    "IMPL": {
        "LUT": 5073,
        "FF": 4493,
        "DSP": 0,
        "BRAM": 0,
        "CP": 4.842,
        "PWR": 0.275
    }
}