{
    "LATENCY": {
        "best_latency": 421201,
        "worst_latency": 421217,
        "average_latency": 421217,
        "best_time_latency": "4.212 ms",
        "worst_time_latency": "4.212 ms",
        "average_time_latency": "4.212 ms",
        "min_interval": 421202,
        "max_interval": 421218,
        "Latency": 421217
    },
    "HLS": {
        "LUT": 34031,
        "FF": 4274,
        "DSP": 0,
        "BRAM": 0,
        "URAM": 0,
        "CP": 6.978
    },
    "IMPL": {
        "LUT": 6760,
        "FF": 3031,
        "DSP": 0,
        "BRAM": 0,
        "CP": 6.337,
        "PWR": 0.274
    }
}