{
    "LATENCY": {
        "best_latency": 206129,
        "worst_latency": 238897,
        "average_latency": 222529,
        "best_time_latency": "2.061 ms",
        "worst_time_latency": "2.389 ms",
        "average_time_latency": "2.225 ms",
        "min_interval": 206130,
        "max_interval": 238898,
        "Latency": 222529
    },
    "HLS": {
        "LUT": 5095,
        "FF": 1289,
        "DSP": 0,
        "BRAM": 0,
        "URAM": 0,
        "CP": 6.916
    },
    "IMPL": {
        "LUT": 1337,
        "FF": 1010,
        "DSP": 0,
        "BRAM": 0,
        "CP": 3.444,
        "PWR": 0.259
    }
}