{
    "LATENCY": {
        "best_latency": 328865,
        "worst_latency": 337057,
        "average_latency": 332961,
        "best_time_latency": "3.289 ms",
        "worst_time_latency": "3.371 ms",
        "average_time_latency": "3.330 ms",
        "min_interval": 328866,
        "max_interval": 337058,
        "Latency": 332961
    },
    "HLS": {
        "LUT": 9962,
        "FF": 2988,
        "DSP": 0,
        "BRAM": 0,
        "URAM": 0,
        "CP": 7.266
    },
    "IMPL": {
        "LUT": 2638,
        "FF": 2453,
        "DSP": 0,
        "BRAM": 0,
        "CP": 4.739,
        "PWR": 0.256
    }
}