{
    "LATENCY": {
        "best_latency": 300513,
        "worst_latency": 300513,
        "average_latency": 300513,
        "best_time_latency": "3.005 ms",
        "worst_time_latency": "3.005 ms",
        "average_time_latency": "3.005 ms",
        "min_interval": 300514,
        "max_interval": 300514,
        "Latency": 300513
    },
    "HLS": {
        "LUT": 16954,
        "FF": 3578,
        "DSP": 0,
        "BRAM": 0,
        "URAM": 0,
        "CP": 7.266
    },
    "IMPL": {
        "LUT": 3856,
        "FF": 3263,
        "DSP": 0,
        "BRAM": 0,
        "CP": 4.708,
        "PWR": 0.263
    }
}