{
    "LATENCY": {
        "best_latency": 184721,
        "worst_latency": 184737,
        "average_latency": 184737,
        "best_time_latency": "1.847 ms",
        "worst_time_latency": "1.847 ms",
        "average_time_latency": "1.847 ms",
        "min_interval": 184722,
        "max_interval": 184738,
        "Latency": 184737
    },
    "HLS": {
        "LUT": 7964,
        "FF": 2756,
        "DSP": 0,
        "BRAM": 0,
        "URAM": 0,
        "CP": 6.89
    },
    "IMPL": {
        "LUT": 2446,
        "FF": 2406,
        "DSP": 0,
        "BRAM": 0,
        "CP": 4.431,
        "PWR": 0.258
    }
}