{
    "LATENCY": {
        "best_latency": 319657,
        "worst_latency": 319657,
        "average_latency": 319657,
        "best_time_latency": "3.197 ms",
        "worst_time_latency": "3.197 ms",
        "average_time_latency": "3.197 ms",
        "min_interval": 319658,
        "max_interval": 319658,
        "Latency": 319657
    },
    "HLS": {
        "LUT": 3022,
        "FF": 952,
        "DSP": 0,
        "BRAM": 0,
        "URAM": 0,
        "CP": 6.89
    },
    "IMPL": {
        "LUT": 1142,
        "FF": 729,
        "DSP": 0,
        "BRAM": 0,
        "CP": 4.047,
        "PWR": 0.258
    }
}