{
    "LATENCY": {
        "best_latency": 272705,
        "worst_latency": 313665,
        "average_latency": 293185,
        "best_time_latency": "2.727 ms",
        "worst_time_latency": "3.137 ms",
        "average_time_latency": "2.932 ms",
        "min_interval": 272706,
        "max_interval": 313666,
        "Latency": 293185
    },
    "HLS": {
        "LUT": 10526,
        "FF": 4775,
        "DSP": 0,
        "BRAM": 0,
        "URAM": 0,
        "CP": 6.886
    },
    "IMPL": {
        "LUT": 4075,
        "FF": 4391,
        "DSP": 0,
        "BRAM": 0,
        "CP": 5.648,
        "PWR": 0.264
    }
}