{
    "LATENCY": {
        "best_latency": 330073,
        "worst_latency": 330073,
        "average_latency": 330073,
        "best_time_latency": "3.301 ms",
        "worst_time_latency": "3.301 ms",
        "average_time_latency": "3.301 ms",
        "min_interval": 330074,
        "max_interval": 330074,
        "Latency": 330073
    },
    "HLS": {
        "LUT": 21405,
        "FF": 3156,
        "DSP": 0,
        "BRAM": 0,
        "URAM": 0,
        "CP": 7.266
    },
    "IMPL": {
        "LUT": 3279,
        "FF": 2771,
        "DSP": 0,
        "BRAM": 0,
        "CP": 4.961,
        "PWR": 0.272
    }
}