{
    "LATENCY": {
        "best_latency": 256353,
        "worst_latency": 256369,
        "average_latency": 256369,
        "best_time_latency": "2.564 ms",
        "worst_time_latency": "2.564 ms",
        "average_time_latency": "2.564 ms",
        "min_interval": 256354,
        "max_interval": 256370,
        "Latency": 256369
    },
    "HLS": {
        "LUT": 4719,
        "FF": 917,
        "DSP": 0,
        "BRAM": 0,
        "URAM": 0,
        "CP": 6.89
    },
    "IMPL": {
        "LUT": 1153,
        "FF": 776,
        "DSP": 0,
        "BRAM": 0,
        "CP": 3.947,
        "PWR": 0.255
    }
}