{
    "LATENCY": {
        "best_latency": 217393,
        "worst_latency": 250161,
        "average_latency": 233777,
        "best_time_latency": "2.174 ms",
        "worst_time_latency": "2.502 ms",
        "average_time_latency": "2.338 ms",
        "min_interval": 217394,
        "max_interval": 250162,
        "Latency": 233777
    },
    "HLS": {
        "LUT": 7737,
        "FF": 2287,
        "DSP": 0,
        "BRAM": 0,
        "URAM": 0,
        "CP": 7.266
    },
    "IMPL": {
        "LUT": 2362,
        "FF": 1893,
        "DSP": 0,
        "BRAM": 0,
        "CP": 4.381,
        "PWR": 0.258
    }
}