{
    "LATENCY": {
        "best_latency": 344801,
        "worst_latency": 361185,
        "average_latency": 352993,
        "best_time_latency": "3.448 ms",
        "worst_time_latency": "3.612 ms",
        "average_time_latency": "3.530 ms",
        "min_interval": 344802,
        "max_interval": 361186,
        "Latency": 352993
    },
    "HLS": {
        "LUT": 76321,
        "FF": 9305,
        "DSP": 0,
        "BRAM": 0,
        "URAM": 0,
        "CP": 6.886
    },
    "IMPL": {
        "LUT": 9864,
        "FF": 9073,
        "DSP": 0,
        "BRAM": 0,
        "CP": 6.133,
        "PWR": 0.308
    }
}