{
    "LATENCY": {
        "best_latency": 292113,
        "worst_latency": 292113,
        "average_latency": 292113,
        "best_time_latency": "2.921 ms",
        "worst_time_latency": "2.921 ms",
        "average_time_latency": "2.921 ms",
        "min_interval": 292114,
        "max_interval": 292114,
        "Latency": 292113
    },
    "HLS": {
        "LUT": 5921,
        "FF": 2259,
        "DSP": 0,
        "BRAM": 0,
        "URAM": 0,
        "CP": 7.266
    },
    "IMPL": {
        "LUT": 2115,
        "FF": 1916,
        "DSP": 0,
        "BRAM": 0,
        "CP": 3.62,
        "PWR": 0.253
    }
}