{
    "LATENCY": {
        "best_latency": 306449,
        "worst_latency": 339233,
        "average_latency": 322849,
        "best_time_latency": "3.064 ms",
        "worst_time_latency": "3.392 ms",
        "average_time_latency": "3.228 ms",
        "min_interval": 306450,
        "max_interval": 339234,
        "Latency": 322849
    },
    "HLS": {
        "LUT": 11678,
        "FF": 1263,
        "DSP": 0,
        "BRAM": 0,
        "URAM": 0,
        "CP": 7.266
    },
    "IMPL": {
        "LUT": 1525,
        "FF": 1133,
        "DSP": 0,
        "BRAM": 0,
        "CP": 3.578,
        "PWR": 0.259
    }
}