{
    "LATENCY": {
        "best_latency": 518705,
        "worst_latency": 518705,
        "average_latency": 518705,
        "best_time_latency": "5.187 ms",
        "worst_time_latency": "5.187 ms",
        "average_time_latency": "5.187 ms",
        "min_interval": 518706,
        "max_interval": 518706,
        "Latency": 518705
    },
    "HLS": {
        "LUT": 20745,
        "FF": 2705,
        "DSP": 0,
        "BRAM": 0,
        "URAM": 0,
        "CP": 6.978
    },
    "IMPL": {
        "LUT": 3965,
        "FF": 2080,
        "DSP": 0,
        "BRAM": 0,
        "CP": 5.683,
        "PWR": 0.271
    }
}