{
    "LATENCY": {
        "best_latency": 213329,
        "worst_latency": 246081,
        "average_latency": 229713,
        "best_time_latency": "2.133 ms",
        "worst_time_latency": "2.461 ms",
        "average_time_latency": "2.297 ms",
        "min_interval": 213330,
        "max_interval": 246082,
        "Latency": 229713
    },
    "HLS": {
        "LUT": 5928,
        "FF": 2028,
        "DSP": 0,
        "BRAM": 0,
        "URAM": 0,
        "CP": 6.916
    },
    "IMPL": {
        "LUT": 1582,
        "FF": 1655,
        "DSP": 0,
        "BRAM": 0,
        "CP": 4.027,
        "PWR": 0.254
    }
}