{
    "LATENCY": {
        "best_latency": 433369,
        "worst_latency": 433369,
        "average_latency": 433369,
        "best_time_latency": "4.334 ms",
        "worst_time_latency": "4.334 ms",
        "average_time_latency": "4.334 ms",
        "min_interval": 433370,
        "max_interval": 433370,
        "Latency": 433369
    },
    "HLS": {
        "LUT": 11317,
        "FF": 1577,
        "DSP": 0,
        "BRAM": 0,
        "URAM": 0,
        "CP": 7.178
    },
    "IMPL": {
        "LUT": 1842,
        "FF": 1308,
        "DSP": 0,
        "BRAM": 0,
        "CP": 5.138,
        "PWR": 0.269
    }
}