{
    "LATENCY": {
        "best_latency": 481553,
        "worst_latency": 481553,
        "average_latency": 481553,
        "best_time_latency": "4.816 ms",
        "worst_time_latency": "4.816 ms",
        "average_time_latency": "4.816 ms",
        "min_interval": 481554,
        "max_interval": 481554,
        "Latency": 481553
    },
    "HLS": {
        "LUT": 12059,
        "FF": 1769,
        "DSP": 0,
        "BRAM": 0,
        "URAM": 0,
        "CP": 6.886
    },
    "IMPL": {
        "LUT": 1877,
        "FF": 1522,
        "DSP": 0,
        "BRAM": 0,
        "CP": 4.835,
        "PWR": 0.258
    }
}