{
    "LATENCY": {
        "best_latency": 336177,
        "worst_latency": 336177,
        "average_latency": 336177,
        "best_time_latency": "3.362 ms",
        "worst_time_latency": "3.362 ms",
        "average_time_latency": "3.362 ms",
        "min_interval": 336178,
        "max_interval": 336178,
        "Latency": 336177
    },
    "HLS": {
        "LUT": 4337,
        "FF": 1270,
        "DSP": 0,
        "BRAM": 0,
        "URAM": 0,
        "CP": 7.266
    },
    "IMPL": {
        "LUT": 1113,
        "FF": 1158,
        "DSP": 0,
        "BRAM": 0,
        "CP": 3.882,
        "PWR": 0.25
    }
}