{
    "LATENCY": {
        "best_latency": 333065,
        "worst_latency": 333065,
        "average_latency": 333065,
        "best_time_latency": "3.331 ms",
        "worst_time_latency": "3.331 ms",
        "average_time_latency": "3.331 ms",
        "min_interval": 333066,
        "max_interval": 333066,
        "Latency": 333065
    },
    "HLS": {
        "LUT": 15394,
        "FF": 2839,
        "DSP": 0,
        "BRAM": 0,
        "URAM": 0,
        "CP": 6.978
    },
    "IMPL": {
        "LUT": 2327,
        "FF": 2025,
        "DSP": 0,
        "BRAM": 0,
        "CP": 3.854,
        "PWR": 0.274
    }
}