{
    "LATENCY": {
        "best_latency": 448865,
        "worst_latency": 448865,
        "average_latency": 448865,
        "best_time_latency": "4.489 ms",
        "worst_time_latency": "4.489 ms",
        "average_time_latency": "4.489 ms",
        "min_interval": 448866,
        "max_interval": 448866,
        "Latency": 448865
    },
    "HLS": {
        "LUT": 12105,
        "FF": 2102,
        "DSP": 0,
        "BRAM": 0,
        "URAM": 0,
        "CP": 7.266
    },
    "IMPL": {
        "LUT": 1905,
        "FF": 1687,
        "DSP": 0,
        "BRAM": 0,
        "CP": 4.769,
        "PWR": 0.254
    }
}