{
    "LATENCY": {
        "best_latency": 329041,
        "worst_latency": 361809,
        "average_latency": 345425,
        "best_time_latency": "3.290 ms",
        "worst_time_latency": "3.618 ms",
        "average_time_latency": "3.454 ms",
        "min_interval": 329042,
        "max_interval": 361810,
        "Latency": 345425
    },
    "HLS": {
        "LUT": 5715,
        "FF": 1632,
        "DSP": 0,
        "BRAM": 0,
        "URAM": 0,
        "CP": 6.89
    },
    "IMPL": {
        "LUT": 1574,
        "FF": 1351,
        "DSP": 0,
        "BRAM": 0,
        "CP": 4.23,
        "PWR": 0.257
    }
}