{
    "LATENCY": {
        "best_latency": 229745,
        "worst_latency": 229777,
        "average_latency": 229777,
        "best_time_latency": "2.297 ms",
        "worst_time_latency": "2.298 ms",
        "average_time_latency": "2.298 ms",
        "min_interval": 229746,
        "max_interval": 229778,
        "Latency": 229777
    },
    "HLS": {
        "LUT": 8416,
        "FF": 1849,
        "DSP": 0,
        "BRAM": 0,
        "URAM": 0,
        "CP": 6.89
    },
    "IMPL": {
        "LUT": 1725,
        "FF": 1488,
        "DSP": 0,
        "BRAM": 0,
        "CP": 4.344,
        "PWR": 0.256
    }
}