{
    "LATENCY": {
        "best_latency": 250529,
        "worst_latency": 250529,
        "average_latency": 250529,
        "best_time_latency": "2.505 ms",
        "worst_time_latency": "2.505 ms",
        "average_time_latency": "2.505 ms",
        "min_interval": 250530,
        "max_interval": 250530,
        "Latency": 250529
    },
    "HLS": {
        "LUT": 10703,
        "FF": 1875,
        "DSP": 0,
        "BRAM": 0,
        "URAM": 0,
        "CP": 6.978
    },
    "IMPL": {
        "LUT": 2102,
        "FF": 1458,
        "DSP": 0,
        "BRAM": 0,
        "CP": 4.575,
        "PWR": 0.256
    }
}