{
    "LATENCY": {
        "best_latency": 254257,
        "worst_latency": 254257,
        "average_latency": 254257,
        "best_time_latency": "2.543 ms",
        "worst_time_latency": "2.543 ms",
        "average_time_latency": "2.543 ms",
        "min_interval": 254258,
        "max_interval": 254258,
        "Latency": 254257
    },
    "HLS": {
        "LUT": 2899,
        "FF": 888,
        "DSP": 0,
        "BRAM": 0,
        "URAM": 0,
        "CP": 6.916
    },
    "IMPL": {
        "LUT": 938,
        "FF": 725,
        "DSP": 0,
        "BRAM": 0,
        "CP": 3.392,
        "PWR": 0.258
    }
}