{
    "LATENCY": {
        "best_latency": 255217,
        "worst_latency": 287969,
        "average_latency": 271601,
        "best_time_latency": "2.552 ms",
        "worst_time_latency": "2.880 ms",
        "average_time_latency": "2.716 ms",
        "min_interval": 255218,
        "max_interval": 287970,
        "Latency": 271601
    },
    "HLS": {
        "LUT": 5005,
        "FF": 1132,
        "DSP": 0,
        "BRAM": 0,
        "URAM": 0,
        "CP": 6.916
    },
    "IMPL": {
        "LUT": 1043,
        "FF": 877,
        "DSP": 0,
        "BRAM": 0,
        "CP": 3.622,
        "PWR": 0.261
    }
}