{
    "LATENCY": {
        "best_latency": 303345,
        "worst_latency": 303345,
        "average_latency": 303345,
        "best_time_latency": "3.033 ms",
        "worst_time_latency": "3.033 ms",
        "average_time_latency": "3.033 ms",
        "min_interval": 303346,
        "max_interval": 303346,
        "Latency": 303345
    },
    "HLS": {
        "LUT": 3143,
        "FF": 823,
        "DSP": 0,
        "BRAM": 0,
        "URAM": 0,
        "CP": 6.89
    },
    "IMPL": {
        "LUT": 989,
        "FF": 700,
        "DSP": 0,
        "BRAM": 0,
        "CP": 3.302,
        "PWR": 0.258
    }
}