{
    "LATENCY": {
        "best_latency": 309505,
        "worst_latency": 309521,
        "average_latency": 309521,
        "best_time_latency": "3.095 ms",
        "worst_time_latency": "3.095 ms",
        "average_time_latency": "3.095 ms",
        "min_interval": 309506,
        "max_interval": 309522,
        "Latency": 309521
    },
    "HLS": {
        "LUT": 4542,
        "FF": 1040,
        "DSP": 0,
        "BRAM": 0,
        "URAM": 0,
        "CP": 6.89
    },
    "IMPL": {
        "LUT": 1239,
        "FF": 770,
        "DSP": 0,
        "BRAM": 0,
        "CP": 3.956,
        "PWR": 0.259
    }
}