{
    "LATENCY": {
        "best_latency": 238897,
        "worst_latency": 238913,
        "average_latency": 238913,
        "best_time_latency": "2.389 ms",
        "worst_time_latency": "2.389 ms",
        "average_time_latency": "2.389 ms",
        "min_interval": 238898,
        "max_interval": 238914,
        "Latency": 238913
    },
    "HLS": {
        "LUT": 8422,
        "FF": 1520,
        "DSP": 0,
        "BRAM": 0,
        "URAM": 0,
        "CP": 6.89
    },
    "IMPL": {
        "LUT": 1692,
        "FF": 1219,
        "DSP": 0,
        "BRAM": 0,
        "CP": 4.033,
        "PWR": 0.258
    }
}