{
    "LATENCY": {
        "best_latency": 244033,
        "worst_latency": 244049,
        "average_latency": 244049,
        "best_time_latency": "2.440 ms",
        "worst_time_latency": "2.440 ms",
        "average_time_latency": "2.440 ms",
        "min_interval": 244034,
        "max_interval": 244050,
        "Latency": 244049
    },
    "HLS": {
        "LUT": 7373,
        "FF": 1933,
        "DSP": 0,
        "BRAM": 0,
        "URAM": 0,
        "CP": 6.89
    },
    "IMPL": {
        "LUT": 1703,
        "FF": 1557,
        "DSP": 0,
        "BRAM": 0,
        "CP": 3.956,
        "PWR": 0.258
    }
}