{
    "LATENCY": {
        "best_latency": 393729,
        "worst_latency": 410113,
        "average_latency": 401921,
        "best_time_latency": "3.937 ms",
        "worst_time_latency": "4.101 ms",
        "average_time_latency": "4.019 ms",
        "min_interval": 393730,
        "max_interval": 410114,
        "Latency": 401921
    },
    "HLS": {
        "LUT": 46915,
        "FF": 6702,
        "DSP": 0,
        "BRAM": 0,
        "URAM": 0,
        "CP": 6.978
    },
    "IMPL": {
        "LUT": 5733,
        "FF": 4681,
        "DSP": 0,
        "BRAM": 0,
        "CP": 6.246,
        "PWR": 0.276
    }
}