{
    "LATENCY": {
        "best_latency": 395649,
        "worst_latency": 395649,
        "average_latency": 395649,
        "best_time_latency": "3.956 ms",
        "worst_time_latency": "3.956 ms",
        "average_time_latency": "3.956 ms",
        "min_interval": 395650,
        "max_interval": 395650,
        "Latency": 395649
    },
    "HLS": {
        "LUT": 35714,
        "FF": 4552,
        "DSP": 0,
        "BRAM": 0,
        "URAM": 0,
        "CP": 6.978
    },
    "IMPL": {
        "LUT": 5284,
        "FF": 3540,
        "DSP": 0,
        "BRAM": 0,
        "CP": 4.993,
        "PWR": 0.277
    }
}