{
    "LATENCY": {
        "best_latency": 322881,
        "worst_latency": 322897,
        "average_latency": 322897,
        "best_time_latency": "3.229 ms",
        "worst_time_latency": "3.229 ms",
        "average_time_latency": "3.229 ms",
        "min_interval": 322882,
        "max_interval": 322898,
        "Latency": 322897
    },
    "HLS": {
        "LUT": 12161,
        "FF": 1609,
        "DSP": 0,
        "BRAM": 0,
        "URAM": 0,
        "CP": 7.266
    },
    "IMPL": {
        "LUT": 2026,
        "FF": 1331,
        "DSP": 0,
        "BRAM": 0,
        "CP": 3.755,
        "PWR": 0.257
    }
}