{
    "LATENCY": {
        "best_latency": 365825,
        "worst_latency": 374017,
        "average_latency": 369921,
        "best_time_latency": "3.658 ms",
        "worst_time_latency": "3.740 ms",
        "average_time_latency": "3.699 ms",
        "min_interval": 365826,
        "max_interval": 374018,
        "Latency": 369921
    },
    "HLS": {
        "LUT": 5838,
        "FF": 1351,
        "DSP": 0,
        "BRAM": 0,
        "URAM": 0,
        "CP": 7.266
    },
    "IMPL": {
        "LUT": 1402,
        "FF": 1094,
        "DSP": 0,
        "BRAM": 0,
        "CP": 4.345,
        "PWR": 0.253
    }
}