{
    "LATENCY": {
        "best_latency": 10171,
        "worst_latency": 10171,
        "average_latency": 10171,
        "best_time_latency": "0.102 ms",
        "worst_time_latency": "0.102 ms",
        "average_time_latency": "0.102 ms",
        "min_interval": 10172,
        "max_interval": 10172,
        "Latency": 10171
    },
    "HLS": {
        "LUT": 43844,
        "FF": 52450,
        "DSP": 60,
        "BRAM": 0,
        "URAM": 0,
        "CP": 7.619
    },
    "IMPL": {
        "LUT": 20286,
        "FF": 16056,
        "DSP": 80,
        "BRAM": 0,
        "CP": 8.589,
        "PWR": 0.578
    }
}