{
    "LATENCY": {
        "best_latency": 12606,
        "worst_latency": 12606,
        "average_latency": 12606,
        "best_time_latency": "0.126 ms",
        "worst_time_latency": "0.126 ms",
        "average_time_latency": "0.126 ms",
        "min_interval": 12607,
        "max_interval": 12607,
        "Latency": 12606
    },
    "HLS": {
        "LUT": 8412,
        "FF": 5557,
        "DSP": 3,
        "BRAM": 0,
        "URAM": 0,
        "CP": 7.619
    },
    "IMPL": {
        "LUT": 6148,
        "FF": 5002,
        "DSP": 3,
        "BRAM": 0,
        "CP": 8.362,
        "PWR": 0.277
    }
}