{
    "LATENCY": {
        "best_latency": 26225,
        "worst_latency": 26225,
        "average_latency": 26225,
        "best_time_latency": "0.262 ms",
        "worst_time_latency": "0.262 ms",
        "average_time_latency": "0.262 ms",
        "min_interval": 26226,
        "max_interval": 26226,
        "Latency": 26225
    },
    "HLS": {
        "LUT": 24946,
        "FF": 26905,
        "DSP": 33,
        "BRAM": 0,
        "URAM": 0,
        "CP": 7.095
    },
    "IMPL": {
        "LUT": 11815,
        "FF": 8805,
        "DSP": 43,
        "BRAM": 0,
        "CP": 8.428,
        "PWR": 0.477
    }
}