{
    "LATENCY": {
        "best_latency": 10136,
        "worst_latency": 10136,
        "average_latency": 10136,
        "best_time_latency": "0.101 ms",
        "worst_time_latency": "0.101 ms",
        "average_time_latency": "0.101 ms",
        "min_interval": 10137,
        "max_interval": 10137,
        "Latency": 10136
    },
    "HLS": {
        "LUT": 8392,
        "FF": 5302,
        "DSP": 0,
        "BRAM": 0,
        "URAM": 0,
        "CP": 7.619
    },
    "IMPL": {
        "LUT": 5448,
        "FF": 4702,
        "DSP": 0,
        "BRAM": 0,
        "CP": 8.529,
        "PWR": 0.291
    }
}