{
    "LATENCY": {
        "best_latency": 10171,
        "worst_latency": 10171,
        "average_latency": 10171,
        "best_time_latency": "0.102 ms",
        "worst_time_latency": "0.102 ms",
        "average_time_latency": "0.102 ms",
        "min_interval": 10172,
        "max_interval": 10172,
        "Latency": 10171
    },
    "HLS": {
        "LUT": 68099,
        "FF": 62031,
        "DSP": 80,
        "BRAM": 0,
        "URAM": 0,
        "CP": 7.619
    },
    "IMPL": {
        "LUT": 21926,
        "FF": 17180,
        "DSP": 99,
        "BRAM": 0,
        "CP": 8.482,
        "PWR": 0.588
    }
}