{
    "LATENCY": {
        "best_latency": 38286,
        "worst_latency": 38286,
        "average_latency": 38286,
        "best_time_latency": "0.383 ms",
        "worst_time_latency": "0.383 ms",
        "average_time_latency": "0.383 ms",
        "min_interval": 38287,
        "max_interval": 38287,
        "Latency": 38286
    },
    "HLS": {
        "LUT": 9921,
        "FF": 2316,
        "DSP": 0,
        "BRAM": 0,
        "URAM": 0,
        "CP": 6.589
    },
    "IMPL": {
        "LUT": 5866,
        "FF": 2082,
        "DSP": 0,
        "BRAM": 0,
        "CP": 7.596,
        "PWR": 0.369
    }
}