{
    "LATENCY": {
        "best_latency": 12641,
        "worst_latency": 12641,
        "average_latency": 12641,
        "best_time_latency": "0.126 ms",
        "worst_time_latency": "0.126 ms",
        "average_time_latency": "0.126 ms",
        "min_interval": 12642,
        "max_interval": 12642,
        "Latency": 12641
    },
    "HLS": {
        "LUT": 44185,
        "FF": 52654,
        "DSP": 63,
        "BRAM": 0,
        "URAM": 0,
        "CP": 7.619
    },
    "IMPL": {
        "LUT": 19690,
        "FF": 16991,
        "DSP": 83,
        "BRAM": 0,
        "CP": 8.335,
        "PWR": 0.582
    }
}