{
    "LATENCY": {
        "best_latency": 21285,
        "worst_latency": 21285,
        "average_latency": 21285,
        "best_time_latency": "0.213 ms",
        "worst_time_latency": "0.213 ms",
        "average_time_latency": "0.213 ms",
        "min_interval": 21286,
        "max_interval": 21286,
        "Latency": 21285
    },
    "HLS": {
        "LUT": 26616,
        "FF": 27036,
        "DSP": 30,
        "BRAM": 0,
        "URAM": 0,
        "CP": 7.095
    },
    "IMPL": {
        "LUT": 12208,
        "FF": 9581,
        "DSP": 40,
        "BRAM": 0,
        "CP": 8.415,
        "PWR": 0.499
    }
}