{
    "LATENCY": {
        "best_latency": 42485,
        "worst_latency": 42485,
        "average_latency": 42485,
        "best_time_latency": "0.425 ms",
        "worst_time_latency": "0.425 ms",
        "average_time_latency": "0.425 ms",
        "min_interval": 42486,
        "max_interval": 42486,
        "Latency": 42485
    },
    "HLS": {
        "LUT": 4543,
        "FF": 3716,
        "DSP": 14,
        "BRAM": 0,
        "URAM": 0,
        "CP": 7.135
    },
    "IMPL": {
        "LUT": 1293,
        "FF": 1549,
        "DSP": 14,
        "BRAM": 0,
        "CP": 7.095,
        "PWR": 0.259
    }
}