{
    "LATENCY": {
        "best_latency": 41003,
        "worst_latency": 41003,
        "average_latency": 41003,
        "best_time_latency": "0.410 ms",
        "worst_time_latency": "0.410 ms",
        "average_time_latency": "0.410 ms",
        "min_interval": 41004,
        "max_interval": 41004,
        "Latency": 41003
    },
    "HLS": {
        "LUT": 3269,
        "FF": 1658,
        "DSP": 20,
        "BRAM": 0,
        "URAM": 0,
        "CP": 6.504
    },
    "IMPL": {
        "LUT": 1300,
        "FF": 1528,
        "DSP": 20,
        "BRAM": 0,
        "CP": 7.025,
        "PWR": 0.305
    }
}