{
    "LATENCY": {
        "best_latency": 41003,
        "worst_latency": 41003,
        "average_latency": 41003,
        "best_time_latency": "0.410 ms",
        "worst_time_latency": "0.410 ms",
        "average_time_latency": "0.410 ms",
        "min_interval": 41004,
        "max_interval": 41004,
        "Latency": 41003
    },
    "HLS": {
        "LUT": 3029,
        "FF": 1189,
        "DSP": 10,
        "BRAM": 0,
        "URAM": 0,
        "CP": 6.504
    },
    "IMPL": {
        "LUT": 1019,
        "FF": 1079,
        "DSP": 10,
        "BRAM": 0,
        "CP": 6.513,
        "PWR": 0.287
    }
}