{
    "LATENCY": {
        "best_latency": 21737,
        "worst_latency": 21737,
        "average_latency": 21737,
        "best_time_latency": "0.217 ms",
        "worst_time_latency": "0.217 ms",
        "average_time_latency": "0.217 ms",
        "min_interval": 21738,
        "max_interval": 21738,
        "Latency": 21737
    },
    "HLS": {
        "LUT": 1411,
        "FF": 1115,
        "DSP": 10,
        "BRAM": 0,
        "URAM": 0,
        "CP": 7.135
    },
    "IMPL": {
        "LUT": 929,
        "FF": 932,
        "DSP": 10,
        "BRAM": 0,
        "CP": 6.924,
        "PWR": 0.277
    }
}