{
    "LATENCY": {
        "best_latency": 2577,
        "worst_latency": 2577,
        "average_latency": 2577,
        "best_time_latency": "25.770 us",
        "worst_time_latency": "25.770 us",
        "average_time_latency": "25.770 us",
        "min_interval": 2578,
        "max_interval": 2578,
        "Latency": 2577
    },
    "HLS": {
        "LUT": 41580,
        "FF": 47322,
        "DSP": 68,
        "BRAM": 0,
        "URAM": 0,
        "CP": 7.139
    },
    "IMPL": {
        "LUT": 16163,
        "FF": 15080,
        "DSP": 84,
        "BRAM": 0,
        "CP": 8.435,
        "PWR": 0.535
    }
}