{
    "LATENCY": {
        "best_latency": 2564,
        "worst_latency": 2564,
        "average_latency": 2564,
        "best_time_latency": "25.640 us",
        "worst_time_latency": "25.640 us",
        "average_time_latency": "25.640 us",
        "min_interval": 2565,
        "max_interval": 2565,
        "Latency": 2564
    },
    "HLS": {
        "LUT": 11669,
        "FF": 10222,
        "DSP": 56,
        "BRAM": 0,
        "URAM": 0,
        "CP": 7.036
    },
    "IMPL": {
        "LUT": 3738,
        "FF": 5672,
        "DSP": 66,
        "BRAM": 0,
        "CP": 8.297,
        "PWR": 0.305
    }
}