{
    "LATENCY": {
        "best_latency": 85463,
        "worst_latency": 85463,
        "average_latency": 85463,
        "best_time_latency": "0.855 ms",
        "worst_time_latency": "0.855 ms",
        "average_time_latency": "0.855 ms",
        "min_interval": 85464,
        "max_interval": 85464,
        "Latency": 85463
    },
    "HLS": {
        "LUT": 3267,
        "FF": 1616,
        "DSP": 15,
        "BRAM": 0,
        "URAM": 0,
        "CP": 6.504
    },
    "IMPL": {
        "LUT": 1083,
        "FF": 1296,
        "DSP": 15,
        "BRAM": 0,
        "CP": 6.261,
        "PWR": 0.285
    }
}