{
    "LATENCY": {
        "best_latency": 60763,
        "worst_latency": 60763,
        "average_latency": 60763,
        "best_time_latency": "0.608 ms",
        "worst_time_latency": "0.608 ms",
        "average_time_latency": "0.608 ms",
        "min_interval": 60764,
        "max_interval": 60764,
        "Latency": 60763
    },
    "HLS": {
        "LUT": 1214,
        "FF": 947,
        "DSP": 10,
        "BRAM": 0,
        "URAM": 0,
        "CP": 6.504
    },
    "IMPL": {
        "LUT": 816,
        "FF": 775,
        "DSP": 10,
        "BRAM": 0,
        "CP": 6.703,
        "PWR": 0.297
    }
}