{
    "LATENCY": {
        "best_latency": 25689,
        "worst_latency": 25689,
        "average_latency": 25689,
        "best_time_latency": "0.257 ms",
        "worst_time_latency": "0.257 ms",
        "average_time_latency": "0.257 ms",
        "min_interval": 25690,
        "max_interval": 25690,
        "Latency": 25689
    },
    "HLS": {
        "LUT": 1801,
        "FF": 1917,
        "DSP": 10,
        "BRAM": 0,
        "URAM": 0,
        "CP": 7.135
    },
    "IMPL": {
        "LUT": 1496,
        "FF": 1838,
        "DSP": 10,
        "BRAM": 0,
        "CP": 6.941,
        "PWR": 0.281
    }
}