{
    "LATENCY": {
        "best_latency": 2574,
        "worst_latency": 2574,
        "average_latency": 2574,
        "best_time_latency": "25.740 us",
        "worst_time_latency": "25.740 us",
        "average_time_latency": "25.740 us",
        "min_interval": 2575,
        "max_interval": 2575,
        "Latency": 2574
    },
    "HLS": {
        "LUT": 55395,
        "FF": 66958,
        "DSP": 86,
        "BRAM": 0,
        "URAM": 0,
        "CP": 7.095
    },
    "IMPL": {
        "LUT": 25019,
        "FF": 21420,
        "DSP": 105,
        "BRAM": 0,
        "CP": 8.927,
        "PWR": 0.659
    }
}