{
    "LATENCY": {
        "best_latency": 20298,
        "worst_latency": 20298,
        "average_latency": 20298,
        "best_time_latency": "0.203 ms",
        "worst_time_latency": "0.203 ms",
        "average_time_latency": "0.203 ms",
        "min_interval": 20299,
        "max_interval": 20299,
        "Latency": 20298
    },
    "HLS": {
        "LUT": 21567,
        "FF": 26481,
        "DSP": 40,
        "BRAM": 0,
        "URAM": 0,
        "CP": 7.01
    },
    "IMPL": {
        "LUT": 8393,
        "FF": 8801,
        "DSP": 50,
        "BRAM": 0,
        "CP": 7.566,
        "PWR": 0.446
    }
}