{
    "LATENCY": {
        "best_latency": 2524,
        "worst_latency": 2524,
        "average_latency": 2524,
        "best_time_latency": "25.240 us",
        "worst_time_latency": "25.240 us",
        "average_time_latency": "25.240 us",
        "min_interval": 2525,
        "max_interval": 2525,
        "Latency": 2524
    },
    "HLS": {
        "LUT": 3929,
        "FF": 6241,
        "DSP": 26,
        "BRAM": 0,
        "URAM": 0,
        "CP": 7.01
    },
    "IMPL": {
        "LUT": 3924,
        "FF": 6077,
        "DSP": 26,
        "BRAM": 0,
        "CP": 7.202,
        "PWR": 0.342
    }
}