{
    "LATENCY": {
        "best_latency": 2549,
        "worst_latency": 2549,
        "average_latency": 2549,
        "best_time_latency": "25.490 us",
        "worst_time_latency": "25.490 us",
        "average_time_latency": "25.490 us",
        "min_interval": 2550,
        "max_interval": 2550,
        "Latency": 2549
    },
    "HLS": {
        "LUT": 26406,
        "FF": 28670,
        "DSP": 30,
        "BRAM": 0,
        "URAM": 0,
        "CP": 7.121
    },
    "IMPL": {
        "LUT": 13443,
        "FF": 10451,
        "DSP": 40,
        "BRAM": 0,
        "CP": 9.356,
        "PWR": 0.476
    }
}