{
    "LATENCY": {
        "best_latency": 34087,
        "worst_latency": 34087,
        "average_latency": 34087,
        "best_time_latency": "0.341 ms",
        "worst_time_latency": "0.341 ms",
        "average_time_latency": "0.341 ms",
        "min_interval": 34088,
        "max_interval": 34088,
        "Latency": 34087
    },
    "HLS": {
        "LUT": 2430,
        "FF": 2225,
        "DSP": 12,
        "BRAM": 0,
        "URAM": 0,
        "CP": 7.135
    },
    "IMPL": {
        "LUT": 927,
        "FF": 1211,
        "DSP": 12,
        "BRAM": 0,
        "CP": 6.978,
        "PWR": 0.261
    }
}