{
    "LATENCY": {
        "best_latency": 26677,
        "worst_latency": 26677,
        "average_latency": 26677,
        "best_time_latency": "0.267 ms",
        "worst_time_latency": "0.267 ms",
        "average_time_latency": "0.267 ms",
        "min_interval": 26678,
        "max_interval": 26678,
        "Latency": 26677
    },
    "HLS": {
        "LUT": 1458,
        "FF": 1305,
        "DSP": 10,
        "BRAM": 0,
        "URAM": 0,
        "CP": 7.135
    },
    "IMPL": {
        "LUT": 1037,
        "FF": 1214,
        "DSP": 10,
        "BRAM": 0,
        "CP": 7.019,
        "PWR": 0.275
    }
}