{
    "LATENCY": {
        "best_latency": 228723,
        "worst_latency": 228723,
        "average_latency": 228723,
        "best_time_latency": "2.287 ms",
        "worst_time_latency": "2.287 ms",
        "average_time_latency": "2.287 ms",
        "min_interval": 228724,
        "max_interval": 228724,
        "Latency": 228723
    },
    "HLS": {
        "LUT": 7327,
        "FF": 1898,
        "DSP": 3,
        "BRAM": 0,
        "URAM": 0,
        "CP": 6.974
    },
    "IMPL": {
        "LUT": 3664,
        "FF": 1531,
        "DSP": 4,
        "BRAM": 0,
        "CP": 7.097,
        "PWR": 0.319
    }
}