{
    "LATENCY": {
        "best_latency": 29641,
        "worst_latency": 29641,
        "average_latency": 29641,
        "best_time_latency": "0.296 ms",
        "worst_time_latency": "0.296 ms",
        "average_time_latency": "0.296 ms",
        "min_interval": 29642,
        "max_interval": 29642,
        "Latency": 29641
    },
    "HLS": {
        "LUT": 2268,
        "FF": 1794,
        "DSP": 11,
        "BRAM": 0,
        "URAM": 0,
        "CP": 7.135
    },
    "IMPL": {
        "LUT": 1082,
        "FF": 1091,
        "DSP": 11,
        "BRAM": 0,
        "CP": 6.792,
        "PWR": 0.275
    }
}