{
    "LATENCY": {
        "best_latency": 45449,
        "worst_latency": 45449,
        "average_latency": 45449,
        "best_time_latency": "0.454 ms",
        "worst_time_latency": "0.454 ms",
        "average_time_latency": "0.454 ms",
        "min_interval": 45450,
        "max_interval": 45450,
        "Latency": 45449
    },
    "HLS": {
        "LUT": 1636,
        "FF": 1480,
        "DSP": 13,
        "BRAM": 0,
        "URAM": 0,
        "CP": 6.504
    },
    "IMPL": {
        "LUT": 1100,
        "FF": 1323,
        "DSP": 13,
        "BRAM": 0,
        "CP": 7.085,
        "PWR": 0.315
    }
}