{
    "LATENCY": {
        "best_latency": 29147,
        "worst_latency": 29147,
        "average_latency": 29147,
        "best_time_latency": "0.291 ms",
        "worst_time_latency": "0.291 ms",
        "average_time_latency": "0.291 ms",
        "min_interval": 29148,
        "max_interval": 29148,
        "Latency": 29147
    },
    "HLS": {
        "LUT": 2238,
        "FF": 1716,
        "DSP": 11,
        "BRAM": 0,
        "URAM": 0,
        "CP": 7.135
    },
    "IMPL": {
        "LUT": 1043,
        "FF": 1053,
        "DSP": 11,
        "BRAM": 0,
        "CP": 6.639,
        "PWR": 0.274
    }
}