{
    "LATENCY": {
        "best_latency": 22231,
        "worst_latency": 22231,
        "average_latency": 22231,
        "best_time_latency": "0.222 ms",
        "worst_time_latency": "0.222 ms",
        "average_time_latency": "0.222 ms",
        "min_interval": 22232,
        "max_interval": 22232,
        "Latency": 22231
    },
    "HLS": {
        "LUT": 1451,
        "FF": 1326,
        "DSP": 10,
        "BRAM": 0,
        "URAM": 0,
        "CP": 7.135
    },
    "IMPL": {
        "LUT": 986,
        "FF": 1005,
        "DSP": 10,
        "BRAM": 0,
        "CP": 6.941,
        "PWR": 0.272
    }
}