{
    "LATENCY": {
        "best_latency": 35569,
        "worst_latency": 35569,
        "average_latency": 35569,
        "best_time_latency": "0.356 ms",
        "worst_time_latency": "0.356 ms",
        "average_time_latency": "0.356 ms",
        "min_interval": 35570,
        "max_interval": 35570,
        "Latency": 35569
    },
    "HLS": {
        "LUT": 2639,
        "FF": 2090,
        "DSP": 14,
        "BRAM": 0,
        "URAM": 0,
        "CP": 6.709
    },
    "IMPL": {
        "LUT": 1157,
        "FF": 1222,
        "DSP": 14,
        "BRAM": 0,
        "CP": 6.729,
        "PWR": 0.282
    }
}