{
    "LATENCY": {
        "best_latency": 41003,
        "worst_latency": 41003,
        "average_latency": 41003,
        "best_time_latency": "0.410 ms",
        "worst_time_latency": "0.410 ms",
        "average_time_latency": "0.410 ms",
        "min_interval": 41004,
        "max_interval": 41004,
        "Latency": 41003
    },
    "HLS": {
        "LUT": 1376,
        "FF": 1061,
        "DSP": 10,
        "BRAM": 0,
        "URAM": 0,
        "CP": 6.504
    },
    "IMPL": {
        "LUT": 810,
        "FF": 906,
        "DSP": 10,
        "BRAM": 0,
        "CP": 6.943,
        "PWR": 0.292
    }
}