{
    "LATENCY": {
        "best_latency": 2545,
        "worst_latency": 2545,
        "average_latency": 2545,
        "best_time_latency": "25.450 us",
        "worst_time_latency": "25.450 us",
        "average_time_latency": "25.450 us",
        "min_interval": 2546,
        "max_interval": 2546,
        "Latency": 2545
    },
    "HLS": {
        "LUT": 7217,
        "FF": 9770,
        "DSP": 36,
        "BRAM": 0,
        "URAM": 0,
        "CP": 7.036
    },
    "IMPL": {
        "LUT": 3086,
        "FF": 4823,
        "DSP": 36,
        "BRAM": 0,
        "CP": 7.651,
        "PWR": 0.298
    }
}