{
    "LATENCY": {
        "best_latency": 124983,
        "worst_latency": 124983,
        "average_latency": 124983,
        "best_time_latency": "1.250 ms",
        "worst_time_latency": "1.250 ms",
        "average_time_latency": "1.250 ms",
        "min_interval": 124984,
        "max_interval": 124984,
        "Latency": 124983
    },
    "HLS": {
        "LUT": 4322,
        "FF": 2374,
        "DSP": 18,
        "BRAM": 0,
        "URAM": 0,
        "CP": 6.74
    },
    "IMPL": {
        "LUT": 1420,
        "FF": 1692,
        "DSP": 20,
        "BRAM": 0,
        "CP": 7.381,
        "PWR": 0.288
    }
}