{
    "LATENCY": {
        "best_latency": 20263,
        "worst_latency": 20263,
        "average_latency": 20263,
        "best_time_latency": "0.203 ms",
        "worst_time_latency": "0.203 ms",
        "average_time_latency": "0.203 ms",
        "min_interval": 20264,
        "max_interval": 20264,
        "Latency": 20263
    },
    "HLS": {
        "LUT": 3909,
        "FF": 2635,
        "DSP": 10,
        "BRAM": 0,
        "URAM": 0,
        "CP": 7.01
    },
    "IMPL": {
        "LUT": 1752,
        "FF": 2472,
        "DSP": 10,
        "BRAM": 0,
        "CP": 7.156,
        "PWR": 0.27
    }
}