{
    "LATENCY": {
        "best_latency": 2529,
        "worst_latency": 2529,
        "average_latency": 2529,
        "best_time_latency": "25.290 us",
        "worst_time_latency": "25.290 us",
        "average_time_latency": "25.290 us",
        "min_interval": 2530,
        "max_interval": 2530,
        "Latency": 2529
    },
    "HLS": {
        "LUT": 13946,
        "FF": 10204,
        "DSP": 10,
        "BRAM": 0,
        "URAM": 0,
        "CP": 7.121
    },
    "IMPL": {
        "LUT": 7462,
        "FF": 5435,
        "DSP": 10,
        "BRAM": 0,
        "CP": 8.479,
        "PWR": 0.307
    }
}