{
    "LATENCY": {
        "best_latency": 2559,
        "worst_latency": 2559,
        "average_latency": 2559,
        "best_time_latency": "25.590 us",
        "worst_time_latency": "25.590 us",
        "average_time_latency": "25.590 us",
        "min_interval": 2560,
        "max_interval": 2560,
        "Latency": 2559
    },
    "HLS": {
        "LUT": 39967,
        "FF": 55971,
        "DSP": 86,
        "BRAM": 0,
        "URAM": 0,
        "CP": 7.01
    },
    "IMPL": {
        "LUT": 16901,
        "FF": 20105,
        "DSP": 105,
        "BRAM": 0,
        "CP": 8.804,
        "PWR": 0.555
    }
}