{
    "LATENCY": {
        "best_latency": 2543,
        "worst_latency": 2543,
        "average_latency": 2543,
        "best_time_latency": "25.430 us",
        "worst_time_latency": "25.430 us",
        "average_time_latency": "25.430 us",
        "min_interval": 2544,
        "max_interval": 2544,
        "Latency": 2543
    },
    "HLS": {
        "LUT": 12201,
        "FF": 10817,
        "DSP": 16,
        "BRAM": 0,
        "URAM": 0,
        "CP": 7.121
    },
    "IMPL": {
        "LUT": 8117,
        "FF": 5792,
        "DSP": 16,
        "BRAM": 0,
        "CP": 8.489,
        "PWR": 0.32
    }
}