{
    "LATENCY": {
        "best_latency": 164256,
        "worst_latency": 164256,
        "average_latency": 164256,
        "best_time_latency": "1.643 ms",
        "worst_time_latency": "1.643 ms",
        "average_time_latency": "1.643 ms",
        "min_interval": 164257,
        "max_interval": 164257,
        "Latency": 164256
    },
    "HLS": {
        "LUT": 7915,
        "FF": 4350,
        "DSP": 28,
        "BRAM": 0,
        "URAM": 0,
        "CP": 6.754
    },
    "IMPL": {
        "LUT": 2053,
        "FF": 2544,
        "DSP": 32,
        "BRAM": 0,
        "CP": 7.631,
        "PWR": 0.332
    }
}