{
    "LATENCY": {
        "best_latency": 33593,
        "worst_latency": 33593,
        "average_latency": 33593,
        "best_time_latency": "0.336 ms",
        "worst_time_latency": "0.336 ms",
        "average_time_latency": "0.336 ms",
        "min_interval": 33594,
        "max_interval": 33594,
        "Latency": 33593
    },
    "HLS": {
        "LUT": 3055,
        "FF": 2338,
        "DSP": 12,
        "BRAM": 0,
        "URAM": 0,
        "CP": 7.135
    },
    "IMPL": {
        "LUT": 1168,
        "FF": 1381,
        "DSP": 12,
        "BRAM": 0,
        "CP": 6.894,
        "PWR": 0.261
    }
}