{
    "LATENCY": {
        "best_latency": 36804,
        "worst_latency": 36804,
        "average_latency": 36804,
        "best_time_latency": "0.368 ms",
        "worst_time_latency": "0.368 ms",
        "average_time_latency": "0.368 ms",
        "min_interval": 36805,
        "max_interval": 36805,
        "Latency": 36804
    },
    "HLS": {
        "LUT": 7040,
        "FF": 4935,
        "DSP": 16,
        "BRAM": 0,
        "URAM": 0,
        "CP": 7.135
    },
    "IMPL": {
        "LUT": 2120,
        "FF": 2733,
        "DSP": 16,
        "BRAM": 0,
        "CP": 7.224,
        "PWR": 0.292
    }
}