{
    "LATENCY": {
        "best_latency": 328017,
        "worst_latency": 328017,
        "average_latency": 328017,
        "best_time_latency": "3.280 ms",
        "worst_time_latency": "3.280 ms",
        "average_time_latency": "3.280 ms",
        "min_interval": 328018,
        "max_interval": 328018,
        "Latency": 328017
    },
    "HLS": {
        "LUT": 15241,
        "FF": 2484,
        "DSP": 0,
        "BRAM": 0,
        "URAM": 0,
        "CP": 6.89
    },
    "IMPL": {
        "LUT": 2174,
        "FF": 2363,
        "DSP": 0,
        "BRAM": 0,
        "CP": 4.538,
        "PWR": 0.256
    }
}