{
    "LATENCY": {
        "best_latency": 286929,
        "worst_latency": 286929,
        "average_latency": 286929,
        "best_time_latency": "2.869 ms",
        "worst_time_latency": "2.869 ms",
        "average_time_latency": "2.869 ms",
        "min_interval": 286930,
        "max_interval": 286930,
        "Latency": 286929
    },
    "HLS": {
        "LUT": 4596,
        "FF": 2119,
        "DSP": 0,
        "BRAM": 0,
        "URAM": 0,
        "CP": 7.266
    },
    "IMPL": {
        "LUT": 1866,
        "FF": 1883,
        "DSP": 0,
        "BRAM": 0,
        "CP": 4.557,
        "PWR": 0.256
    }
}