{
    "LATENCY": {
        "best_latency": 532713,
        "worst_latency": 549097,
        "average_latency": 540905,
        "best_time_latency": "5.327 ms",
        "worst_time_latency": "5.491 ms",
        "average_time_latency": "5.409 ms",
        "min_interval": 532714,
        "max_interval": 549098,
        "Latency": 540905
    },
    "HLS": {
        "LUT": 26788,
        "FF": 3104,
        "DSP": 0,
        "BRAM": 0,
        "URAM": 0,
        "CP": 6.978
    },
    "IMPL": {
        "LUT": 3299,
        "FF": 2665,
        "DSP": 0,
        "BRAM": 0,
        "CP": 5.445,
        "PWR": 0.268
    }
}