{
    "LATENCY": {
        "best_latency": 395481,
        "worst_latency": 395513,
        "average_latency": 395513,
        "best_time_latency": "3.955 ms",
        "worst_time_latency": "3.955 ms",
        "average_time_latency": "3.955 ms",
        "min_interval": 395482,
        "max_interval": 395514,
        "Latency": 395513
    },
    "HLS": {
        "LUT": 90939,
        "FF": 7235,
        "DSP": 0,
        "BRAM": 0,
        "URAM": 0,
        "CP": 6.966
    },
    "IMPL": {
        "LUT": 8686,
        "FF": 6994,
        "DSP": 0,
        "BRAM": 0,
        "CP": 5.825,
        "PWR": 0.29
    }
}