{
    "LATENCY": {
        "best_latency": 278705,
        "worst_latency": 278705,
        "average_latency": 278705,
        "best_time_latency": "2.787 ms",
        "worst_time_latency": "2.787 ms",
        "average_time_latency": "2.787 ms",
        "min_interval": 278706,
        "max_interval": 278706,
        "Latency": 278705
    },
    "HLS": {
        "LUT": 1715,
        "FF": 404,
        "DSP": 0,
        "BRAM": 0,
        "URAM": 0,
        "CP": 6.663
    },
    "IMPL": {
        "LUT": 489,
        "FF": 330,
        "DSP": 0,
        "BRAM": 0,
        "CP": 3.922,
        "PWR": 0.247
    }
}