{
    "LATENCY": {
        "best_latency": 213265,
        "worst_latency": 213265,
        "average_latency": 213265,
        "best_time_latency": "2.133 ms",
        "worst_time_latency": "2.133 ms",
        "average_time_latency": "2.133 ms",
        "min_interval": 213266,
        "max_interval": 213266,
        "Latency": 213265
    },
    "HLS": {
        "LUT": 3561,
        "FF": 1972,
        "DSP": 0,
        "BRAM": 0,
        "URAM": 0,
        "CP": 6.916
    },
    "IMPL": {
        "LUT": 1569,
        "FF": 1768,
        "DSP": 0,
        "BRAM": 0,
        "CP": 3.973,
        "PWR": 0.25
    }
}