{
    "LATENCY": {
        "best_latency": 258225,
        "worst_latency": 258225,
        "average_latency": 258225,
        "best_time_latency": "2.582 ms",
        "worst_time_latency": "2.582 ms",
        "average_time_latency": "2.582 ms",
        "min_interval": 258226,
        "max_interval": 258226,
        "Latency": 258225
    },
    "HLS": {
        "LUT": 4447,
        "FF": 1745,
        "DSP": 0,
        "BRAM": 0,
        "URAM": 0,
        "CP": 7.266
    },
    "IMPL": {
        "LUT": 1836,
        "FF": 1555,
        "DSP": 0,
        "BRAM": 0,
        "CP": 3.8,
        "PWR": 0.258
    }
}