{
    "LATENCY": {
        "best_latency": 239921,
        "worst_latency": 239921,
        "average_latency": 239921,
        "best_time_latency": "2.399 ms",
        "worst_time_latency": "2.399 ms",
        "average_time_latency": "2.399 ms",
        "min_interval": 239922,
        "max_interval": 239922,
        "Latency": 239921
    },
    "HLS": {
        "LUT": 6655,
        "FF": 1627,
        "DSP": 0,
        "BRAM": 0,
        "URAM": 0,
        "CP": 6.89
    },
    "IMPL": {
        "LUT": 1824,
        "FF": 1506,
        "DSP": 0,
        "BRAM": 0,
        "CP": 4.73,
        "PWR": 0.253
    }
}