{
    "LATENCY": {
        "best_latency": 362681,
        "worst_latency": 444601,
        "average_latency": 403641,
        "best_time_latency": "3.627 ms",
        "worst_time_latency": "4.446 ms",
        "average_time_latency": "4.036 ms",
        "min_interval": 362682,
        "max_interval": 444602,
        "Latency": 403641
    },
    "HLS": {
        "LUT": 8534,
        "FF": 1147,
        "DSP": 0,
        "BRAM": 0,
        "URAM": 0,
        "CP": 7.266
    },
    "IMPL": {
        "LUT": 1377,
        "FF": 1072,
        "DSP": 0,
        "BRAM": 0,
        "CP": 3.89,
        "PWR": 0.267
    }
}