{
    "LATENCY": {
        "best_latency": 278737,
        "worst_latency": 278737,
        "average_latency": 278737,
        "best_time_latency": "2.787 ms",
        "worst_time_latency": "2.787 ms",
        "average_time_latency": "2.787 ms",
        "min_interval": 278738,
        "max_interval": 278738,
        "Latency": 278737
    },
    "HLS": {
        "LUT": 2993,
        "FF": 620,
        "DSP": 0,
        "BRAM": 0,
        "URAM": 0,
        "CP": 6.89
    },
    "IMPL": {
        "LUT": 687,
        "FF": 498,
        "DSP": 0,
        "BRAM": 0,
        "CP": 4.104,
        "PWR": 0.254
    }
}