{
    "LATENCY": {
        "best_latency": 254265,
        "worst_latency": 254265,
        "average_latency": 254265,
        "best_time_latency": "2.543 ms",
        "worst_time_latency": "2.543 ms",
        "average_time_latency": "2.543 ms",
        "min_interval": 254266,
        "max_interval": 254266,
        "Latency": 254265
    },
    "HLS": {
        "LUT": 7491,
        "FF": 3778,
        "DSP": 0,
        "BRAM": 0,
        "URAM": 0,
        "CP": 6.916
    },
    "IMPL": {
        "LUT": 2683,
        "FF": 3100,
        "DSP": 0,
        "BRAM": 0,
        "CP": 4.529,
        "PWR": 0.261
    }
}