{
    "LATENCY": {
        "best_latency": 231665,
        "worst_latency": 231665,
        "average_latency": 231665,
        "best_time_latency": "2.317 ms",
        "worst_time_latency": "2.317 ms",
        "average_time_latency": "2.317 ms",
        "min_interval": 231666,
        "max_interval": 231666,
        "Latency": 231665
    },
    "HLS": {
        "LUT": 3250,
        "FF": 853,
        "DSP": 0,
        "BRAM": 0,
        "URAM": 0,
        "CP": 7.266
    },
    "IMPL": {
        "LUT": 1060,
        "FF": 675,
        "DSP": 0,
        "BRAM": 0,
        "CP": 3.69,
        "PWR": 0.262
    }
}