{
    "LATENCY": {
        "best_latency": 325841,
        "worst_latency": 325841,
        "average_latency": 325841,
        "best_time_latency": "3.258 ms",
        "worst_time_latency": "3.258 ms",
        "average_time_latency": "3.258 ms",
        "min_interval": 325842,
        "max_interval": 325842,
        "Latency": 325841
    },
    "HLS": {
        "LUT": 3894,
        "FF": 1101,
        "DSP": 0,
        "BRAM": 0,
        "URAM": 0,
        "CP": 7.266
    },
    "IMPL": {
        "LUT": 1164,
        "FF": 973,
        "DSP": 0,
        "BRAM": 0,
        "CP": 3.298,
        "PWR": 0.257
    }
}