{
    "LATENCY": {
        "best_latency": 348497,
        "worst_latency": 364897,
        "average_latency": 356705,
        "best_time_latency": "3.485 ms",
        "worst_time_latency": "3.649 ms",
        "average_time_latency": "3.567 ms",
        "min_interval": 348498,
        "max_interval": 364898,
        "Latency": 356705
    },
    "HLS": {
        "LUT": 5566,
        "FF": 1544,
        "DSP": 0,
        "BRAM": 0,
        "URAM": 0,
        "CP": 6.89
    },
    "IMPL": {
        "LUT": 1437,
        "FF": 1087,
        "DSP": 0,
        "BRAM": 0,
        "CP": 3.564,
        "PWR": 0.26
    }
}