{
    "LATENCY": {
        "best_latency": 309457,
        "worst_latency": 309457,
        "average_latency": 309457,
        "best_time_latency": "3.095 ms",
        "worst_time_latency": "3.095 ms",
        "average_time_latency": "3.095 ms",
        "min_interval": 309458,
        "max_interval": 309458,
        "Latency": 309457
    },
    "HLS": {
        "LUT": 3038,
        "FF": 825,
        "DSP": 0,
        "BRAM": 0,
        "URAM": 0,
        "CP": 7.266
    },
    "IMPL": {
        "LUT": 963,
        "FF": 739,
        "DSP": 0,
        "BRAM": 0,
        "CP": 3.213,
        "PWR": 0.254
    }
}