{
    "LATENCY": {
        "best_latency": 268561,
        "worst_latency": 268561,
        "average_latency": 268561,
        "best_time_latency": "2.686 ms",
        "worst_time_latency": "2.686 ms",
        "average_time_latency": "2.686 ms",
        "min_interval": 268562,
        "max_interval": 268562,
        "Latency": 268561
    },
    "HLS": {
        "LUT": 87604,
        "FF": 9245,
        "DSP": 0,
        "BRAM": 0,
        "URAM": 0,
        "CP": 6.886
    },
    "IMPL": {
        "LUT": 8699,
        "FF": 8461,
        "DSP": 0,
        "BRAM": 0,
        "CP": 6.939,
        "PWR": 0.284
    }
}