{
    "LATENCY": {
        "best_latency": 348433,
        "worst_latency": 348433,
        "average_latency": 348433,
        "best_time_latency": "3.484 ms",
        "worst_time_latency": "3.484 ms",
        "average_time_latency": "3.484 ms",
        "min_interval": 348434,
        "max_interval": 348434,
        "Latency": 348433
    },
    "HLS": {
        "LUT": 3468,
        "FF": 1107,
        "DSP": 0,
        "BRAM": 0,
        "URAM": 0,
        "CP": 6.89
    },
    "IMPL": {
        "LUT": 1143,
        "FF": 746,
        "DSP": 0,
        "BRAM": 0,
        "CP": 3.592,
        "PWR": 0.259
    }
}