{
    "LATENCY": {
        "best_latency": 352865,
        "worst_latency": 352865,
        "average_latency": 352865,
        "best_time_latency": "3.529 ms",
        "worst_time_latency": "3.529 ms",
        "average_time_latency": "3.529 ms",
        "min_interval": 352866,
        "max_interval": 352866,
        "Latency": 352865
    },
    "HLS": {
        "LUT": 4788,
        "FF": 1351,
        "DSP": 0,
        "BRAM": 0,
        "URAM": 0,
        "CP": 7.266
    },
    "IMPL": {
        "LUT": 1503,
        "FF": 1034,
        "DSP": 0,
        "BRAM": 0,
        "CP": 3.957,
        "PWR": 0.252
    }
}