{
    "LATENCY": {
        "best_latency": 188721,
        "worst_latency": 188721,
        "average_latency": 188721,
        "best_time_latency": "1.887 ms",
        "worst_time_latency": "1.887 ms",
        "average_time_latency": "1.887 ms",
        "min_interval": 188722,
        "max_interval": 188722,
        "Latency": 188721
    },
    "HLS": {
        "LUT": 2844,
        "FF": 1491,
        "DSP": 0,
        "BRAM": 0,
        "URAM": 0,
        "CP": 6.916
    },
    "IMPL": {
        "LUT": 1235,
        "FF": 1284,
        "DSP": 0,
        "BRAM": 0,
        "CP": 4.032,
        "PWR": 0.253
    }
}