{
    "LATENCY": {
        "best_latency": 316593,
        "worst_latency": 316609,
        "average_latency": 316609,
        "best_time_latency": "3.166 ms",
        "worst_time_latency": "3.166 ms",
        "average_time_latency": "3.166 ms",
        "min_interval": 316594,
        "max_interval": 316610,
        "Latency": 316609
    },
    "HLS": {
        "LUT": 8940,
        "FF": 1408,
        "DSP": 0,
        "BRAM": 0,
        "URAM": 0,
        "CP": 6.978
    },
    "IMPL": {
        "LUT": 1447,
        "FF": 1212,
        "DSP": 0,
        "BRAM": 0,
        "CP": 3.593,
        "PWR": 0.259
    }
}