{
    "LATENCY": {
        "best_latency": 308401,
        "worst_latency": 308417,
        "average_latency": 308417,
        "best_time_latency": "3.084 ms",
        "worst_time_latency": "3.084 ms",
        "average_time_latency": "3.084 ms",
        "min_interval": 308402,
        "max_interval": 308418,
        "Latency": 308417
    },
    "HLS": {
        "LUT": 5331,
        "FF": 1091,
        "DSP": 0,
        "BRAM": 0,
        "URAM": 0,
        "CP": 6.89
    },
    "IMPL": {
        "LUT": 1392,
        "FF": 1004,
        "DSP": 0,
        "BRAM": 0,
        "CP": 3.352,
        "PWR": 0.263
    }
}