{
    "LATENCY": {
        "best_latency": 248017,
        "worst_latency": 248017,
        "average_latency": 248017,
        "best_time_latency": "2.480 ms",
        "worst_time_latency": "2.480 ms",
        "average_time_latency": "2.480 ms",
        "min_interval": 248018,
        "max_interval": 248018,
        "Latency": 248017
    },
    "HLS": {
        "LUT": 4158,
        "FF": 1171,
        "DSP": 0,
        "BRAM": 0,
        "URAM": 0,
        "CP": 6.89
    },
    "IMPL": {
        "LUT": 1216,
        "FF": 1008,
        "DSP": 0,
        "BRAM": 0,
        "CP": 3.47,
        "PWR": 0.255
    }
}