{
    "LATENCY": {
        "best_latency": 201121,
        "worst_latency": 201121,
        "average_latency": 201121,
        "best_time_latency": "2.011 ms",
        "worst_time_latency": "2.011 ms",
        "average_time_latency": "2.011 ms",
        "min_interval": 201122,
        "max_interval": 201122,
        "Latency": 201121
    },
    "HLS": {
        "LUT": 4742,
        "FF": 2141,
        "DSP": 0,
        "BRAM": 0,
        "URAM": 0,
        "CP": 6.89
    },
    "IMPL": {
        "LUT": 2366,
        "FF": 1878,
        "DSP": 0,
        "BRAM": 0,
        "CP": 4.992,
        "PWR": 0.255
    }
}