{
    "LATENCY": {
        "best_latency": 231649,
        "worst_latency": 231649,
        "average_latency": 231649,
        "best_time_latency": "2.316 ms",
        "worst_time_latency": "2.316 ms",
        "average_time_latency": "2.316 ms",
        "min_interval": 231650,
        "max_interval": 231650,
        "Latency": 231649
    },
    "HLS": {
        "LUT": 1884,
        "FF": 504,
        "DSP": 0,
        "BRAM": 0,
        "URAM": 0,
        "CP": 6.916
    },
    "IMPL": {
        "LUT": 591,
        "FF": 421,
        "DSP": 0,
        "BRAM": 0,
        "CP": 3.655,
        "PWR": 0.247
    }
}