{
    "LATENCY": {
        "best_latency": 342265,
        "worst_latency": 358649,
        "average_latency": 350465,
        "best_time_latency": "3.423 ms",
        "worst_time_latency": "3.586 ms",
        "average_time_latency": "3.505 ms",
        "min_interval": 342266,
        "max_interval": 358650,
        "Latency": 350465
    },
    "HLS": {
        "LUT": 19298,
        "FF": 5980,
        "DSP": 0,
        "BRAM": 0,
        "URAM": 0,
        "CP": 7.178
    },
    "IMPL": {
        "LUT": 4529,
        "FF": 5701,
        "DSP": 0,
        "BRAM": 0,
        "CP": 5.348,
        "PWR": 0.269
    }
}