{
    "LATENCY": {
        "best_latency": 305489,
        "worst_latency": 305489,
        "average_latency": 305489,
        "best_time_latency": "3.055 ms",
        "worst_time_latency": "3.055 ms",
        "average_time_latency": "3.055 ms",
        "min_interval": 305490,
        "max_interval": 305490,
        "Latency": 305489
    },
    "HLS": {
        "LUT": 9060,
        "FF": 1898,
        "DSP": 0,
        "BRAM": 0,
        "URAM": 0,
        "CP": 7.266
    },
    "IMPL": {
        "LUT": 2218,
        "FF": 1687,
        "DSP": 0,
        "BRAM": 0,
        "CP": 4.13,
        "PWR": 0.249
    }
}