{
    "LATENCY": {
        "best_latency": 284913,
        "worst_latency": 284913,
        "average_latency": 284913,
        "best_time_latency": "2.849 ms",
        "worst_time_latency": "2.849 ms",
        "average_time_latency": "2.849 ms",
        "min_interval": 284914,
        "max_interval": 284914,
        "Latency": 284913
    },
    "HLS": {
        "LUT": 3578,
        "FF": 1152,
        "DSP": 0,
        "BRAM": 0,
        "URAM": 0,
        "CP": 7.266
    },
    "IMPL": {
        "LUT": 1097,
        "FF": 849,
        "DSP": 0,
        "BRAM": 0,
        "CP": 3.475,
        "PWR": 0.259
    }
}