{
    "LATENCY": {
        "best_latency": 313937,
        "worst_latency": 313937,
        "average_latency": 313937,
        "best_time_latency": "3.139 ms",
        "worst_time_latency": "3.139 ms",
        "average_time_latency": "3.139 ms",
        "min_interval": 313938,
        "max_interval": 313938,
        "Latency": 313937
    },
    "HLS": {
        "LUT": 4399,
        "FF": 1136,
        "DSP": 0,
        "BRAM": 0,
        "URAM": 0,
        "CP": 7.266
    },
    "IMPL": {
        "LUT": 1236,
        "FF": 928,
        "DSP": 0,
        "BRAM": 0,
        "CP": 3.842,
        "PWR": 0.258
    }
}