{
    "LATENCY": {
        "best_latency": 260385,
        "worst_latency": 260385,
        "average_latency": 260385,
        "best_time_latency": "2.604 ms",
        "worst_time_latency": "2.604 ms",
        "average_time_latency": "2.604 ms",
        "min_interval": 260386,
        "max_interval": 260386,
        "Latency": 260385
    },
    "HLS": {
        "LUT": 4443,
        "FF": 1070,
        "DSP": 0,
        "BRAM": 0,
        "URAM": 0,
        "CP": 6.89
    },
    "IMPL": {
        "LUT": 1173,
        "FF": 713,
        "DSP": 0,
        "BRAM": 0,
        "CP": 3.928,
        "PWR": 0.257
    }
}