{
    "LATENCY": {
        "best_latency": 309457,
        "worst_latency": 309457,
        "average_latency": 309457,
        "best_time_latency": "3.095 ms",
        "worst_time_latency": "3.095 ms",
        "average_time_latency": "3.095 ms",
        "min_interval": 309458,
        "max_interval": 309458,
        "Latency": 309457
    },
    "HLS": {
        "LUT": 4260,
        "FF": 1050,
        "DSP": 0,
        "BRAM": 0,
        "URAM": 0,
        "CP": 6.89
    },
    "IMPL": {
        "LUT": 1046,
        "FF": 738,
        "DSP": 0,
        "BRAM": 0,
        "CP": 4.012,
        "PWR": 0.257
    }
}