{
    "LATENCY": {
        "best_latency": 280753,
        "worst_latency": 280753,
        "average_latency": 280753,
        "best_time_latency": "2.808 ms",
        "worst_time_latency": "2.808 ms",
        "average_time_latency": "2.808 ms",
        "min_interval": 280754,
        "max_interval": 280754,
        "Latency": 280753
    },
    "HLS": {
        "LUT": 2420,
        "FF": 665,
        "DSP": 0,
        "BRAM": 0,
        "URAM": 0,
        "CP": 6.89
    },
    "IMPL": {
        "LUT": 735,
        "FF": 542,
        "DSP": 0,
        "BRAM": 0,
        "CP": 3.499,
        "PWR": 0.25
    }
}