{
    "LATENCY": {
        "best_latency": 310505,
        "worst_latency": 310505,
        "average_latency": 310505,
        "best_time_latency": "3.105 ms",
        "worst_time_latency": "3.105 ms",
        "average_time_latency": "3.105 ms",
        "min_interval": 310506,
        "max_interval": 310506,
        "Latency": 310505
    },
    "HLS": {
        "LUT": 10172,
        "FF": 1930,
        "DSP": 0,
        "BRAM": 0,
        "URAM": 0,
        "CP": 6.89
    },
    "IMPL": {
        "LUT": 1667,
        "FF": 1335,
        "DSP": 0,
        "BRAM": 0,
        "CP": 4.101,
        "PWR": 0.268
    }
}