{
    "LATENCY": {
        "best_latency": 297153,
        "worst_latency": 297153,
        "average_latency": 297153,
        "best_time_latency": "2.972 ms",
        "worst_time_latency": "2.972 ms",
        "average_time_latency": "2.972 ms",
        "min_interval": 297154,
        "max_interval": 297154,
        "Latency": 297153
    },
    "HLS": {
        "LUT": 3731,
        "FF": 791,
        "DSP": 0,
        "BRAM": 0,
        "URAM": 0,
        "CP": 6.663
    },
    "IMPL": {
        "LUT": 847,
        "FF": 776,
        "DSP": 0,
        "BRAM": 0,
        "CP": 3.921,
        "PWR": 0.252
    }
}