{
    "LATENCY": {
        "best_latency": 347409,
        "worst_latency": 347409,
        "average_latency": 347409,
        "best_time_latency": "3.474 ms",
        "worst_time_latency": "3.474 ms",
        "average_time_latency": "3.474 ms",
        "min_interval": 347410,
        "max_interval": 347410,
        "Latency": 347409
    },
    "HLS": {
        "LUT": 11209,
        "FF": 1956,
        "DSP": 0,
        "BRAM": 0,
        "URAM": 0,
        "CP": 7.266
    },
    "IMPL": {
        "LUT": 1934,
        "FF": 1678,
        "DSP": 0,
        "BRAM": 0,
        "CP": 4.336,
        "PWR": 0.271
    }
}