{
    "LATENCY": {
        "best_latency": 221489,
        "worst_latency": 254241,
        "average_latency": 237873,
        "best_time_latency": "2.215 ms",
        "worst_time_latency": "2.542 ms",
        "average_time_latency": "2.379 ms",
        "min_interval": 221490,
        "max_interval": 254242,
        "Latency": 237873
    },
    "HLS": {
        "LUT": 4555,
        "FF": 865,
        "DSP": 0,
        "BRAM": 0,
        "URAM": 0,
        "CP": 7.266
    },
    "IMPL": {
        "LUT": 1052,
        "FF": 727,
        "DSP": 0,
        "BRAM": 0,
        "CP": 3.563,
        "PWR": 0.261
    }
}