{
    "LATENCY": {
        "best_latency": 284977,
        "worst_latency": 284977,
        "average_latency": 284977,
        "best_time_latency": "2.850 ms",
        "worst_time_latency": "2.850 ms",
        "average_time_latency": "2.850 ms",
        "min_interval": 284978,
        "max_interval": 284978,
        "Latency": 284977
    },
    "HLS": {
        "LUT": 3205,
        "FF": 913,
        "DSP": 0,
        "BRAM": 0,
        "URAM": 0,
        "CP": 7.266
    },
    "IMPL": {
        "LUT": 1019,
        "FF": 798,
        "DSP": 0,
        "BRAM": 0,
        "CP": 3.362,
        "PWR": 0.257
    }
}