{
    "LATENCY": {
        "best_latency": 256177,
        "worst_latency": 256177,
        "average_latency": 256177,
        "best_time_latency": "2.562 ms",
        "worst_time_latency": "2.562 ms",
        "average_time_latency": "2.562 ms",
        "min_interval": 256178,
        "max_interval": 256178,
        "Latency": 256177
    },
    "HLS": {
        "LUT": 2635,
        "FF": 819,
        "DSP": 0,
        "BRAM": 0,
        "URAM": 0,
        "CP": 6.916
    },
    "IMPL": {
        "LUT": 833,
        "FF": 659,
        "DSP": 0,
        "BRAM": 0,
        "CP": 3.397,
        "PWR": 0.255
    }
}