{
    "LATENCY": {
        "best_latency": 328993,
        "worst_latency": 328993,
        "average_latency": 328993,
        "best_time_latency": "3.290 ms",
        "worst_time_latency": "3.290 ms",
        "average_time_latency": "3.290 ms",
        "min_interval": 328994,
        "max_interval": 328994,
        "Latency": 328993
    },
    "HLS": {
        "LUT": 6474,
        "FF": 1128,
        "DSP": 0,
        "BRAM": 0,
        "URAM": 0,
        "CP": 6.89
    },
    "IMPL": {
        "LUT": 1912,
        "FF": 831,
        "DSP": 0,
        "BRAM": 0,
        "CP": 4.275,
        "PWR": 0.255
    }
}