{
    "LATENCY": {
        "best_latency": 458113,
        "worst_latency": 458113,
        "average_latency": 458113,
        "best_time_latency": "4.581 ms",
        "worst_time_latency": "4.581 ms",
        "average_time_latency": "4.581 ms",
        "min_interval": 458114,
        "max_interval": 458114,
        "Latency": 458113
    },
    "HLS": {
        "LUT": 22267,
        "FF": 2922,
        "DSP": 0,
        "BRAM": 0,
        "URAM": 0,
        "CP": 6.978
    },
    "IMPL": {
        "LUT": 2805,
        "FF": 2331,
        "DSP": 0,
        "BRAM": 0,
        "CP": 5.327,
        "PWR": 0.272
    }
}