{
    "LATENCY": {
        "best_latency": 360721,
        "worst_latency": 368913,
        "average_latency": 364817,
        "best_time_latency": "3.607 ms",
        "worst_time_latency": "3.689 ms",
        "average_time_latency": "3.648 ms",
        "min_interval": 360722,
        "max_interval": 368914,
        "Latency": 364817
    },
    "HLS": {
        "LUT": 6205,
        "FF": 981,
        "DSP": 0,
        "BRAM": 0,
        "URAM": 0,
        "CP": 7.266
    },
    "IMPL": {
        "LUT": 1249,
        "FF": 762,
        "DSP": 0,
        "BRAM": 0,
        "CP": 3.819,
        "PWR": 0.254
    }
}