{
    "LATENCY": {
        "best_latency": 260273,
        "worst_latency": 260273,
        "average_latency": 260273,
        "best_time_latency": "2.603 ms",
        "worst_time_latency": "2.603 ms",
        "average_time_latency": "2.603 ms",
        "min_interval": 260274,
        "max_interval": 260274,
        "Latency": 260273
    },
    "HLS": {
        "LUT": 4318,
        "FF": 997,
        "DSP": 0,
        "BRAM": 0,
        "URAM": 0,
        "CP": 7.266
    },
    "IMPL": {
        "LUT": 1095,
        "FF": 806,
        "DSP": 0,
        "BRAM": 0,
        "CP": 3.362,
        "PWR": 0.26
    }
}