{
    "LATENCY": {
        "best_latency": 338161,
        "worst_latency": 338161,
        "average_latency": 338161,
        "best_time_latency": "3.382 ms",
        "worst_time_latency": "3.382 ms",
        "average_time_latency": "3.382 ms",
        "min_interval": 338162,
        "max_interval": 338162,
        "Latency": 338161
    },
    "HLS": {
        "LUT": 2947,
        "FF": 854,
        "DSP": 0,
        "BRAM": 0,
        "URAM": 0,
        "CP": 6.89
    },
    "IMPL": {
        "LUT": 824,
        "FF": 534,
        "DSP": 0,
        "BRAM": 0,
        "CP": 3.333,
        "PWR": 0.254
    }
}