{
    "Option": {
        "INLINE": {
            "-on": [],
            "-off": [],
            "-recursive": []
        },
        "BALANCE": {
            "-on": [],
            "-off": []
        },
        "FLATTEN": {
            "-on": [],
            "-off": []
        },
        "PIPELINE": {
            "-style": []
        },
        "UNROLL": {
            "-factor": []
        },
        "PARTITION": {
            "-factor": [],
            "-type": []
        },
        "RESHAPE": {
            "-factor": [],
            "-type": []
        },
        "STORAGE": {
            "-type": [],
            "-impl": [],
            "-latency": []
        }
    },
    "Function": {},
    "Loop": {
        "group1": {
            "level": [
                "fft/outer",
                "fft/inner"
            ],
            "unroll": [
                "fft/outer",
                "fft/inner"
            ],
            "pipeline": [
                "fft/outer",
                "fft/inner"
            ],
            "flatten": [
                null
            ],
            "fft/outer": {
                "UNROLL": {
                    "-factor": 0
                },
                "PIPELINE": {
                    "-style": "stp",
                    "-state": "-on"
                }
            },
            "fft/inner": {}
        }
    },
    "Array": {},
    "Interface": {
        "fft real": {
            "PARTITION": {
                "-factor": 0,
                "-type": "cyclic"
            },
            "RESHAPE": {
                "-factor": 0,
                "-type": "cyclic"
            }
        },
        "fft img": {
            "PARTITION": {
                "-factor": 0,
                "-type": "block"
            },
            "RESHAPE": {
                "-factor": 0,
                "-type": "cyclic"
            }
        },
        "fft real_twid": {
            "PARTITION": {
                "-factor": 2,
                "-type": "cyclic"
            },
            "RESHAPE": {
                "-factor": 2,
                "-type": "block"
            }
        },
        "fft img_twid": {
            "PARTITION": {
                "-factor": 2,
                "-type": "block"
            },
            "RESHAPE": {
                "-factor": 2,
                "-type": "block"
            }
        }
    },
    "Operation": {
        "fft/inner odd": {
            "add": {
                "-impl": "dsp",
                "-latency": -1
            }
        },
        "fft/outer log": {
            "add": {
                "-impl": "dsp",
                "-latency": -1
            }
        },
        "fft/inner temp": {
            "dadd": {
                "-impl": "fulldsp",
                "-latency": -1
            },
            "dmul": {
                "-impl": "fulldsp",
                "-latency": -1
            }
        }
    }
}