{
    "LATENCY": {
        "best_latency": 106725,
        "worst_latency": 106725,
        "average_latency": 106725,
        "best_time_latency": "1.067 ms",
        "worst_time_latency": "1.067 ms",
        "average_time_latency": "1.067 ms",
        "min_interval": 106726,
        "max_interval": 106726,
        "Latency": 106725
    },
    "HLS": {
        "LUT": 10207,
        "FF": 753,
        "DSP": 0,
        "BRAM": 0,
        "URAM": 0,
        "CP": 6.974
    },
    "IMPL": {
        "LUT": 1470,
        "FF": 698,
        "DSP": 0,
        "BRAM": 0,
        "CP": 6.517,
        "PWR": 0.277
    }
}