{
    "LATENCY": {
        "best_latency": 54192,
        "worst_latency": 54192,
        "average_latency": 54192,
        "best_time_latency": "0.542 ms",
        "worst_time_latency": "0.542 ms",
        "average_time_latency": "0.542 ms",
        "min_interval": 54193,
        "max_interval": 54193,
        "Latency": 54192
    },
    "HLS": {
        "LUT": 43300,
        "FF": 10472,
        "DSP": 16,
        "BRAM": 0,
        "URAM": 0,
        "CP": 7.259
    },
    "IMPL": {
        "LUT": 9896,
        "FF": 8638,
        "DSP": 6,
        "BRAM": 0,
        "CP": 8.503,
        "PWR": 0.363
    }
}