{
    "LATENCY": {
        "best_latency": 118395,
        "worst_latency": 118395,
        "average_latency": 118395,
        "best_time_latency": "1.184 ms",
        "worst_time_latency": "1.184 ms",
        "average_time_latency": "1.184 ms",
        "min_interval": 118396,
        "max_interval": 118396,
        "Latency": 118395
    },
    "HLS": {
        "LUT": 11679,
        "FF": 1299,
        "DSP": 5,
        "BRAM": 0,
        "URAM": 0,
        "CP": 6.886
    },
    "IMPL": {
        "LUT": 3007,
        "FF": 801,
        "DSP": 3,
        "BRAM": 0,
        "CP": 6.01,
        "PWR": 0.287
    }
}