{
    "LATENCY": {
        "best_latency": 94515,
        "worst_latency": 94515,
        "average_latency": 94515,
        "best_time_latency": "0.945 ms",
        "worst_time_latency": "0.945 ms",
        "average_time_latency": "0.945 ms",
        "min_interval": 94516,
        "max_interval": 94516,
        "Latency": 94515
    },
    "HLS": {
        "LUT": 10226,
        "FF": 718,
        "DSP": 3,
        "BRAM": 0,
        "URAM": 0,
        "CP": 7.259
    },
    "IMPL": {
        "LUT": 2109,
        "FF": 566,
        "DSP": 0,
        "BRAM": 0,
        "CP": 7.085,
        "PWR": 0.272
    }
}