{
    "LATENCY": {
        "best_latency": 40768,
        "worst_latency": 40768,
        "average_latency": 40768,
        "best_time_latency": "0.408 ms",
        "worst_time_latency": "0.408 ms",
        "average_time_latency": "0.408 ms",
        "min_interval": 40769,
        "max_interval": 40769,
        "Latency": 40768
    },
    "HLS": {
        "LUT": 4615,
        "FF": 832,
        "DSP": 6,
        "BRAM": 0,
        "URAM": 0,
        "CP": 7.259
    },
    "IMPL": {
        "LUT": 2812,
        "FF": 741,
        "DSP": 0,
        "BRAM": 0,
        "CP": 6.561,
        "PWR": 0.264
    }
}