{
    "LATENCY": {
        "best_latency": 53265,
        "worst_latency": 53265,
        "average_latency": 53265,
        "best_time_latency": "0.533 ms",
        "worst_time_latency": "0.533 ms",
        "average_time_latency": "0.533 ms",
        "min_interval": 53266,
        "max_interval": 53266,
        "Latency": 53265
    },
    "HLS": {
        "LUT": 9085,
        "FF": 1529,
        "DSP": 3,
        "BRAM": 0,
        "URAM": 0,
        "CP": 7.259
    },
    "IMPL": {
        "LUT": 2580,
        "FF": 1248,
        "DSP": 0,
        "BRAM": 0,
        "CP": 7.27,
        "PWR": 0.287
    }
}