{
    "LATENCY": {
        "best_latency": 58722,
        "worst_latency": 58722,
        "average_latency": 58722,
        "best_time_latency": "0.587 ms",
        "worst_time_latency": "0.587 ms",
        "average_time_latency": "0.587 ms",
        "min_interval": 58723,
        "max_interval": 58723,
        "Latency": 58722
    },
    "HLS": {
        "LUT": 6186,
        "FF": 864,
        "DSP": 6,
        "BRAM": 0,
        "URAM": 0,
        "CP": 7.259
    },
    "IMPL": {
        "LUT": 3617,
        "FF": 629,
        "DSP": 2,
        "BRAM": 0,
        "CP": 6.714,
        "PWR": 0.261
    }
}