{
    "LATENCY": {
        "best_latency": 59004,
        "worst_latency": 59004,
        "average_latency": 59004,
        "best_time_latency": "0.590 ms",
        "worst_time_latency": "0.590 ms",
        "average_time_latency": "0.590 ms",
        "min_interval": 59005,
        "max_interval": 59005,
        "Latency": 59004
    },
    "HLS": {
        "LUT": 4567,
        "FF": 775,
        "DSP": 6,
        "BRAM": 0,
        "URAM": 0,
        "CP": 7.259
    },
    "IMPL": {
        "LUT": 2940,
        "FF": 605,
        "DSP": 2,
        "BRAM": 0,
        "CP": 7.349,
        "PWR": 0.261
    }
}