{
    "LATENCY": {
        "best_latency": 66084,
        "worst_latency": 66084,
        "average_latency": 66084,
        "best_time_latency": "0.661 ms",
        "worst_time_latency": "0.661 ms",
        "average_time_latency": "0.661 ms",
        "min_interval": 66085,
        "max_interval": 66085,
        "Latency": 66084
    },
    "HLS": {
        "LUT": 8078,
        "FF": 1439,
        "DSP": 12,
        "BRAM": 0,
        "URAM": 0,
        "CP": 7.259
    },
    "IMPL": {
        "LUT": 2705,
        "FF": 1049,
        "DSP": 8,
        "BRAM": 0,
        "CP": 7.148,
        "PWR": 0.274
    }
}