{
    "LATENCY": {
        "best_latency": 90105,
        "worst_latency": 90105,
        "average_latency": 90105,
        "best_time_latency": "0.901 ms",
        "worst_time_latency": "0.901 ms",
        "average_time_latency": "0.901 ms",
        "min_interval": 90106,
        "max_interval": 90106,
        "Latency": 90105
    },
    "HLS": {
        "LUT": 7818,
        "FF": 1150,
        "DSP": 3,
        "BRAM": 0,
        "URAM": 0,
        "CP": 7.259
    },
    "IMPL": {
        "LUT": 2524,
        "FF": 963,
        "DSP": 0,
        "BRAM": 0,
        "CP": 7.025,
        "PWR": 0.264
    }
}