{
    "LATENCY": {
        "best_latency": 42284,
        "worst_latency": 42284,
        "average_latency": 42284,
        "best_time_latency": "0.423 ms",
        "worst_time_latency": "0.423 ms",
        "average_time_latency": "0.423 ms",
        "min_interval": 42285,
        "max_interval": 42285,
        "Latency": 42284
    },
    "HLS": {
        "LUT": 8310,
        "FF": 1340,
        "DSP": 16,
        "BRAM": 0,
        "URAM": 0,
        "CP": 7.259
    },
    "IMPL": {
        "LUT": 3151,
        "FF": 861,
        "DSP": 9,
        "BRAM": 0,
        "CP": 6.966,
        "PWR": 0.277
    }
}