{
    "LATENCY": {
        "best_latency": 92326,
        "worst_latency": 92326,
        "average_latency": 92326,
        "best_time_latency": "0.923 ms",
        "worst_time_latency": "0.923 ms",
        "average_time_latency": "0.923 ms",
        "min_interval": 92327,
        "max_interval": 92327,
        "Latency": 92326
    },
    "HLS": {
        "LUT": 86196,
        "FF": 11860,
        "DSP": 3,
        "BRAM": 0,
        "URAM": 0,
        "CP": 7.259
    },
    "IMPL": {
        "LUT": 12819,
        "FF": 10545,
        "DSP": 0,
        "BRAM": 0,
        "CP": 8.832,
        "PWR": 0.344
    }
}