{
    "LATENCY": {
        "best_latency": 55230,
        "worst_latency": 55230,
        "average_latency": 55230,
        "best_time_latency": "0.552 ms",
        "worst_time_latency": "0.552 ms",
        "average_time_latency": "0.552 ms",
        "min_interval": 55231,
        "max_interval": 55231,
        "Latency": 55230
    },
    "HLS": {
        "LUT": 2468,
        "FF": 530,
        "DSP": 3,
        "BRAM": 0,
        "URAM": 0,
        "CP": 7.259
    },
    "IMPL": {
        "LUT": 1467,
        "FF": 460,
        "DSP": 0,
        "BRAM": 0,
        "CP": 6.714,
        "PWR": 0.256
    }
}