{
    "LATENCY": {
        "best_latency": 62655,
        "worst_latency": 62655,
        "average_latency": 62655,
        "best_time_latency": "0.627 ms",
        "worst_time_latency": "0.627 ms",
        "average_time_latency": "0.627 ms",
        "min_interval": 62656,
        "max_interval": 62656,
        "Latency": 62655
    },
    "HLS": {
        "LUT": 24209,
        "FF": 10167,
        "DSP": 16,
        "BRAM": 0,
        "URAM": 0,
        "CP": 7.259
    },
    "IMPL": {
        "LUT": 6037,
        "FF": 9010,
        "DSP": 6,
        "BRAM": 0,
        "CP": 8.337,
        "PWR": 0.298
    }
}