{
    "LATENCY": {
        "best_latency": 59820,
        "worst_latency": 59820,
        "average_latency": 59820,
        "best_time_latency": "0.598 ms",
        "worst_time_latency": "0.598 ms",
        "average_time_latency": "0.598 ms",
        "min_interval": 59821,
        "max_interval": 59821,
        "Latency": 59820
    },
    "HLS": {
        "LUT": 9031,
        "FF": 1135,
        "DSP": 0,
        "BRAM": 0,
        "URAM": 0,
        "CP": 6.808
    },
    "IMPL": {
        "LUT": 3372,
        "FF": 1079,
        "DSP": 0,
        "BRAM": 0,
        "CP": 6.288,
        "PWR": 0.271
    }
}