{
    "LATENCY": {
        "best_latency": 40317,
        "worst_latency": 40317,
        "average_latency": 40317,
        "best_time_latency": "0.403 ms",
        "worst_time_latency": "0.403 ms",
        "average_time_latency": "0.403 ms",
        "min_interval": 40318,
        "max_interval": 40318,
        "Latency": 40317
    },
    "HLS": {
        "LUT": 4130,
        "FF": 780,
        "DSP": 6,
        "BRAM": 0,
        "URAM": 0,
        "CP": 7.259
    },
    "IMPL": {
        "LUT": 2978,
        "FF": 649,
        "DSP": 0,
        "BRAM": 0,
        "CP": 6.566,
        "PWR": 0.266
    }
}