{
    "LATENCY": {
        "best_latency": 92176,
        "worst_latency": 92176,
        "average_latency": 92176,
        "best_time_latency": "0.922 ms",
        "worst_time_latency": "0.922 ms",
        "average_time_latency": "0.922 ms",
        "min_interval": 92177,
        "max_interval": 92177,
        "Latency": 92176
    },
    "HLS": {
        "LUT": 14466,
        "FF": 4977,
        "DSP": 3,
        "BRAM": 0,
        "URAM": 0,
        "CP": 7.259
    },
    "IMPL": {
        "LUT": 4177,
        "FF": 4814,
        "DSP": 0,
        "BRAM": 0,
        "CP": 6.886,
        "PWR": 0.276
    }
}