{
    "LATENCY": {
        "best_latency": 24800,
        "worst_latency": 24800,
        "average_latency": 24800,
        "best_time_latency": "0.248 ms",
        "worst_time_latency": "0.248 ms",
        "average_time_latency": "0.248 ms",
        "min_interval": 24801,
        "max_interval": 24801,
        "Latency": 24800
    },
    "HLS": {
        "LUT": 13168,
        "FF": 1626,
        "DSP": 16,
        "BRAM": 0,
        "URAM": 0,
        "CP": 7.259
    },
    "IMPL": {
        "LUT": 2845,
        "FF": 1139,
        "DSP": 7,
        "BRAM": 0,
        "CP": 7.131,
        "PWR": 0.279
    }
}