{
    "LATENCY": {
        "best_latency": 58905,
        "worst_latency": 58905,
        "average_latency": 58905,
        "best_time_latency": "0.589 ms",
        "worst_time_latency": "0.589 ms",
        "average_time_latency": "0.589 ms",
        "min_interval": 58906,
        "max_interval": 58906,
        "Latency": 58905
    },
    "HLS": {
        "LUT": 13240,
        "FF": 1770,
        "DSP": 0,
        "BRAM": 0,
        "URAM": 0,
        "CP": 6.822
    },
    "IMPL": {
        "LUT": 3269,
        "FF": 1658,
        "DSP": 0,
        "BRAM": 0,
        "CP": 7.331,
        "PWR": 0.296
    }
}