{
    "LATENCY": {
        "best_latency": 53325,
        "worst_latency": 53325,
        "average_latency": 53325,
        "best_time_latency": "0.533 ms",
        "worst_time_latency": "0.533 ms",
        "average_time_latency": "0.533 ms",
        "min_interval": 53326,
        "max_interval": 53326,
        "Latency": 53325
    },
    "HLS": {
        "LUT": 4554,
        "FF": 611,
        "DSP": 8,
        "BRAM": 0,
        "URAM": 0,
        "CP": 7.259
    },
    "IMPL": {
        "LUT": 1830,
        "FF": 404,
        "DSP": 4,
        "BRAM": 0,
        "CP": 6.574,
        "PWR": 0.271
    }
}