{
    "LATENCY": {
        "best_latency": 105735,
        "worst_latency": 105735,
        "average_latency": 105735,
        "best_time_latency": "1.057 ms",
        "worst_time_latency": "1.057 ms",
        "average_time_latency": "1.057 ms",
        "min_interval": 105736,
        "max_interval": 105736,
        "Latency": 105735
    },
    "HLS": {
        "LUT": 10491,
        "FF": 940,
        "DSP": 8,
        "BRAM": 0,
        "URAM": 0,
        "CP": 7.259
    },
    "IMPL": {
        "LUT": 1822,
        "FF": 520,
        "DSP": 3,
        "BRAM": 0,
        "CP": 6.122,
        "PWR": 0.273
    }
}