{
    "LATENCY": {
        "best_latency": 39850,
        "worst_latency": 39850,
        "average_latency": 39850,
        "best_time_latency": "0.399 ms",
        "worst_time_latency": "0.399 ms",
        "average_time_latency": "0.399 ms",
        "min_interval": 39851,
        "max_interval": 39851,
        "Latency": 39850
    },
    "HLS": {
        "LUT": 8251,
        "FF": 1325,
        "DSP": 6,
        "BRAM": 0,
        "URAM": 0,
        "CP": 7.259
    },
    "IMPL": {
        "LUT": 3166,
        "FF": 1172,
        "DSP": 0,
        "BRAM": 0,
        "CP": 7.057,
        "PWR": 0.264
    }
}