{
    "LATENCY": {
        "best_latency": 66414,
        "worst_latency": 66414,
        "average_latency": 66414,
        "best_time_latency": "0.664 ms",
        "worst_time_latency": "0.664 ms",
        "average_time_latency": "0.664 ms",
        "min_interval": 66415,
        "max_interval": 66415,
        "Latency": 66414
    },
    "HLS": {
        "LUT": 4272,
        "FF": 745,
        "DSP": 12,
        "BRAM": 0,
        "URAM": 0,
        "CP": 7.259
    },
    "IMPL": {
        "LUT": 2356,
        "FF": 346,
        "DSP": 8,
        "BRAM": 0,
        "CP": 7.662,
        "PWR": 0.269
    }
}