{
    "LATENCY": {
        "best_latency": 53627,
        "worst_latency": 53627,
        "average_latency": 53627,
        "best_time_latency": "0.536 ms",
        "worst_time_latency": "0.536 ms",
        "average_time_latency": "0.536 ms",
        "min_interval": 53628,
        "max_interval": 53628,
        "Latency": 53627
    },
    "HLS": {
        "LUT": 8950,
        "FF": 1550,
        "DSP": 3,
        "BRAM": 0,
        "URAM": 0,
        "CP": 7.259
    },
    "IMPL": {
        "LUT": 2525,
        "FF": 1265,
        "DSP": 0,
        "BRAM": 0,
        "CP": 7.22,
        "PWR": 0.284
    }
}