{
    "LATENCY": {
        "best_latency": 104955,
        "worst_latency": 104955,
        "average_latency": 104955,
        "best_time_latency": "1.050 ms",
        "worst_time_latency": "1.050 ms",
        "average_time_latency": "1.050 ms",
        "min_interval": 104956,
        "max_interval": 104956,
        "Latency": 104955
    },
    "HLS": {
        "LUT": 106339,
        "FF": 16569,
        "DSP": 0,
        "BRAM": 0,
        "URAM": 0,
        "CP": 6.978
    },
    "IMPL": {
        "LUT": 22123,
        "FF": 15571,
        "DSP": 0,
        "BRAM": 0,
        "CP": 7.273,
        "PWR": 0.344
    }
}