{
    "LATENCY": {
        "best_latency": 52455,
        "worst_latency": 52455,
        "average_latency": 52455,
        "best_time_latency": "0.525 ms",
        "worst_time_latency": "0.525 ms",
        "average_time_latency": "0.525 ms",
        "min_interval": 52456,
        "max_interval": 52456,
        "Latency": 52455
    },
    "HLS": {
        "LUT": 11590,
        "FF": 1737,
        "DSP": 0,
        "BRAM": 0,
        "URAM": 0,
        "CP": 6.862
    },
    "IMPL": {
        "LUT": 2700,
        "FF": 1494,
        "DSP": 0,
        "BRAM": 0,
        "CP": 6.878,
        "PWR": 0.281
    }
}