{
    "LATENCY": {
        "best_latency": 107115,
        "worst_latency": 107115,
        "average_latency": 107115,
        "best_time_latency": "1.071 ms",
        "worst_time_latency": "1.071 ms",
        "average_time_latency": "1.071 ms",
        "min_interval": 107116,
        "max_interval": 107116,
        "Latency": 107115
    },
    "HLS": {
        "LUT": 10452,
        "FF": 889,
        "DSP": 8,
        "BRAM": 0,
        "URAM": 0,
        "CP": 7.259
    },
    "IMPL": {
        "LUT": 1513,
        "FF": 523,
        "DSP": 3,
        "BRAM": 0,
        "CP": 6.587,
        "PWR": 0.275
    }
}