{
    "LATENCY": {
        "best_latency": 39974,
        "worst_latency": 39974,
        "average_latency": 39974,
        "best_time_latency": "0.400 ms",
        "worst_time_latency": "0.400 ms",
        "average_time_latency": "0.400 ms",
        "min_interval": 39975,
        "max_interval": 39975,
        "Latency": 39974
    },
    "HLS": {
        "LUT": 4045,
        "FF": 768,
        "DSP": 6,
        "BRAM": 0,
        "URAM": 0,
        "CP": 7.259
    },
    "IMPL": {
        "LUT": 2891,
        "FF": 641,
        "DSP": 0,
        "BRAM": 0,
        "CP": 7.074,
        "PWR": 0.268
    }
}