{
    "LATENCY": {
        "best_latency": 58974,
        "worst_latency": 58974,
        "average_latency": 58974,
        "best_time_latency": "0.590 ms",
        "worst_time_latency": "0.590 ms",
        "average_time_latency": "0.590 ms",
        "min_interval": 58975,
        "max_interval": 58975,
        "Latency": 58974
    },
    "HLS": {
        "LUT": 6937,
        "FF": 1100,
        "DSP": 6,
        "BRAM": 0,
        "URAM": 0,
        "CP": 7.259
    },
    "IMPL": {
        "LUT": 3547,
        "FF": 941,
        "DSP": 2,
        "BRAM": 0,
        "CP": 6.492,
        "PWR": 0.268
    }
}