{
    "LATENCY": {
        "best_latency": 93086,
        "worst_latency": 93086,
        "average_latency": 93086,
        "best_time_latency": "0.931 ms",
        "worst_time_latency": "0.931 ms",
        "average_time_latency": "0.931 ms",
        "min_interval": 93087,
        "max_interval": 93087,
        "Latency": 93086
    },
    "HLS": {
        "LUT": 2331,
        "FF": 493,
        "DSP": 3,
        "BRAM": 0,
        "URAM": 0,
        "CP": 7.259
    },
    "IMPL": {
        "LUT": 1696,
        "FF": 389,
        "DSP": 0,
        "BRAM": 0,
        "CP": 6.608,
        "PWR": 0.259
    }
}