{
    "LATENCY": {
        "best_latency": 39973,
        "worst_latency": 39973,
        "average_latency": 39973,
        "best_time_latency": "0.400 ms",
        "worst_time_latency": "0.400 ms",
        "average_time_latency": "0.400 ms",
        "min_interval": 39974,
        "max_interval": 39974,
        "Latency": 39973
    },
    "HLS": {
        "LUT": 4904,
        "FF": 875,
        "DSP": 6,
        "BRAM": 0,
        "URAM": 0,
        "CP": 7.259
    },
    "IMPL": {
        "LUT": 2964,
        "FF": 697,
        "DSP": 0,
        "BRAM": 0,
        "CP": 6.635,
        "PWR": 0.261
    }
}