{
    "LATENCY": {
        "best_latency": 65619,
        "worst_latency": 65619,
        "average_latency": 65619,
        "best_time_latency": "0.656 ms",
        "worst_time_latency": "0.656 ms",
        "average_time_latency": "0.656 ms",
        "min_interval": 65620,
        "max_interval": 65620,
        "Latency": 65619
    },
    "HLS": {
        "LUT": 8547,
        "FF": 1584,
        "DSP": 12,
        "BRAM": 0,
        "URAM": 0,
        "CP": 7.259
    },
    "IMPL": {
        "LUT": 2949,
        "FF": 954,
        "DSP": 8,
        "BRAM": 0,
        "CP": 7.989,
        "PWR": 0.267
    }
}