{
    "LATENCY": {
        "best_latency": 52679,
        "worst_latency": 52679,
        "average_latency": 52679,
        "best_time_latency": "0.527 ms",
        "worst_time_latency": "0.527 ms",
        "average_time_latency": "0.527 ms",
        "min_interval": 52680,
        "max_interval": 52680,
        "Latency": 52679
    },
    "HLS": {
        "LUT": 5991,
        "FF": 1016,
        "DSP": 3,
        "BRAM": 0,
        "URAM": 0,
        "CP": 7.259
    },
    "IMPL": {
        "LUT": 1998,
        "FF": 858,
        "DSP": 0,
        "BRAM": 0,
        "CP": 6.634,
        "PWR": 0.268
    }
}