{
    "LATENCY": {
        "best_latency": 54961,
        "worst_latency": 54961,
        "average_latency": 54961,
        "best_time_latency": "0.550 ms",
        "worst_time_latency": "0.550 ms",
        "average_time_latency": "0.550 ms",
        "min_interval": 54962,
        "max_interval": 54962,
        "Latency": 54961
    },
    "HLS": {
        "LUT": 13132,
        "FF": 1260,
        "DSP": 8,
        "BRAM": 0,
        "URAM": 0,
        "CP": 7.259
    },
    "IMPL": {
        "LUT": 2033,
        "FF": 891,
        "DSP": 4,
        "BRAM": 0,
        "CP": 6.483,
        "PWR": 0.27
    }
}