{
    "LATENCY": {
        "best_latency": 40710,
        "worst_latency": 40710,
        "average_latency": 40710,
        "best_time_latency": "0.407 ms",
        "worst_time_latency": "0.407 ms",
        "average_time_latency": "0.407 ms",
        "min_interval": 40711,
        "max_interval": 40711,
        "Latency": 40710
    },
    "HLS": {
        "LUT": 10516,
        "FF": 1817,
        "DSP": 6,
        "BRAM": 0,
        "URAM": 0,
        "CP": 7.259
    },
    "IMPL": {
        "LUT": 3858,
        "FF": 1501,
        "DSP": 0,
        "BRAM": 0,
        "CP": 7.392,
        "PWR": 0.286
    }
}