{
    "LATENCY": {
        "best_latency": 39856,
        "worst_latency": 39856,
        "average_latency": 39856,
        "best_time_latency": "0.399 ms",
        "worst_time_latency": "0.399 ms",
        "average_time_latency": "0.399 ms",
        "min_interval": 39857,
        "max_interval": 39857,
        "Latency": 39856
    },
    "HLS": {
        "LUT": 10671,
        "FF": 1823,
        "DSP": 6,
        "BRAM": 0,
        "URAM": 0,
        "CP": 7.259
    },
    "IMPL": {
        "LUT": 3637,
        "FF": 1628,
        "DSP": 0,
        "BRAM": 0,
        "CP": 7.47,
        "PWR": 0.283
    }
}