{
    "LATENCY": {
        "best_latency": 53870,
        "worst_latency": 53870,
        "average_latency": 53870,
        "best_time_latency": "0.539 ms",
        "worst_time_latency": "0.539 ms",
        "average_time_latency": "0.539 ms",
        "min_interval": 53871,
        "max_interval": 53871,
        "Latency": 53870
    },
    "HLS": {
        "LUT": 4662,
        "FF": 636,
        "DSP": 0,
        "BRAM": 0,
        "URAM": 0,
        "CP": 6.862
    },
    "IMPL": {
        "LUT": 1292,
        "FF": 480,
        "DSP": 0,
        "BRAM": 0,
        "CP": 5.98,
        "PWR": 0.26
    }
}