{
    "LATENCY": {
        "best_latency": 39967,
        "worst_latency": 39967,
        "average_latency": 39967,
        "best_time_latency": "0.400 ms",
        "worst_time_latency": "0.400 ms",
        "average_time_latency": "0.400 ms",
        "min_interval": 39968,
        "max_interval": 39968,
        "Latency": 39967
    },
    "HLS": {
        "LUT": 5382,
        "FF": 892,
        "DSP": 6,
        "BRAM": 0,
        "URAM": 0,
        "CP": 7.259
    },
    "IMPL": {
        "LUT": 2928,
        "FF": 687,
        "DSP": 0,
        "BRAM": 0,
        "CP": 6.741,
        "PWR": 0.263
    }
}