{
    "LATENCY": {
        "best_latency": 105675,
        "worst_latency": 105675,
        "average_latency": 105675,
        "best_time_latency": "1.057 ms",
        "worst_time_latency": "1.057 ms",
        "average_time_latency": "1.057 ms",
        "min_interval": 105676,
        "max_interval": 105676,
        "Latency": 105675
    },
    "HLS": {
        "LUT": 11600,
        "FF": 711,
        "DSP": 0,
        "BRAM": 0,
        "URAM": 0,
        "CP": 6.974
    },
    "IMPL": {
        "LUT": 1357,
        "FF": 575,
        "DSP": 0,
        "BRAM": 0,
        "CP": 6.45,
        "PWR": 0.281
    }
}