{
    "LATENCY": {
        "best_latency": 106755,
        "worst_latency": 106755,
        "average_latency": 106755,
        "best_time_latency": "1.068 ms",
        "worst_time_latency": "1.068 ms",
        "average_time_latency": "1.068 ms",
        "min_interval": 106756,
        "max_interval": 106756,
        "Latency": 106755
    },
    "HLS": {
        "LUT": 12076,
        "FF": 1015,
        "DSP": 8,
        "BRAM": 0,
        "URAM": 0,
        "CP": 7.259
    },
    "IMPL": {
        "LUT": 2362,
        "FF": 590,
        "DSP": 3,
        "BRAM": 0,
        "CP": 6.277,
        "PWR": 0.275
    }
}