{
    "LATENCY": {
        "best_latency": 69141,
        "worst_latency": 69141,
        "average_latency": 69141,
        "best_time_latency": "0.691 ms",
        "worst_time_latency": "0.691 ms",
        "average_time_latency": "0.691 ms",
        "min_interval": 69142,
        "max_interval": 69142,
        "Latency": 69141
    },
    "HLS": {
        "LUT": 14663,
        "FF": 1058,
        "DSP": 16,
        "BRAM": 0,
        "URAM": 0,
        "CP": 7.259
    },
    "IMPL": {
        "LUT": 4272,
        "FF": 674,
        "DSP": 6,
        "BRAM": 0,
        "CP": 6.908,
        "PWR": 0.276
    }
}