{
    "LATENCY": {
        "best_latency": 53593,
        "worst_latency": 53593,
        "average_latency": 53593,
        "best_time_latency": "0.536 ms",
        "worst_time_latency": "0.536 ms",
        "average_time_latency": "0.536 ms",
        "min_interval": 53594,
        "max_interval": 53594,
        "Latency": 53593
    },
    "HLS": {
        "LUT": 12867,
        "FF": 1761,
        "DSP": 10,
        "BRAM": 0,
        "URAM": 0,
        "CP": 6.886
    },
    "IMPL": {
        "LUT": 3386,
        "FF": 1442,
        "DSP": 7,
        "BRAM": 0,
        "CP": 6.545,
        "PWR": 0.293
    }
}