{
    "LATENCY": {
        "best_latency": 31582,
        "worst_latency": 31582,
        "average_latency": 31582,
        "best_time_latency": "0.316 ms",
        "worst_time_latency": "0.316 ms",
        "average_time_latency": "0.316 ms",
        "min_interval": 31583,
        "max_interval": 31583,
        "Latency": 31582
    },
    "HLS": {
        "LUT": 24225,
        "FF": 10128,
        "DSP": 16,
        "BRAM": 0,
        "URAM": 0,
        "CP": 7.259
    },
    "IMPL": {
        "LUT": 6234,
        "FF": 8966,
        "DSP": 7,
        "BRAM": 0,
        "CP": 8.335,
        "PWR": 0.306
    }
}