{
    "LATENCY": {
        "best_latency": 40307,
        "worst_latency": 40307,
        "average_latency": 40307,
        "best_time_latency": "0.403 ms",
        "worst_time_latency": "0.403 ms",
        "average_time_latency": "0.403 ms",
        "min_interval": 40308,
        "max_interval": 40308,
        "Latency": 40307
    },
    "HLS": {
        "LUT": 7077,
        "FF": 1344,
        "DSP": 6,
        "BRAM": 0,
        "URAM": 0,
        "CP": 7.259
    },
    "IMPL": {
        "LUT": 3556,
        "FF": 1198,
        "DSP": 0,
        "BRAM": 0,
        "CP": 6.62,
        "PWR": 0.27
    }
}