{
    "LATENCY": {
        "best_latency": 39709,
        "worst_latency": 39709,
        "average_latency": 39709,
        "best_time_latency": "0.397 ms",
        "worst_time_latency": "0.397 ms",
        "average_time_latency": "0.397 ms",
        "min_interval": 39710,
        "max_interval": 39710,
        "Latency": 39709
    },
    "HLS": {
        "LUT": 11430,
        "FF": 1846,
        "DSP": 6,
        "BRAM": 0,
        "URAM": 0,
        "CP": 7.259
    },
    "IMPL": {
        "LUT": 3350,
        "FF": 1696,
        "DSP": 0,
        "BRAM": 0,
        "CP": 7.371,
        "PWR": 0.284
    }
}