{
    "LATENCY": {
        "best_latency": 118845,
        "worst_latency": 118845,
        "average_latency": 118845,
        "best_time_latency": "1.188 ms",
        "worst_time_latency": "1.188 ms",
        "average_time_latency": "1.188 ms",
        "min_interval": 118846,
        "max_interval": 118846,
        "Latency": 118845
    },
    "HLS": {
        "LUT": 58020,
        "FF": 8655,
        "DSP": 5,
        "BRAM": 0,
        "URAM": 0,
        "CP": 6.465
    },
    "IMPL": {
        "LUT": 12658,
        "FF": 7659,
        "DSP": 2,
        "BRAM": 0,
        "CP": 6.832,
        "PWR": 0.32
    }
}