{
    "LATENCY": {
        "best_latency": 90222,
        "worst_latency": 90222,
        "average_latency": 90222,
        "best_time_latency": "0.902 ms",
        "worst_time_latency": "0.902 ms",
        "average_time_latency": "0.902 ms",
        "min_interval": 90223,
        "max_interval": 90223,
        "Latency": 90222
    },
    "HLS": {
        "LUT": 5183,
        "FF": 725,
        "DSP": 3,
        "BRAM": 0,
        "URAM": 0,
        "CP": 7.259
    },
    "IMPL": {
        "LUT": 1461,
        "FF": 515,
        "DSP": 0,
        "BRAM": 0,
        "CP": 6.634,
        "PWR": 0.252
    }
}