{
    "LATENCY": {
        "best_latency": 20567,
        "worst_latency": 20567,
        "average_latency": 20567,
        "best_time_latency": "0.206 ms",
        "worst_time_latency": "0.206 ms",
        "average_time_latency": "0.206 ms",
        "min_interval": 20568,
        "max_interval": 20568,
        "Latency": 20567
    },
    "HLS": {
        "LUT": 9718,
        "FF": 5666,
        "DSP": 37,
        "BRAM": 0,
        "URAM": 0,
        "CP": 7.148
    },
    "SYN": {
        "LUT": 9871,
        "FF": 6964,
        "DSP": 37,
        "BRAM": 0,
        "URAM": 0,
        "SRL": 342,
        "CP": 7.21
    },
    "IMPL": {
        "LUT": 9535,
        "FF": 6941,
        "DSP": 37,
        "BRAM": 0,
        "URAM": 0,
        "SRL": 205,
        "CP": 8.974,
        "PWR": 0.582
    }
}