{
    "LATENCY": {
        "best_latency": 39425,
        "worst_latency": 39425,
        "average_latency": 39425,
        "best_time_latency": "0.394 ms",
        "worst_time_latency": "0.394 ms",
        "average_time_latency": "0.394 ms",
        "min_interval": 39426,
        "max_interval": 39426,
        "Latency": 39425
    },
    "HLS": {
        "LUT": 14828,
        "FF": 5318,
        "DSP": 27,
        "BRAM": 0,
        "URAM": 0,
        "CP": 7.148
    },
    "SYN": {
        "LUT": 12394,
        "FF": 7053,
        "DSP": 27,
        "BRAM": 0,
        "URAM": 0,
        "SRL": 323,
        "CP": 7.21
    },
    "IMPL": {
        "LUT": 11979,
        "FF": 7028,
        "DSP": 27,
        "BRAM": 0,
        "URAM": 0,
        "SRL": 194,
        "CP": 8.489,
        "PWR": 0.595
    }
}