{
    "LATENCY": {
        "best_latency": 2457,
        "worst_latency": 2457,
        "average_latency": 2457,
        "best_time_latency": "24.570 us",
        "worst_time_latency": "24.570 us",
        "average_time_latency": "24.570 us",
        "min_interval": 2458,
        "max_interval": 2458,
        "Latency": 2457
    },
    "HLS": {
        "LUT": 37658,
        "FF": 46323,
        "DSP": 211,
        "BRAM": 0,
        "URAM": 0,
        "CP": 7.697
    },
    "SYN": {
        "LUT": 51687,
        "FF": 49136,
        "DSP": 211,
        "BRAM": 0,
        "URAM": 0,
        "SRL": 5135,
        "CP": 7.223
    },
    "IMPL": {
        "LUT": 48329,
        "FF": 49018,
        "DSP": 211,
        "BRAM": 0,
        "URAM": 0,
        "SRL": 2635,
        "CP": 9.779,
        "PWR": 1.123
    }
}