{
    "LATENCY": {
        "best_latency": 2318,
        "worst_latency": 2318,
        "average_latency": 2318,
        "best_time_latency": "23.180 us",
        "worst_time_latency": "23.180 us",
        "average_time_latency": "23.180 us",
        "min_interval": 2319,
        "max_interval": 2319,
        "Latency": 2318
    },
    "HLS": {
        "LUT": 126198,
        "FF": 67796,
        "DSP": 150,
        "BRAM": 0,
        "URAM": 0,
        "CP": 7.654
    },
    "SYN": {
        "LUT": 93432,
        "FF": 68597,
        "DSP": 150,
        "BRAM": 0,
        "URAM": 0,
        "SRL": 7703,
        "CP": 7.223
    },
    "IMPL": {
        "LUT": 87828,
        "FF": 68573,
        "DSP": 150,
        "BRAM": 0,
        "URAM": 0,
        "SRL": 3918,
        "CP": 9.835,
        "PWR": 1.008
    }
}