{
    "LATENCY": {
        "best_latency": 39041,
        "worst_latency": 39041,
        "average_latency": 39041,
        "best_time_latency": "0.390 ms",
        "worst_time_latency": "0.390 ms",
        "average_time_latency": "0.390 ms",
        "min_interval": 39042,
        "max_interval": 39042,
        "Latency": 39041
    },
    "HLS": {
        "LUT": 12821,
        "FF": 7726,
        "DSP": 37,
        "BRAM": 0,
        "URAM": 0,
        "CP": 7.148
    },
    "SYN": {
        "LUT": 11682,
        "FF": 9602,
        "DSP": 37,
        "BRAM": 0,
        "URAM": 0,
        "SRL": 580,
        "CP": 7.223
    },
    "IMPL": {
        "LUT": 11212,
        "FF": 9578,
        "DSP": 37,
        "BRAM": 0,
        "URAM": 0,
        "SRL": 323,
        "CP": 8.962,
        "PWR": 0.323
    }
}