{
    "LATENCY": {
        "best_latency": 2457,
        "worst_latency": 2457,
        "average_latency": 2457,
        "best_time_latency": "24.570 us",
        "worst_time_latency": "24.570 us",
        "average_time_latency": "24.570 us",
        "min_interval": 2458,
        "max_interval": 2458,
        "Latency": 2457
    },
    "HLS": {
        "LUT": 54200,
        "FF": 47141,
        "DSP": 171,
        "BRAM": 0,
        "URAM": 0,
        "CP": 7.697
    },
    "SYN": {
        "LUT": 62830,
        "FF": 50115,
        "DSP": 171,
        "BRAM": 0,
        "URAM": 0,
        "SRL": 5261,
        "CP": 7.223
    },
    "IMPL": {
        "LUT": 56681,
        "FF": 49936,
        "DSP": 171,
        "BRAM": 0,
        "URAM": 0,
        "SRL": 2695,
        "CP": 9.634,
        "PWR": 1.173
    }
}