{
    "LATENCY": {
        "best_latency": 2457,
        "worst_latency": 2457,
        "average_latency": 2457,
        "best_time_latency": "24.570 us",
        "worst_time_latency": "24.570 us",
        "average_time_latency": "24.570 us",
        "min_interval": 2458,
        "max_interval": 2458,
        "Latency": 2457
    },
    "HLS": {
        "LUT": 68838,
        "FF": 47984,
        "DSP": 141,
        "BRAM": 0,
        "URAM": 0,
        "CP": 7.697
    },
    "SYN": {
        "LUT": 70499,
        "FF": 49968,
        "DSP": 141,
        "BRAM": 0,
        "URAM": 0,
        "SRL": 5078,
        "CP": 7.223
    },
    "IMPL": {
        "LUT": 66538,
        "FF": 49906,
        "DSP": 141,
        "BRAM": 0,
        "URAM": 0,
        "SRL": 2605,
        "CP": 9.649,
        "PWR": 1.116
    }
}