{
    "LATENCY": {
        "best_latency": 20567,
        "worst_latency": 20567,
        "average_latency": 20567,
        "best_time_latency": "0.206 ms",
        "worst_time_latency": "0.206 ms",
        "average_time_latency": "0.206 ms",
        "min_interval": 20568,
        "max_interval": 20568,
        "Latency": 20567
    },
    "HLS": {
        "LUT": 9601,
        "FF": 5665,
        "DSP": 37,
        "BRAM": 0,
        "URAM": 0,
        "CP": 7.148
    },
    "SYN": {
        "LUT": 9719,
        "FF": 6970,
        "DSP": 37,
        "BRAM": 0,
        "URAM": 0,
        "SRL": 348,
        "CP": 7.21
    },
    "IMPL": {
        "LUT": 9378,
        "FF": 6947,
        "DSP": 37,
        "BRAM": 0,
        "URAM": 0,
        "SRL": 209,
        "CP": 9.023,
        "PWR": 0.571
    }
}