{
    "LATENCY": {
        "best_latency": 2456,
        "worst_latency": 2456,
        "average_latency": 2456,
        "best_time_latency": "24.560 us",
        "worst_time_latency": "24.560 us",
        "average_time_latency": "24.560 us",
        "min_interval": 2457,
        "max_interval": 2457,
        "Latency": 2456
    },
    "HLS": {
        "LUT": 42405,
        "FF": 46524,
        "DSP": 191,
        "BRAM": 0,
        "URAM": 0,
        "CP": 7.697
    },
    "SYN": {
        "LUT": 56702,
        "FF": 49162,
        "DSP": 191,
        "BRAM": 0,
        "URAM": 0,
        "SRL": 5141,
        "CP": 7.223
    },
    "IMPL": {
        "LUT": 53140,
        "FF": 49063,
        "DSP": 191,
        "BRAM": 0,
        "URAM": 0,
        "SRL": 2636,
        "CP": 9.875,
        "PWR": 0.755
    }
}