{
    "LATENCY": {
        "best_latency": 20567,
        "worst_latency": 20567,
        "average_latency": 20567,
        "best_time_latency": "0.206 ms",
        "worst_time_latency": "0.206 ms",
        "average_time_latency": "0.206 ms",
        "min_interval": 20568,
        "max_interval": 20568,
        "Latency": 20567
    },
    "HLS": {
        "LUT": 8428,
        "FF": 5463,
        "DSP": 37,
        "BRAM": 0,
        "URAM": 0,
        "CP": 7.148
    },
    "SYN": {
        "LUT": 9760,
        "FF": 6824,
        "DSP": 37,
        "BRAM": 0,
        "URAM": 0,
        "SRL": 341,
        "CP": 7.21
    },
    "IMPL": {
        "LUT": 9427,
        "FF": 6801,
        "DSP": 37,
        "BRAM": 0,
        "URAM": 0,
        "SRL": 205,
        "CP": 8.976,
        "PWR": 0.58
    }
}