{
    "LATENCY": {
        "best_latency": 2457,
        "worst_latency": 2457,
        "average_latency": 2457,
        "best_time_latency": "24.570 us",
        "worst_time_latency": "24.570 us",
        "average_time_latency": "24.570 us",
        "min_interval": 2458,
        "max_interval": 2458,
        "Latency": 2457
    },
    "HLS": {
        "LUT": 39909,
        "FF": 46675,
        "DSP": 221,
        "BRAM": 0,
        "URAM": 0,
        "CP": 7.697
    },
    "SYN": {
        "LUT": 47285,
        "FF": 49781,
        "DSP": 221,
        "BRAM": 0,
        "URAM": 0,
        "SRL": 5144,
        "CP": 7.223
    },
    "IMPL": {
        "LUT": 44098,
        "FF": 49680,
        "DSP": 221,
        "BRAM": 0,
        "URAM": 0,
        "SRL": 2639,
        "CP": 9.72,
        "PWR": 1.48
    }
}