{
    "LATENCY": {
        "best_latency": 2531,
        "worst_latency": 2531,
        "average_latency": 2531,
        "best_time_latency": "25.310 us",
        "worst_time_latency": "25.310 us",
        "average_time_latency": "25.310 us",
        "min_interval": 2532,
        "max_interval": 2532,
        "Latency": 2531
    },
    "HLS": {
        "LUT": 11855,
        "FF": 11245,
        "DSP": 30,
        "BRAM": 0,
        "URAM": 0,
        "CP": 7.036
    },
    "IMPL": {
        "LUT": 4353,
        "FF": 5897,
        "DSP": 30,
        "BRAM": 0,
        "CP": 7.856,
        "PWR": 0.308
    }
}