{
    "LATENCY": {
        "best_latency": 42485,
        "worst_latency": 42485,
        "average_latency": 42485,
        "best_time_latency": "0.425 ms",
        "worst_time_latency": "0.425 ms",
        "average_time_latency": "0.425 ms",
        "min_interval": 42486,
        "max_interval": 42486,
        "Latency": 42485
    },
    "HLS": {
        "LUT": 6808,
        "FF": 3931,
        "DSP": 14,
        "BRAM": 0,
        "URAM": 0,
        "CP": 7.135
    },
    "IMPL": {
        "LUT": 2143,
        "FF": 1677,
        "DSP": 14,
        "BRAM": 0,
        "CP": 7.219,
        "PWR": 0.273
    }
}