{
    "LATENCY": {
        "best_latency": 315914,
        "worst_latency": 315914,
        "average_latency": 315914,
        "best_time_latency": "3.159 ms",
        "worst_time_latency": "3.159 ms",
        "average_time_latency": "3.159 ms",
        "min_interval": 315915,
        "max_interval": 315915,
        "Latency": 315914
    },
    "HLS": {
        "LUT": 10254,
        "FF": 2989,
        "DSP": 13,
        "BRAM": 0,
        "URAM": 0,
        "CP": 6.589
    },
    "IMPL": {
        "LUT": 4559,
        "FF": 2151,
        "DSP": 14,
        "BRAM": 0,
        "CP": 7.743,
        "PWR": 0.332
    }
}