{
    "LATENCY": {
        "best_latency": 54835,
        "worst_latency": 54835,
        "average_latency": 54835,
        "best_time_latency": "0.548 ms",
        "worst_time_latency": "0.548 ms",
        "average_time_latency": "0.548 ms",
        "min_interval": 54836,
        "max_interval": 54836,
        "Latency": 54835
    },
    "HLS": {
        "LUT": 13103,
        "FF": 13091,
        "DSP": 17,
        "BRAM": 0,
        "URAM": 0,
        "CP": 6.763
    },
    "IMPL": {
        "LUT": 6910,
        "FF": 4875,
        "DSP": 22,
        "BRAM": 0,
        "CP": 7.448,
        "PWR": 0.36
    }
}