{
    "LATENCY": {
        "best_latency": 164009,
        "worst_latency": 164009,
        "average_latency": 164009,
        "best_time_latency": "1.640 ms",
        "worst_time_latency": "1.640 ms",
        "average_time_latency": "1.640 ms",
        "min_interval": 164010,
        "max_interval": 164010,
        "Latency": 164009
    },
    "HLS": {
        "LUT": 5943,
        "FF": 4092,
        "DSP": 34,
        "BRAM": 0,
        "URAM": 0,
        "CP": 6.754
    },
    "IMPL": {
        "LUT": 2198,
        "FF": 2415,
        "DSP": 38,
        "BRAM": 0,
        "CP": 7.839,
        "PWR": 0.35
    }
}