{
    "LATENCY": {
        "best_latency": 135604,
        "worst_latency": 135604,
        "average_latency": 135604,
        "best_time_latency": "1.356 ms",
        "worst_time_latency": "1.356 ms",
        "average_time_latency": "1.356 ms",
        "min_interval": 135605,
        "max_interval": 135605,
        "Latency": 135604
    },
    "HLS": {
        "LUT": 7784,
        "FF": 2661,
        "DSP": 27,
        "BRAM": 0,
        "URAM": 0,
        "CP": 6.504
    },
    "IMPL": {
        "LUT": 2129,
        "FF": 1989,
        "DSP": 30,
        "BRAM": 0,
        "CP": 7.194,
        "PWR": 0.305
    }
}