{
    "LATENCY": {
        "best_latency": 26206,
        "worst_latency": 26206,
        "average_latency": 26206,
        "best_time_latency": "0.262 ms",
        "worst_time_latency": "0.262 ms",
        "average_time_latency": "0.262 ms",
        "min_interval": 26207,
        "max_interval": 26207,
        "Latency": 26206
    },
    "HLS": {
        "LUT": 10768,
        "FF": 7494,
        "DSP": 13,
        "BRAM": 0,
        "URAM": 0,
        "CP": 7.095
    },
    "IMPL": {
        "LUT": 4959,
        "FF": 3031,
        "DSP": 13,
        "BRAM": 0,
        "CP": 7.817,
        "PWR": 0.283
    }
}