{
    "LATENCY": {
        "best_latency": 39027,
        "worst_latency": 39027,
        "average_latency": 39027,
        "best_time_latency": "0.390 ms",
        "worst_time_latency": "0.390 ms",
        "average_time_latency": "0.390 ms",
        "min_interval": 39028,
        "max_interval": 39028,
        "Latency": 39027
    },
    "HLS": {
        "LUT": 3318,
        "FF": 2519,
        "DSP": 15,
        "BRAM": 0,
        "URAM": 0,
        "CP": 6.886
    },
    "IMPL": {
        "LUT": 1220,
        "FF": 1462,
        "DSP": 15,
        "BRAM": 0,
        "CP": 6.666,
        "PWR": 0.259
    }
}