{
    "LATENCY": {
        "best_latency": 26223,
        "worst_latency": 26223,
        "average_latency": 26223,
        "best_time_latency": "0.262 ms",
        "worst_time_latency": "0.262 ms",
        "average_time_latency": "0.262 ms",
        "min_interval": 26224,
        "max_interval": 26224,
        "Latency": 26223
    },
    "HLS": {
        "LUT": 82157,
        "FF": 68615,
        "DSP": 105,
        "BRAM": 0,
        "URAM": 0,
        "CP": 7.619
    },
    "IMPL": {
        "LUT": 21092,
        "FF": 17964,
        "DSP": 124,
        "BRAM": 0,
        "CP": 8.548,
        "PWR": 0.65
    }
}