{
    "LATENCY": {
        "best_latency": 171913,
        "worst_latency": 171913,
        "average_latency": 171913,
        "best_time_latency": "1.719 ms",
        "worst_time_latency": "1.719 ms",
        "average_time_latency": "1.719 ms",
        "min_interval": 171914,
        "max_interval": 171914,
        "Latency": 171913
    },
    "HLS": {
        "LUT": 8909,
        "FF": 3243,
        "DSP": 11,
        "BRAM": 0,
        "URAM": 0,
        "CP": 6.589
    },
    "IMPL": {
        "LUT": 5581,
        "FF": 2412,
        "DSP": 14,
        "BRAM": 0,
        "CP": 7.307,
        "PWR": 0.381
    }
}