{
    "LATENCY": {
        "best_latency": 44214,
        "worst_latency": 44214,
        "average_latency": 44214,
        "best_time_latency": "0.442 ms",
        "worst_time_latency": "0.442 ms",
        "average_time_latency": "0.442 ms",
        "min_interval": 44215,
        "max_interval": 44215,
        "Latency": 44214
    },
    "HLS": {
        "LUT": 7470,
        "FF": 2116,
        "DSP": 22,
        "BRAM": 0,
        "URAM": 0,
        "CP": 6.974
    },
    "IMPL": {
        "LUT": 2345,
        "FF": 1703,
        "DSP": 22,
        "BRAM": 0,
        "CP": 7.292,
        "PWR": 0.304
    }
}