{
    "LATENCY": {
        "best_latency": 77559,
        "worst_latency": 77559,
        "average_latency": 77559,
        "best_time_latency": "0.776 ms",
        "worst_time_latency": "0.776 ms",
        "average_time_latency": "0.776 ms",
        "min_interval": 77560,
        "max_interval": 77560,
        "Latency": 77559
    },
    "HLS": {
        "LUT": 3809,
        "FF": 2408,
        "DSP": 14,
        "BRAM": 0,
        "URAM": 0,
        "CP": 6.504
    },
    "IMPL": {
        "LUT": 1487,
        "FF": 1978,
        "DSP": 14,
        "BRAM": 0,
        "CP": 7.145,
        "PWR": 0.311
    }
}