{
    "LATENCY": {
        "best_latency": 82993,
        "worst_latency": 82993,
        "average_latency": 82993,
        "best_time_latency": "0.830 ms",
        "worst_time_latency": "0.830 ms",
        "average_time_latency": "0.830 ms",
        "min_interval": 82994,
        "max_interval": 82994,
        "Latency": 82993
    },
    "HLS": {
        "LUT": 5240,
        "FF": 1756,
        "DSP": 5,
        "BRAM": 0,
        "URAM": 0,
        "CP": 6.886
    },
    "IMPL": {
        "LUT": 3544,
        "FF": 1471,
        "DSP": 5,
        "BRAM": 0,
        "CP": 7.333,
        "PWR": 0.372
    }
}