{
    "LATENCY": {
        "best_latency": 194143,
        "worst_latency": 194143,
        "average_latency": 194143,
        "best_time_latency": "1.941 ms",
        "worst_time_latency": "1.941 ms",
        "average_time_latency": "1.941 ms",
        "min_interval": 194144,
        "max_interval": 194144,
        "Latency": 194143
    },
    "HLS": {
        "LUT": 10343,
        "FF": 3319,
        "DSP": 10,
        "BRAM": 0,
        "URAM": 0,
        "CP": 6.754
    },
    "IMPL": {
        "LUT": 4189,
        "FF": 2086,
        "DSP": 14,
        "BRAM": 0,
        "CP": 7.867,
        "PWR": 0.442
    }
}