{
    "LATENCY": {
        "best_latency": 2514,
        "worst_latency": 2514,
        "average_latency": 2514,
        "best_time_latency": "25.140 us",
        "worst_time_latency": "25.140 us",
        "average_time_latency": "25.140 us",
        "min_interval": 2515,
        "max_interval": 2515,
        "Latency": 2514
    },
    "HLS": {
        "LUT": 12460,
        "FF": 5132,
        "DSP": 0,
        "BRAM": 0,
        "URAM": 0,
        "CP": 7.121
    },
    "IMPL": {
        "LUT": 8350,
        "FF": 4745,
        "DSP": 0,
        "BRAM": 0,
        "CP": 8.383,
        "PWR": 0.355
    }
}