{
    "LATENCY": {
        "best_latency": 50883,
        "worst_latency": 50883,
        "average_latency": 50883,
        "best_time_latency": "0.509 ms",
        "worst_time_latency": "0.509 ms",
        "average_time_latency": "0.509 ms",
        "min_interval": 50884,
        "max_interval": 50884,
        "Latency": 50883
    },
    "HLS": {
        "LUT": 10600,
        "FF": 12768,
        "DSP": 24,
        "BRAM": 0,
        "URAM": 0,
        "CP": 7.135
    },
    "IMPL": {
        "LUT": 4508,
        "FF": 4520,
        "DSP": 29,
        "BRAM": 0,
        "CP": 7.398,
        "PWR": 0.384
    }
}