{
    "LATENCY": {
        "best_latency": 45943,
        "worst_latency": 45943,
        "average_latency": 45943,
        "best_time_latency": "0.459 ms",
        "worst_time_latency": "0.459 ms",
        "average_time_latency": "0.459 ms",
        "min_interval": 45944,
        "max_interval": 45944,
        "Latency": 45943
    },
    "HLS": {
        "LUT": 13092,
        "FF": 7681,
        "DSP": 18,
        "BRAM": 0,
        "URAM": 0,
        "CP": 7.135
    },
    "IMPL": {
        "LUT": 2244,
        "FF": 2864,
        "DSP": 19,
        "BRAM": 0,
        "CP": 7.448,
        "PWR": 0.299
    }
}