{
    "LATENCY": {
        "best_latency": 41497,
        "worst_latency": 41497,
        "average_latency": 41497,
        "best_time_latency": "0.415 ms",
        "worst_time_latency": "0.415 ms",
        "average_time_latency": "0.415 ms",
        "min_interval": 41498,
        "max_interval": 41498,
        "Latency": 41497
    },
    "HLS": {
        "LUT": 12467,
        "FF": 5140,
        "DSP": 7,
        "BRAM": 0,
        "URAM": 0,
        "CP": 6.709
    },
    "IMPL": {
        "LUT": 4753,
        "FF": 2985,
        "DSP": 8,
        "BRAM": 0,
        "CP": 7.716,
        "PWR": 0.282
    }
}