{
    "LATENCY": {
        "best_latency": 213903,
        "worst_latency": 213903,
        "average_latency": 213903,
        "best_time_latency": "2.139 ms",
        "worst_time_latency": "2.139 ms",
        "average_time_latency": "2.139 ms",
        "min_interval": 213904,
        "max_interval": 213904,
        "Latency": 213903
    },
    "HLS": {
        "LUT": 5177,
        "FF": 1506,
        "DSP": 2,
        "BRAM": 0,
        "URAM": 0,
        "CP": 6.589
    },
    "IMPL": {
        "LUT": 3104,
        "FF": 1249,
        "DSP": 2,
        "BRAM": 0,
        "CP": 7.553,
        "PWR": 0.281
    }
}