{
    "LATENCY": {
        "best_latency": 25203,
        "worst_latency": 25203,
        "average_latency": 25203,
        "best_time_latency": "0.252 ms",
        "worst_time_latency": "0.252 ms",
        "average_time_latency": "0.252 ms",
        "min_interval": 25204,
        "max_interval": 25204,
        "Latency": 25203
    },
    "HLS": {
        "LUT": 3992,
        "FF": 3255,
        "DSP": 13,
        "BRAM": 0,
        "URAM": 0,
        "CP": 7.01
    },
    "IMPL": {
        "LUT": 2404,
        "FF": 3082,
        "DSP": 13,
        "BRAM": 0,
        "CP": 7.169,
        "PWR": 0.258
    }
}