{
    "LATENCY": {
        "best_latency": 2563,
        "worst_latency": 2563,
        "average_latency": 2563,
        "best_time_latency": "25.630 us",
        "worst_time_latency": "25.630 us",
        "average_time_latency": "25.630 us",
        "min_interval": 2564,
        "max_interval": 2564,
        "Latency": 2563
    },
    "HLS": {
        "LUT": 28573,
        "FF": 21745,
        "DSP": 46,
        "BRAM": 0,
        "URAM": 0,
        "CP": 7.121
    },
    "IMPL": {
        "LUT": 8842,
        "FF": 7904,
        "DSP": 56,
        "BRAM": 0,
        "CP": 10.992,
        "PWR": 0.431
    }
}