{
    "LATENCY": {
        "best_latency": 2575,
        "worst_latency": 2575,
        "average_latency": 2575,
        "best_time_latency": "25.750 us",
        "worst_time_latency": "25.750 us",
        "average_time_latency": "25.750 us",
        "min_interval": 2576,
        "max_interval": 2576,
        "Latency": 2575
    },
    "HLS": {
        "LUT": 55503,
        "FF": 65577,
        "DSP": 106,
        "BRAM": 0,
        "URAM": 0,
        "CP": 7.01
    },
    "IMPL": {
        "LUT": 18376,
        "FF": 20608,
        "DSP": 126,
        "BRAM": 0,
        "CP": 8.462,
        "PWR": 0.646
    }
}