{
    "LATENCY": {
        "best_latency": 21264,
        "worst_latency": 21264,
        "average_latency": 21264,
        "best_time_latency": "0.213 ms",
        "worst_time_latency": "0.213 ms",
        "average_time_latency": "0.213 ms",
        "min_interval": 21265,
        "max_interval": 21265,
        "Latency": 21264
    },
    "HLS": {
        "LUT": 21499,
        "FF": 14730,
        "DSP": 32,
        "BRAM": 0,
        "URAM": 0,
        "CP": 7.534
    },
    "IMPL": {
        "LUT": 4758,
        "FF": 6123,
        "DSP": 32,
        "BRAM": 0,
        "CP": 7.418,
        "PWR": 0.299
    }
}