{
    "LATENCY": {
        "best_latency": 38039,
        "worst_latency": 38039,
        "average_latency": 38039,
        "best_time_latency": "0.380 ms",
        "worst_time_latency": "0.380 ms",
        "average_time_latency": "0.380 ms",
        "min_interval": 38040,
        "max_interval": 38040,
        "Latency": 38039
    },
    "HLS": {
        "LUT": 12955,
        "FF": 5964,
        "DSP": 18,
        "BRAM": 0,
        "URAM": 0,
        "CP": 7.135
    },
    "IMPL": {
        "LUT": 2511,
        "FF": 3620,
        "DSP": 18,
        "BRAM": 0,
        "CP": 7.136,
        "PWR": 0.286
    }
}