{
    "LATENCY": {
        "best_latency": 2545,
        "worst_latency": 2545,
        "average_latency": 2545,
        "best_time_latency": "25.450 us",
        "worst_time_latency": "25.450 us",
        "average_time_latency": "25.450 us",
        "min_interval": 2546,
        "max_interval": 2546,
        "Latency": 2545
    },
    "HLS": {
        "LUT": 19825,
        "FF": 10642,
        "DSP": 16,
        "BRAM": 0,
        "URAM": 0,
        "CP": 7.121
    },
    "IMPL": {
        "LUT": 7738,
        "FF": 5201,
        "DSP": 16,
        "BRAM": 0,
        "CP": 8.519,
        "PWR": 0.306
    }
}