{
    "LATENCY": {
        "best_latency": 2526,
        "worst_latency": 2526,
        "average_latency": 2526,
        "best_time_latency": "25.260 us",
        "worst_time_latency": "25.260 us",
        "average_time_latency": "25.260 us",
        "min_interval": 2527,
        "max_interval": 2527,
        "Latency": 2526
    },
    "HLS": {
        "LUT": 19119,
        "FF": 15322,
        "DSP": 20,
        "BRAM": 0,
        "URAM": 0,
        "CP": 7.095
    },
    "IMPL": {
        "LUT": 9338,
        "FF": 7347,
        "DSP": 20,
        "BRAM": 0,
        "CP": 8.421,
        "PWR": 0.347
    }
}