{
    "LATENCY": {
        "best_latency": 25689,
        "worst_latency": 25689,
        "average_latency": 25689,
        "best_time_latency": "0.257 ms",
        "worst_time_latency": "0.257 ms",
        "average_time_latency": "0.257 ms",
        "min_interval": 25690,
        "max_interval": 25690,
        "Latency": 25689
    },
    "HLS": {
        "LUT": 9399,
        "FF": 3371,
        "DSP": 0,
        "BRAM": 0,
        "URAM": 0,
        "CP": 7.236
    },
    "IMPL": {
        "LUT": 4699,
        "FF": 3120,
        "DSP": 0,
        "BRAM": 0,
        "CP": 7.793,
        "PWR": 0.326
    }
}