{
    "LATENCY": {
        "best_latency": 312456,
        "worst_latency": 312456,
        "average_latency": 312456,
        "best_time_latency": "3.125 ms",
        "worst_time_latency": "3.125 ms",
        "average_time_latency": "3.125 ms",
        "min_interval": 312457,
        "max_interval": 312457,
        "Latency": 312456
    },
    "HLS": {
        "LUT": 7169,
        "FF": 2750,
        "DSP": 11,
        "BRAM": 0,
        "URAM": 0,
        "CP": 6.754
    },
    "IMPL": {
        "LUT": 3669,
        "FF": 1672,
        "DSP": 13,
        "BRAM": 0,
        "CP": 7.464,
        "PWR": 0.333
    }
}