{
    "LATENCY": {
        "best_latency": 40015,
        "worst_latency": 40015,
        "average_latency": 40015,
        "best_time_latency": "0.400 ms",
        "worst_time_latency": "0.400 ms",
        "average_time_latency": "0.400 ms",
        "min_interval": 40016,
        "max_interval": 40016,
        "Latency": 40015
    },
    "HLS": {
        "LUT": 5954,
        "FF": 4021,
        "DSP": 3,
        "BRAM": 0,
        "URAM": 0,
        "CP": 7.135
    },
    "IMPL": {
        "LUT": 5191,
        "FF": 1451,
        "DSP": 4,
        "BRAM": 0,
        "CP": 7.398,
        "PWR": 0.332
    }
}