{
    "LATENCY": {
        "best_latency": 39027,
        "worst_latency": 39027,
        "average_latency": 39027,
        "best_time_latency": "0.390 ms",
        "worst_time_latency": "0.390 ms",
        "average_time_latency": "0.390 ms",
        "min_interval": 39028,
        "max_interval": 39028,
        "Latency": 39027
    },
    "HLS": {
        "LUT": 6788,
        "FF": 4034,
        "DSP": 3,
        "BRAM": 0,
        "URAM": 0,
        "CP": 7.135
    },
    "IMPL": {
        "LUT": 3770,
        "FF": 1585,
        "DSP": 4,
        "BRAM": 0,
        "CP": 7.91,
        "PWR": 0.309
    }
}