{
    "LATENCY": {
        "best_latency": 37545,
        "worst_latency": 37545,
        "average_latency": 37545,
        "best_time_latency": "0.375 ms",
        "worst_time_latency": "0.375 ms",
        "average_time_latency": "0.375 ms",
        "min_interval": 37546,
        "max_interval": 37546,
        "Latency": 37545
    },
    "HLS": {
        "LUT": 9165,
        "FF": 3567,
        "DSP": 17,
        "BRAM": 0,
        "URAM": 0,
        "CP": 6.974
    },
    "IMPL": {
        "LUT": 2046,
        "FF": 2202,
        "DSP": 17,
        "BRAM": 0,
        "CP": 6.994,
        "PWR": 0.289
    }
}