{
    "LATENCY": {
        "best_latency": 2577,
        "worst_latency": 2577,
        "average_latency": 2577,
        "best_time_latency": "25.770 us",
        "worst_time_latency": "25.770 us",
        "average_time_latency": "25.770 us",
        "min_interval": 2578,
        "max_interval": 2578,
        "Latency": 2577
    },
    "HLS": {
        "LUT": 65319,
        "FF": 71914,
        "DSP": 97,
        "BRAM": 0,
        "URAM": 0,
        "CP": 7.139
    },
    "IMPL": {
        "LUT": 22954,
        "FF": 20897,
        "DSP": 122,
        "BRAM": 0,
        "CP": 8.735,
        "PWR": 0.696
    }
}