{
    "LATENCY": {
        "best_latency": 2544,
        "worst_latency": 2544,
        "average_latency": 2544,
        "best_time_latency": "25.440 us",
        "worst_time_latency": "25.440 us",
        "average_time_latency": "25.440 us",
        "min_interval": 2545,
        "max_interval": 2545,
        "Latency": 2544
    },
    "HLS": {
        "LUT": 13670,
        "FF": 10158,
        "DSP": 16,
        "BRAM": 0,
        "URAM": 0,
        "CP": 7.121
    },
    "IMPL": {
        "LUT": 6427,
        "FF": 5016,
        "DSP": 16,
        "BRAM": 0,
        "CP": 8.662,
        "PWR": 0.31
    }
}