{
    "LATENCY": {
        "best_latency": 166726,
        "worst_latency": 166726,
        "average_latency": 166726,
        "best_time_latency": "1.667 ms",
        "worst_time_latency": "1.667 ms",
        "average_time_latency": "1.667 ms",
        "min_interval": 166727,
        "max_interval": 166727,
        "Latency": 166726
    },
    "HLS": {
        "LUT": 9346,
        "FF": 4252,
        "DSP": 26,
        "BRAM": 0,
        "URAM": 0,
        "CP": 6.754
    },
    "IMPL": {
        "LUT": 2360,
        "FF": 2931,
        "DSP": 30,
        "BRAM": 0,
        "CP": 6.995,
        "PWR": 0.356
    }
}