{
    "LATENCY": {
        "best_latency": 2530,
        "worst_latency": 2530,
        "average_latency": 2530,
        "best_time_latency": "25.300 us",
        "worst_time_latency": "25.300 us",
        "average_time_latency": "25.300 us",
        "min_interval": 2531,
        "max_interval": 2531,
        "Latency": 2530
    },
    "HLS": {
        "LUT": 14583,
        "FF": 8547,
        "DSP": 30,
        "BRAM": 0,
        "URAM": 0,
        "CP": 7.036
    },
    "IMPL": {
        "LUT": 3711,
        "FF": 5382,
        "DSP": 30,
        "BRAM": 0,
        "CP": 7.699,
        "PWR": 0.3
    }
}