{
    "LATENCY": {
        "best_latency": 10172,
        "worst_latency": 10172,
        "average_latency": 10172,
        "best_time_latency": "0.102 ms",
        "worst_time_latency": "0.102 ms",
        "average_time_latency": "0.102 ms",
        "min_interval": 10173,
        "max_interval": 10173,
        "Latency": 10172
    },
    "HLS": {
        "LUT": 50140,
        "FF": 51372,
        "DSP": 70,
        "BRAM": 0,
        "URAM": 0,
        "CP": 7.534
    },
    "IMPL": {
        "LUT": 15865,
        "FF": 16651,
        "DSP": 90,
        "BRAM": 0,
        "CP": 7.843,
        "PWR": 0.561
    }
}