{
    "LATENCY": {
        "best_latency": 34581,
        "worst_latency": 34581,
        "average_latency": 34581,
        "best_time_latency": "0.346 ms",
        "worst_time_latency": "0.346 ms",
        "average_time_latency": "0.346 ms",
        "min_interval": 34582,
        "max_interval": 34582,
        "Latency": 34581
    },
    "HLS": {
        "LUT": 7262,
        "FF": 2173,
        "DSP": 4,
        "BRAM": 0,
        "URAM": 0,
        "CP": 6.974
    },
    "IMPL": {
        "LUT": 3629,
        "FF": 1486,
        "DSP": 4,
        "BRAM": 0,
        "CP": 7.719,
        "PWR": 0.293
    }
}