{
    "LATENCY": {
        "best_latency": 139803,
        "worst_latency": 139803,
        "average_latency": 139803,
        "best_time_latency": "1.398 ms",
        "worst_time_latency": "1.398 ms",
        "average_time_latency": "1.398 ms",
        "min_interval": 139804,
        "max_interval": 139804,
        "Latency": 139803
    },
    "HLS": {
        "LUT": 5674,
        "FF": 1579,
        "DSP": 4,
        "BRAM": 0,
        "URAM": 0,
        "CP": 6.886
    },
    "IMPL": {
        "LUT": 3730,
        "FF": 1328,
        "DSP": 4,
        "BRAM": 0,
        "CP": 7.103,
        "PWR": 0.311
    }
}