{
    "LATENCY": {
        "best_latency": 2550,
        "worst_latency": 2550,
        "average_latency": 2550,
        "best_time_latency": "25.500 us",
        "worst_time_latency": "25.500 us",
        "average_time_latency": "25.500 us",
        "min_interval": 2551,
        "max_interval": 2551,
        "Latency": 2550
    },
    "HLS": {
        "LUT": 32094,
        "FF": 29324,
        "DSP": 30,
        "BRAM": 0,
        "URAM": 0,
        "CP": 7.121
    },
    "IMPL": {
        "LUT": 13581,
        "FF": 10145,
        "DSP": 40,
        "BRAM": 0,
        "CP": 9.104,
        "PWR": 0.449
    }
}