{
    "LATENCY": {
        "best_latency": 2561,
        "worst_latency": 2561,
        "average_latency": 2561,
        "best_time_latency": "25.610 us",
        "worst_time_latency": "25.610 us",
        "average_time_latency": "25.610 us",
        "min_interval": 2562,
        "max_interval": 2562,
        "Latency": 2561
    },
    "HLS": {
        "LUT": 63003,
        "FF": 61469,
        "DSP": 90,
        "BRAM": 0,
        "URAM": 0,
        "CP": 7.01
    },
    "IMPL": {
        "LUT": 17622,
        "FF": 19868,
        "DSP": 110,
        "BRAM": 0,
        "CP": 9.687,
        "PWR": 0.663
    }
}