{
    "LATENCY": {
        "best_latency": 2559,
        "worst_latency": 2559,
        "average_latency": 2559,
        "best_time_latency": "25.590 us",
        "worst_time_latency": "25.590 us",
        "average_time_latency": "25.590 us",
        "min_interval": 2560,
        "max_interval": 2560,
        "Latency": 2559
    },
    "HLS": {
        "LUT": 21486,
        "FF": 16871,
        "DSP": 46,
        "BRAM": 0,
        "URAM": 0,
        "CP": 7.036
    },
    "IMPL": {
        "LUT": 4928,
        "FF": 7328,
        "DSP": 46,
        "BRAM": 0,
        "CP": 8.078,
        "PWR": 0.332
    }
}