{
    "LATENCY": {
        "best_latency": 2580,
        "worst_latency": 2580,
        "average_latency": 2580,
        "best_time_latency": "25.800 us",
        "worst_time_latency": "25.800 us",
        "average_time_latency": "25.800 us",
        "min_interval": 2581,
        "max_interval": 2581,
        "Latency": 2580
    },
    "HLS": {
        "LUT": 42258,
        "FF": 36874,
        "DSP": 46,
        "BRAM": 0,
        "URAM": 0,
        "CP": 7.121
    },
    "IMPL": {
        "LUT": 14278,
        "FF": 11314,
        "DSP": 56,
        "BRAM": 0,
        "CP": 9.429,
        "PWR": 0.526
    }
}