{
    "LATENCY": {
        "best_latency": 19145,
        "worst_latency": 19145,
        "average_latency": 19145,
        "best_time_latency": "0.191 ms",
        "worst_time_latency": "0.191 ms",
        "average_time_latency": "0.191 ms",
        "min_interval": 19146,
        "max_interval": 19146,
        "Latency": 19145
    },
    "HLS": {
        "LUT": 19637,
        "FF": 23632,
        "DSP": 578,
        "BRAM": 0,
        "URAM": 0,
        "CP": 7.259
    },
    "IMPL": {
        "LUT": 11269,
        "FF": 13970,
        "DSP": 512,
        "BRAM": 0,
        "CP": 10.203,
        "PWR": 0.831
    }
}