{
    "LATENCY": {
        "best_latency": 53686,
        "worst_latency": 53686,
        "average_latency": 53686,
        "best_time_latency": "0.537 ms",
        "worst_time_latency": "0.537 ms",
        "average_time_latency": "0.537 ms",
        "min_interval": 53687,
        "max_interval": 53687,
        "Latency": 53686
    },
    "HLS": {
        "LUT": 9009,
        "FF": 1585,
        "DSP": 0,
        "BRAM": 0,
        "URAM": 0,
        "CP": 6.862
    },
    "IMPL": {
        "LUT": 3686,
        "FF": 1511,
        "DSP": 0,
        "BRAM": 0,
        "CP": 6.142,
        "PWR": 0.273
    }
}