{
    "LATENCY": {
        "best_latency": 52954,
        "worst_latency": 52954,
        "average_latency": 52954,
        "best_time_latency": "0.530 ms",
        "worst_time_latency": "0.530 ms",
        "average_time_latency": "0.530 ms",
        "min_interval": 52955,
        "max_interval": 52955,
        "Latency": 52954
    },
    "HLS": {
        "LUT": 9338,
        "FF": 1526,
        "DSP": 0,
        "BRAM": 0,
        "URAM": 0,
        "CP": 6.978
    },
    "IMPL": {
        "LUT": 3369,
        "FF": 1538,
        "DSP": 0,
        "BRAM": 0,
        "CP": 6.047,
        "PWR": 0.256
    }
}