{
    "LATENCY": {
        "best_latency": 43395,
        "worst_latency": 43395,
        "average_latency": 43395,
        "best_time_latency": "0.434 ms",
        "worst_time_latency": "0.434 ms",
        "average_time_latency": "0.434 ms",
        "min_interval": 43396,
        "max_interval": 43396,
        "Latency": 43395
    },
    "HLS": {
        "LUT": 19922,
        "FF": 1880,
        "DSP": 0,
        "BRAM": 0,
        "URAM": 0,
        "CP": 7.152
    },
    "IMPL": {
        "LUT": 5627,
        "FF": 1660,
        "DSP": 0,
        "BRAM": 0,
        "CP": 6.726,
        "PWR": 0.289
    }
}