{
    "LATENCY": {
        "best_latency": 30117,
        "worst_latency": 30117,
        "average_latency": 30117,
        "best_time_latency": "0.301 ms",
        "worst_time_latency": "0.301 ms",
        "average_time_latency": "0.301 ms",
        "min_interval": 30118,
        "max_interval": 30118,
        "Latency": 30117
    },
    "HLS": {
        "LUT": 40645,
        "FF": 5943,
        "DSP": 84,
        "BRAM": 0,
        "URAM": 0,
        "CP": 6.282
    },
    "IMPL": {
        "LUT": 5936,
        "FF": 4965,
        "DSP": 159,
        "BRAM": 0,
        "CP": 8.093,
        "PWR": 0.369
    }
}