{
    "LATENCY": {
        "best_latency": 35748,
        "worst_latency": 35748,
        "average_latency": 35748,
        "best_time_latency": "0.357 ms",
        "worst_time_latency": "0.357 ms",
        "average_time_latency": "0.357 ms",
        "min_interval": 35749,
        "max_interval": 35749,
        "Latency": 35748
    },
    "HLS": {
        "LUT": 35789,
        "FF": 6355,
        "DSP": 154,
        "BRAM": 0,
        "URAM": 0,
        "CP": 7.259
    },
    "IMPL": {
        "LUT": 4196,
        "FF": 4002,
        "DSP": 153,
        "BRAM": 0,
        "CP": 8.041,
        "PWR": 0.413
    }
}