{
    "LATENCY": {
        "best_latency": 102254,
        "worst_latency": 102254,
        "average_latency": 102254,
        "best_time_latency": "1.023 ms",
        "worst_time_latency": "1.023 ms",
        "average_time_latency": "1.023 ms",
        "min_interval": 102255,
        "max_interval": 102255,
        "Latency": 102254
    },
    "HLS": {
        "LUT": 9968,
        "FF": 1206,
        "DSP": 16,
        "BRAM": 0,
        "URAM": 0,
        "CP": 7.259
    },
    "IMPL": {
        "LUT": 2054,
        "FF": 654,
        "DSP": 8,
        "BRAM": 0,
        "CP": 7.229,
        "PWR": 0.291
    }
}