{
    "LATENCY": {
        "best_latency": 59262,
        "worst_latency": 59262,
        "average_latency": 59262,
        "best_time_latency": "0.593 ms",
        "worst_time_latency": "0.593 ms",
        "average_time_latency": "0.593 ms",
        "min_interval": 59263,
        "max_interval": 59263,
        "Latency": 59262
    },
    "HLS": {
        "LUT": 4233,
        "FF": 920,
        "DSP": 3,
        "BRAM": 0,
        "URAM": 0,
        "CP": 7.259
    },
    "IMPL": {
        "LUT": 1738,
        "FF": 655,
        "DSP": 0,
        "BRAM": 0,
        "CP": 6.973,
        "PWR": 0.263
    }
}