{
    "LATENCY": {
        "best_latency": 50566,
        "worst_latency": 50566,
        "average_latency": 50566,
        "best_time_latency": "0.506 ms",
        "worst_time_latency": "0.506 ms",
        "average_time_latency": "0.506 ms",
        "min_interval": 50567,
        "max_interval": 50567,
        "Latency": 50566
    },
    "HLS": {
        "LUT": 11310,
        "FF": 3688,
        "DSP": 6,
        "BRAM": 0,
        "URAM": 0,
        "CP": 6.808
    },
    "IMPL": {
        "LUT": 4395,
        "FF": 3244,
        "DSP": 11,
        "BRAM": 0,
        "CP": 6.156,
        "PWR": 0.3
    }
}