{
    "LATENCY": {
        "best_latency": 47862,
        "worst_latency": 47862,
        "average_latency": 47862,
        "best_time_latency": "0.479 ms",
        "worst_time_latency": "0.479 ms",
        "average_time_latency": "0.479 ms",
        "min_interval": 47863,
        "max_interval": 47863,
        "Latency": 47862
    },
    "HLS": {
        "LUT": 5040,
        "FF": 822,
        "DSP": 12,
        "BRAM": 0,
        "URAM": 0,
        "CP": 7.259
    },
    "IMPL": {
        "LUT": 952,
        "FF": 622,
        "DSP": 11,
        "BRAM": 0,
        "CP": 6.201,
        "PWR": 0.28
    }
}