{
    "LATENCY": {
        "best_latency": 46249,
        "worst_latency": 46249,
        "average_latency": 46249,
        "best_time_latency": "0.462 ms",
        "worst_time_latency": "0.462 ms",
        "average_time_latency": "0.462 ms",
        "min_interval": 46250,
        "max_interval": 46250,
        "Latency": 46249
    },
    "HLS": {
        "LUT": 5331,
        "FF": 2802,
        "DSP": 24,
        "BRAM": 0,
        "URAM": 0,
        "CP": 7.259
    },
    "IMPL": {
        "LUT": 2069,
        "FF": 2442,
        "DSP": 23,
        "BRAM": 0,
        "CP": 6.836,
        "PWR": 0.269
    }
}