{
    "LATENCY": {
        "best_latency": 66080,
        "worst_latency": 66080,
        "average_latency": 66080,
        "best_time_latency": "0.661 ms",
        "worst_time_latency": "0.661 ms",
        "average_time_latency": "0.661 ms",
        "min_interval": 66081,
        "max_interval": 66081,
        "Latency": 66080
    },
    "HLS": {
        "LUT": 45079,
        "FF": 6970,
        "DSP": 12,
        "BRAM": 0,
        "URAM": 0,
        "CP": 6.465
    },
    "IMPL": {
        "LUT": 4623,
        "FF": 6417,
        "DSP": 15,
        "BRAM": 0,
        "CP": 6.572,
        "PWR": 0.302
    }
}