{
    "LATENCY": {
        "best_latency": 53724,
        "worst_latency": 53724,
        "average_latency": 53724,
        "best_time_latency": "0.537 ms",
        "worst_time_latency": "0.537 ms",
        "average_time_latency": "0.537 ms",
        "min_interval": 53725,
        "max_interval": 53725,
        "Latency": 53724
    },
    "HLS": {
        "LUT": 4404,
        "FF": 882,
        "DSP": 16,
        "BRAM": 0,
        "URAM": 0,
        "CP": 6.615
    },
    "IMPL": {
        "LUT": 981,
        "FF": 466,
        "DSP": 21,
        "BRAM": 0,
        "CP": 6.352,
        "PWR": 0.273
    }
}