{
    "LATENCY": {
        "best_latency": 41237,
        "worst_latency": 41237,
        "average_latency": 41237,
        "best_time_latency": "0.412 ms",
        "worst_time_latency": "0.412 ms",
        "average_time_latency": "0.412 ms",
        "min_interval": 41238,
        "max_interval": 41238,
        "Latency": 41237
    },
    "HLS": {
        "LUT": 9384,
        "FF": 1040,
        "DSP": 16,
        "BRAM": 0,
        "URAM": 0,
        "CP": 7.259
    },
    "IMPL": {
        "LUT": 2157,
        "FF": 602,
        "DSP": 7,
        "BRAM": 0,
        "CP": 7.612,
        "PWR": 0.281
    }
}