{
    "LATENCY": {
        "best_latency": 62899,
        "worst_latency": 62899,
        "average_latency": 62899,
        "best_time_latency": "0.629 ms",
        "worst_time_latency": "0.629 ms",
        "average_time_latency": "0.629 ms",
        "min_interval": 62900,
        "max_interval": 62900,
        "Latency": 62899
    },
    "HLS": {
        "LUT": 9348,
        "FF": 3401,
        "DSP": 5,
        "BRAM": 0,
        "URAM": 0,
        "CP": 6.282
    },
    "IMPL": {
        "LUT": 6932,
        "FF": 3306,
        "DSP": 2,
        "BRAM": 0,
        "CP": 8.437,
        "PWR": 0.308
    }
}