{
    "LATENCY": {
        "best_latency": 92265,
        "worst_latency": 92265,
        "average_latency": 92265,
        "best_time_latency": "0.923 ms",
        "worst_time_latency": "0.923 ms",
        "average_time_latency": "0.923 ms",
        "min_interval": 92266,
        "max_interval": 92266,
        "Latency": 92265
    },
    "HLS": {
        "LUT": 3120,
        "FF": 554,
        "DSP": 3,
        "BRAM": 0,
        "URAM": 0,
        "CP": 7.259
    },
    "IMPL": {
        "LUT": 1712,
        "FF": 405,
        "DSP": 0,
        "BRAM": 0,
        "CP": 5.938,
        "PWR": 0.258
    }
}