{
    "LATENCY": {
        "best_latency": 66883,
        "worst_latency": 66883,
        "average_latency": 66883,
        "best_time_latency": "0.669 ms",
        "worst_time_latency": "0.669 ms",
        "average_time_latency": "0.669 ms",
        "min_interval": 66884,
        "max_interval": 66884,
        "Latency": 66883
    },
    "HLS": {
        "LUT": 35283,
        "FF": 3044,
        "DSP": 12,
        "BRAM": 0,
        "URAM": 0,
        "CP": 7.259
    },
    "IMPL": {
        "LUT": 3696,
        "FF": 2736,
        "DSP": 11,
        "BRAM": 0,
        "CP": 6.643,
        "PWR": 0.279
    }
}