{
    "LATENCY": {
        "best_latency": 32106,
        "worst_latency": 32106,
        "average_latency": 32106,
        "best_time_latency": "0.321 ms",
        "worst_time_latency": "0.321 ms",
        "average_time_latency": "0.321 ms",
        "min_interval": 32107,
        "max_interval": 32107,
        "Latency": 32106
    },
    "HLS": {
        "LUT": 227258,
        "FF": 21458,
        "DSP": 84,
        "BRAM": 0,
        "URAM": 0,
        "CP": 7.259
    },
    "IMPL": {
        "LUT": 24423,
        "FF": 20938,
        "DSP": 0,
        "BRAM": 0,
        "CP": 9.878,
        "PWR": 0.544
    }
}