{
    "LATENCY": {
        "best_latency": 103110,
        "worst_latency": 103110,
        "average_latency": 103110,
        "best_time_latency": "1.031 ms",
        "worst_time_latency": "1.031 ms",
        "average_time_latency": "1.031 ms",
        "min_interval": 103111,
        "max_interval": 103111,
        "Latency": 103110
    },
    "HLS": {
        "LUT": 12732,
        "FF": 3381,
        "DSP": 10,
        "BRAM": 0,
        "URAM": 0,
        "CP": 6.282
    },
    "IMPL": {
        "LUT": 5559,
        "FF": 2926,
        "DSP": 6,
        "BRAM": 0,
        "CP": 6.631,
        "PWR": 0.296
    }
}