{
    "LATENCY": {
        "best_latency": 41456,
        "worst_latency": 41456,
        "average_latency": 41456,
        "best_time_latency": "0.415 ms",
        "worst_time_latency": "0.415 ms",
        "average_time_latency": "0.415 ms",
        "min_interval": 41457,
        "max_interval": 41457,
        "Latency": 41456
    },
    "HLS": {
        "LUT": 10768,
        "FF": 1989,
        "DSP": 16,
        "BRAM": 0,
        "URAM": 0,
        "CP": 6.886
    },
    "IMPL": {
        "LUT": 1433,
        "FF": 1197,
        "DSP": 20,
        "BRAM": 0,
        "CP": 5.986,
        "PWR": 0.288
    }
}