{
    "LATENCY": {
        "best_latency": 43406,
        "worst_latency": 43406,
        "average_latency": 43406,
        "best_time_latency": "0.434 ms",
        "worst_time_latency": "0.434 ms",
        "average_time_latency": "0.434 ms",
        "min_interval": 43407,
        "max_interval": 43407,
        "Latency": 43406
    },
    "HLS": {
        "LUT": 14843,
        "FF": 2568,
        "DSP": 12,
        "BRAM": 0,
        "URAM": 0,
        "CP": 7.259
    },
    "IMPL": {
        "LUT": 5828,
        "FF": 2126,
        "DSP": 0,
        "BRAM": 0,
        "CP": 7.9,
        "PWR": 0.296
    }
}