{
    "LATENCY": {
        "best_latency": 86247,
        "worst_latency": 86247,
        "average_latency": 86247,
        "best_time_latency": "0.862 ms",
        "worst_time_latency": "0.862 ms",
        "average_time_latency": "0.862 ms",
        "min_interval": 86248,
        "max_interval": 86248,
        "Latency": 86247
    },
    "HLS": {
        "LUT": 3395,
        "FF": 862,
        "DSP": 16,
        "BRAM": 0,
        "URAM": 0,
        "CP": 7.259
    },
    "IMPL": {
        "LUT": 2556,
        "FF": 487,
        "DSP": 12,
        "BRAM": 0,
        "CP": 6.94,
        "PWR": 0.284
    }
}