{
    "LATENCY": {
        "best_latency": 93168,
        "worst_latency": 93168,
        "average_latency": 93168,
        "best_time_latency": "0.932 ms",
        "worst_time_latency": "0.932 ms",
        "average_time_latency": "0.932 ms",
        "min_interval": 93169,
        "max_interval": 93169,
        "Latency": 93168
    },
    "HLS": {
        "LUT": 11287,
        "FF": 2789,
        "DSP": 6,
        "BRAM": 0,
        "URAM": 0,
        "CP": 7.259
    },
    "IMPL": {
        "LUT": 2833,
        "FF": 2425,
        "DSP": 0,
        "BRAM": 0,
        "CP": 6.698,
        "PWR": 0.278
    }
}