{
    "LATENCY": {
        "best_latency": 31336,
        "worst_latency": 31336,
        "average_latency": 31336,
        "best_time_latency": "0.313 ms",
        "worst_time_latency": "0.313 ms",
        "average_time_latency": "0.313 ms",
        "min_interval": 31337,
        "max_interval": 31337,
        "Latency": 31336
    },
    "HLS": {
        "LUT": 7168,
        "FF": 1213,
        "DSP": 16,
        "BRAM": 0,
        "URAM": 0,
        "CP": 6.282
    },
    "IMPL": {
        "LUT": 889,
        "FF": 766,
        "DSP": 21,
        "BRAM": 0,
        "CP": 5.44,
        "PWR": 0.287
    }
}