{
    "LATENCY": {
        "best_latency": 92847,
        "worst_latency": 92847,
        "average_latency": 92847,
        "best_time_latency": "0.928 ms",
        "worst_time_latency": "0.928 ms",
        "average_time_latency": "0.928 ms",
        "min_interval": 92848,
        "max_interval": 92848,
        "Latency": 92847
    },
    "HLS": {
        "LUT": 4366,
        "FF": 577,
        "DSP": 3,
        "BRAM": 0,
        "URAM": 0,
        "CP": 7.259
    },
    "IMPL": {
        "LUT": 1690,
        "FF": 423,
        "DSP": 0,
        "BRAM": 0,
        "CP": 5.94,
        "PWR": 0.263
    }
}