{
    "LATENCY": {
        "best_latency": 53495,
        "worst_latency": 53495,
        "average_latency": 53495,
        "best_time_latency": "0.535 ms",
        "worst_time_latency": "0.535 ms",
        "average_time_latency": "0.535 ms",
        "min_interval": 53496,
        "max_interval": 53496,
        "Latency": 53495
    },
    "HLS": {
        "LUT": 2501,
        "FF": 576,
        "DSP": 8,
        "BRAM": 0,
        "URAM": 0,
        "CP": 7.259
    },
    "IMPL": {
        "LUT": 1575,
        "FF": 366,
        "DSP": 4,
        "BRAM": 0,
        "CP": 6.811,
        "PWR": 0.265
    }
}