{
    "LATENCY": {
        "best_latency": 65862,
        "worst_latency": 65862,
        "average_latency": 65862,
        "best_time_latency": "0.659 ms",
        "worst_time_latency": "0.659 ms",
        "average_time_latency": "0.659 ms",
        "min_interval": 65863,
        "max_interval": 65863,
        "Latency": 65862
    },
    "HLS": {
        "LUT": 4167,
        "FF": 689,
        "DSP": 12,
        "BRAM": 0,
        "URAM": 0,
        "CP": 7.259
    },
    "IMPL": {
        "LUT": 2331,
        "FF": 249,
        "DSP": 9,
        "BRAM": 0,
        "CP": 7.317,
        "PWR": 0.267
    }
}