{
    "LATENCY": {
        "best_latency": 29009,
        "worst_latency": 29009,
        "average_latency": 29009,
        "best_time_latency": "0.290 ms",
        "worst_time_latency": "0.290 ms",
        "average_time_latency": "0.290 ms",
        "min_interval": 29010,
        "max_interval": 29010,
        "Latency": 29009
    },
    "HLS": {
        "LUT": 40164,
        "FF": 5990,
        "DSP": 84,
        "BRAM": 0,
        "URAM": 0,
        "CP": 7.259
    },
    "IMPL": {
        "LUT": 39661,
        "FF": 6257,
        "DSP": 0,
        "BRAM": 0,
        "CP": 9.177,
        "PWR": 0.374
    }
}