{
    "LATENCY": {
        "best_latency": 104365,
        "worst_latency": 104365,
        "average_latency": 104365,
        "best_time_latency": "1.044 ms",
        "worst_time_latency": "1.044 ms",
        "average_time_latency": "1.044 ms",
        "min_interval": 104366,
        "max_interval": 104366,
        "Latency": 104365
    },
    "HLS": {
        "LUT": 16067,
        "FF": 3884,
        "DSP": 8,
        "BRAM": 0,
        "URAM": 0,
        "CP": 6.886
    },
    "IMPL": {
        "LUT": 3942,
        "FF": 3159,
        "DSP": 9,
        "BRAM": 0,
        "CP": 5.562,
        "PWR": 0.308
    }
}