{
    "LATENCY": {
        "best_latency": 60165,
        "worst_latency": 60165,
        "average_latency": 60165,
        "best_time_latency": "0.602 ms",
        "worst_time_latency": "0.602 ms",
        "average_time_latency": "0.602 ms",
        "min_interval": 60166,
        "max_interval": 60166,
        "Latency": 60165
    },
    "HLS": {
        "LUT": 4032,
        "FF": 561,
        "DSP": 8,
        "BRAM": 0,
        "URAM": 0,
        "CP": 6.886
    },
    "IMPL": {
        "LUT": 487,
        "FF": 295,
        "DSP": 10,
        "BRAM": 0,
        "CP": 5.383,
        "PWR": 0.264
    }
}