{
    "LATENCY": {
        "best_latency": 101101,
        "worst_latency": 101101,
        "average_latency": 101101,
        "best_time_latency": "1.011 ms",
        "worst_time_latency": "1.011 ms",
        "average_time_latency": "1.011 ms",
        "min_interval": 101102,
        "max_interval": 101102,
        "Latency": 101101
    },
    "HLS": {
        "LUT": 42989,
        "FF": 10684,
        "DSP": 22,
        "BRAM": 0,
        "URAM": 0,
        "CP": 7.259
    },
    "IMPL": {
        "LUT": 14829,
        "FF": 10270,
        "DSP": 22,
        "BRAM": 0,
        "CP": 7.653,
        "PWR": 0.383
    }
}