{
    "LATENCY": {
        "best_latency": 41888,
        "worst_latency": 41888,
        "average_latency": 41888,
        "best_time_latency": "0.419 ms",
        "worst_time_latency": "0.419 ms",
        "average_time_latency": "0.419 ms",
        "min_interval": 41889,
        "max_interval": 41889,
        "Latency": 41888
    },
    "HLS": {
        "LUT": 45992,
        "FF": 13128,
        "DSP": 6,
        "BRAM": 0,
        "URAM": 0,
        "CP": 7.259
    },
    "IMPL": {
        "LUT": 9090,
        "FF": 11686,
        "DSP": 0,
        "BRAM": 0,
        "CP": 9.399,
        "PWR": 0.304
    }
}