{
    "LATENCY": {
        "best_latency": 63574,
        "worst_latency": 63574,
        "average_latency": 63574,
        "best_time_latency": "0.636 ms",
        "worst_time_latency": "0.636 ms",
        "average_time_latency": "0.636 ms",
        "min_interval": 63575,
        "max_interval": 63575,
        "Latency": 63574
    },
    "HLS": {
        "LUT": 14545,
        "FF": 6357,
        "DSP": 10,
        "BRAM": 0,
        "URAM": 0,
        "CP": 6.465
    },
    "IMPL": {
        "LUT": 6337,
        "FF": 5281,
        "DSP": 7,
        "BRAM": 0,
        "CP": 6.989,
        "PWR": 0.335
    }
}