{
    "LATENCY": {
        "best_latency": 105836,
        "worst_latency": 105836,
        "average_latency": 105836,
        "best_time_latency": "1.058 ms",
        "worst_time_latency": "1.058 ms",
        "average_time_latency": "1.058 ms",
        "min_interval": 105837,
        "max_interval": 105837,
        "Latency": 105836
    },
    "HLS": {
        "LUT": 27062,
        "FF": 1994,
        "DSP": 0,
        "BRAM": 0,
        "URAM": 0,
        "CP": 6.978
    },
    "IMPL": {
        "LUT": 6155,
        "FF": 1639,
        "DSP": 0,
        "BRAM": 0,
        "CP": 6.58,
        "PWR": 0.279
    }
}