{
    "LATENCY": {
        "best_latency": 63150,
        "worst_latency": 63150,
        "average_latency": 63150,
        "best_time_latency": "0.631 ms",
        "worst_time_latency": "0.631 ms",
        "average_time_latency": "0.631 ms",
        "min_interval": 63151,
        "max_interval": 63151,
        "Latency": 63150
    },
    "HLS": {
        "LUT": 10786,
        "FF": 1172,
        "DSP": 12,
        "BRAM": 0,
        "URAM": 0,
        "CP": 7.259
    },
    "IMPL": {
        "LUT": 1486,
        "FF": 871,
        "DSP": 11,
        "BRAM": 0,
        "CP": 6.35,
        "PWR": 0.282
    }
}