{
    "LATENCY": {
        "best_latency": 55921,
        "worst_latency": 55921,
        "average_latency": 55921,
        "best_time_latency": "0.559 ms",
        "worst_time_latency": "0.559 ms",
        "average_time_latency": "0.559 ms",
        "min_interval": 55922,
        "max_interval": 55922,
        "Latency": 55921
    },
    "HLS": {
        "LUT": 27710,
        "FF": 5010,
        "DSP": 6,
        "BRAM": 0,
        "URAM": 0,
        "CP": 6.615
    },
    "IMPL": {
        "LUT": 3947,
        "FF": 4593,
        "DSP": 10,
        "BRAM": 0,
        "CP": 6.615,
        "PWR": 0.276
    }
}