{
    "LATENCY": {
        "best_latency": 42431,
        "worst_latency": 42431,
        "average_latency": 42431,
        "best_time_latency": "0.424 ms",
        "worst_time_latency": "0.424 ms",
        "average_time_latency": "0.424 ms",
        "min_interval": 42432,
        "max_interval": 42432,
        "Latency": 42431
    },
    "HLS": {
        "LUT": 2645,
        "FF": 937,
        "DSP": 18,
        "BRAM": 0,
        "URAM": 0,
        "CP": 7.259
    },
    "IMPL": {
        "LUT": 1231,
        "FF": 525,
        "DSP": 18,
        "BRAM": 0,
        "CP": 7.007,
        "PWR": 0.281
    }
}