{
    "LATENCY": {
        "best_latency": 41900,
        "worst_latency": 41900,
        "average_latency": 41900,
        "best_time_latency": "0.419 ms",
        "worst_time_latency": "0.419 ms",
        "average_time_latency": "0.419 ms",
        "min_interval": 41901,
        "max_interval": 41901,
        "Latency": 41900
    },
    "HLS": {
        "LUT": 9727,
        "FF": 1003,
        "DSP": 12,
        "BRAM": 0,
        "URAM": 0,
        "CP": 7.259
    },
    "IMPL": {
        "LUT": 1389,
        "FF": 801,
        "DSP": 11,
        "BRAM": 0,
        "CP": 6.512,
        "PWR": 0.276
    }
}