{
    "LATENCY": {
        "best_latency": 41245,
        "worst_latency": 41245,
        "average_latency": 41245,
        "best_time_latency": "0.412 ms",
        "worst_time_latency": "0.412 ms",
        "average_time_latency": "0.412 ms",
        "min_interval": 41246,
        "max_interval": 41246,
        "Latency": 41245
    },
    "HLS": {
        "LUT": 12463,
        "FF": 2203,
        "DSP": 8,
        "BRAM": 0,
        "URAM": 0,
        "CP": 7.259
    },
    "IMPL": {
        "LUT": 1723,
        "FF": 1597,
        "DSP": 4,
        "BRAM": 0,
        "CP": 6.78,
        "PWR": 0.277
    }
}