{
    "LATENCY": {
        "best_latency": 29334,
        "worst_latency": 29334,
        "average_latency": 29334,
        "best_time_latency": "0.293 ms",
        "worst_time_latency": "0.293 ms",
        "average_time_latency": "0.293 ms",
        "min_interval": 29335,
        "max_interval": 29335,
        "Latency": 29334
    },
    "HLS": {
        "LUT": 89737,
        "FF": 8316,
        "DSP": 224,
        "BRAM": 0,
        "URAM": 0,
        "CP": 7.259
    },
    "IMPL": {
        "LUT": 32809,
        "FF": 5687,
        "DSP": 101,
        "BRAM": 0,
        "CP": 9.864,
        "PWR": 0.571
    }
}