{
    "LATENCY": {
        "best_latency": 105798,
        "worst_latency": 105798,
        "average_latency": 105798,
        "best_time_latency": "1.058 ms",
        "worst_time_latency": "1.058 ms",
        "average_time_latency": "1.058 ms",
        "min_interval": 105799,
        "max_interval": 105799,
        "Latency": 105798
    },
    "HLS": {
        "LUT": 16581,
        "FF": 1703,
        "DSP": 3,
        "BRAM": 0,
        "URAM": 0,
        "CP": 6.978
    },
    "IMPL": {
        "LUT": 2320,
        "FF": 1367,
        "DSP": 5,
        "BRAM": 0,
        "CP": 5.047,
        "PWR": 0.271
    }
}