{
    "LATENCY": {
        "best_latency": 43883,
        "worst_latency": 43883,
        "average_latency": 43883,
        "best_time_latency": "0.439 ms",
        "worst_time_latency": "0.439 ms",
        "average_time_latency": "0.439 ms",
        "min_interval": 43884,
        "max_interval": 43884,
        "Latency": 43883
    },
    "HLS": {
        "LUT": 9190,
        "FF": 1255,
        "DSP": 12,
        "BRAM": 0,
        "URAM": 0,
        "CP": 7.259
    },
    "IMPL": {
        "LUT": 1379,
        "FF": 1033,
        "DSP": 11,
        "BRAM": 0,
        "CP": 6.366,
        "PWR": 0.273
    }
}