{
    "LATENCY": {
        "best_latency": 53805,
        "worst_latency": 53805,
        "average_latency": 53805,
        "best_time_latency": "0.538 ms",
        "worst_time_latency": "0.538 ms",
        "average_time_latency": "0.538 ms",
        "min_interval": 53806,
        "max_interval": 53806,
        "Latency": 53805
    },
    "HLS": {
        "LUT": 4905,
        "FF": 681,
        "DSP": 8,
        "BRAM": 0,
        "URAM": 0,
        "CP": 6.886
    },
    "IMPL": {
        "LUT": 661,
        "FF": 437,
        "DSP": 10,
        "BRAM": 0,
        "CP": 4.875,
        "PWR": 0.272
    }
}