{
    "LATENCY": {
        "best_latency": 21523,
        "worst_latency": 21523,
        "average_latency": 21523,
        "best_time_latency": "0.215 ms",
        "worst_time_latency": "0.215 ms",
        "average_time_latency": "0.215 ms",
        "min_interval": 21524,
        "max_interval": 21524,
        "Latency": 21523
    },
    "HLS": {
        "LUT": 29992,
        "FF": 3152,
        "DSP": 0,
        "BRAM": 0,
        "URAM": 0,
        "CP": 6.886
    },
    "IMPL": {
        "LUT": 16897,
        "FF": 3156,
        "DSP": 0,
        "BRAM": 0,
        "CP": 8.414,
        "PWR": 0.371
    }
}