{
    "LATENCY": {
        "best_latency": 118437,
        "worst_latency": 118437,
        "average_latency": 118437,
        "best_time_latency": "1.184 ms",
        "worst_time_latency": "1.184 ms",
        "average_time_latency": "1.184 ms",
        "min_interval": 118438,
        "max_interval": 118438,
        "Latency": 118437
    },
    "HLS": {
        "LUT": 103732,
        "FF": 11307,
        "DSP": 5,
        "BRAM": 0,
        "URAM": 0,
        "CP": 6.553
    },
    "IMPL": {
        "LUT": 12367,
        "FF": 10141,
        "DSP": 3,
        "BRAM": 0,
        "CP": 7.845,
        "PWR": 0.342
    }
}