{
    "LATENCY": {
        "best_latency": 19425,
        "worst_latency": 19425,
        "average_latency": 19425,
        "best_time_latency": "0.194 ms",
        "worst_time_latency": "0.194 ms",
        "average_time_latency": "0.194 ms",
        "min_interval": 19426,
        "max_interval": 19426,
        "Latency": 19425
    },
    "HLS": {
        "LUT": 33749,
        "FF": 5222,
        "DSP": 42,
        "BRAM": 0,
        "URAM": 0,
        "CP": 7.259
    },
    "IMPL": {
        "LUT": 16909,
        "FF": 5146,
        "DSP": 0,
        "BRAM": 0,
        "CP": 9.096,
        "PWR": 0.317
    }
}