{
    "LATENCY": {
        "best_latency": 94506,
        "worst_latency": 94506,
        "average_latency": 94506,
        "best_time_latency": "0.945 ms",
        "worst_time_latency": "0.945 ms",
        "average_time_latency": "0.945 ms",
        "min_interval": 94507,
        "max_interval": 94507,
        "Latency": 94506
    },
    "HLS": {
        "LUT": 45742,
        "FF": 8993,
        "DSP": 16,
        "BRAM": 0,
        "URAM": 0,
        "CP": 6.465
    },
    "IMPL": {
        "LUT": 6701,
        "FF": 8010,
        "DSP": 20,
        "BRAM": 0,
        "CP": 6.9,
        "PWR": 0.31
    }
}