{
    "LATENCY": {
        "best_latency": 41986,
        "worst_latency": 41986,
        "average_latency": 41986,
        "best_time_latency": "0.420 ms",
        "worst_time_latency": "0.420 ms",
        "average_time_latency": "0.420 ms",
        "min_interval": 41987,
        "max_interval": 41987,
        "Latency": 41986
    },
    "HLS": {
        "LUT": 8661,
        "FF": 1290,
        "DSP": 22,
        "BRAM": 0,
        "URAM": 0,
        "CP": 7.259
    },
    "IMPL": {
        "LUT": 978,
        "FF": 575,
        "DSP": 21,
        "BRAM": 0,
        "CP": 7.007,
        "PWR": 0.283
    }
}