{
    "LATENCY": {
        "best_latency": 29423,
        "worst_latency": 29423,
        "average_latency": 29423,
        "best_time_latency": "0.294 ms",
        "worst_time_latency": "0.294 ms",
        "average_time_latency": "0.294 ms",
        "min_interval": 29424,
        "max_interval": 29424,
        "Latency": 29423
    },
    "HLS": {
        "LUT": 6026,
        "FF": 1579,
        "DSP": 6,
        "BRAM": 0,
        "URAM": 0,
        "CP": 6.822
    },
    "IMPL": {
        "LUT": 1989,
        "FF": 1275,
        "DSP": 11,
        "BRAM": 0,
        "CP": 5.071,
        "PWR": 0.283
    }
}